Session,Date,O_RTH,H_RTH,L_RTH,C_RTH,HOD_Time,LOD_Time,Extreme_First,PUV_Points,PDV_Points,PUV_Percent,PDV_Percent,RTH_Range_Points,Calendar_Days_Since_Previous_Complete,ATR_Sequence_Reset,Previous_Complete_RTH_Close,TR_RTH,ATR14_Previous,ATR14_End,PUV_ATR,PDV_ATR,RTH_Volume,Bar_Count,Duplicate_Bars
1,2010-06-07,1668.25,1672.25,1650.25,1651.25,10:13:00,16:00:00,HOD_FIRST,4,18,0.23977222,1.07897497,22,,0,,22,,,,,1830018,390,0
2,2010-06-14,1701.75,1707.75,1690.25,1691.5,11:22:00,15:59:00,HOD_FIRST,6,11.5,0.35257823,0.67577494,17.5,7,1,,17.5,,,,,1647230,390,0
3,2010-06-21,1732.5,1733.5,1709.25,1715,09:31:00,15:44:00,HOD_FIRST,1,23.25,0.05772006,1.34199134,24.25,7,1,,24.25,,,,,1733121,390,0
4,2010-06-28,1681.5,1684.5,1672.5,1676,11:43:00,09:57:00,LOD_FIRST,3,9,0.17841213,0.5352364,12,7,1,,12,,,,,1330939,390,0
5,2010-07-06,1637.25,1644.5,1619.5,1629.75,10:15:00,15:25:00,HOD_FIRST,7.25,17.75,0.4428157,1.08413498,25,8,1,,25,,,,,1870564,390,0
6,2010-07-12,1677,1683.25,1672.5,1681.25,09:47:00,11:10:00,HOD_FIRST,6.25,4.5,0.37268933,0.26833631,10.75,6,0,1629.75,53.5,,,,,1152581,390,0
7,2010-07-19,1671.25,1677,1663,1674.25,15:11:00,10:52:00,LOD_FIRST,5.75,8.25,0.34405385,0.49364248,14,7,1,,14,,,,,1401713,390,0
8,2010-07-26,1706.75,1717.75,1703.75,1716.75,15:55:00,09:42:00,LOD_FIRST,11,3,0.64449978,0.17577267,14,7,1,,14,,,,,1209818,390,0
9,2010-08-02,1720.5,1730.25,1716.25,1728.25,15:37:00,09:43:00,LOD_FIRST,9.75,4.25,0.56669573,0.24702121,14,7,1,,14,,,,,1277755,390,0
10,2010-08-09,1729.75,1732.75,1724,1730.5,14:51:00,09:57:00,LOD_FIRST,3,5.75,0.17343547,0.33241798,8.75,7,1,,8.75,,,,,773361,390,0
11,2010-08-16,1676.25,1686.75,1672.25,1683.5,12:36:00,09:33:00,LOD_FIRST,10.5,4,0.62639821,0.23862789,14.5,7,1,,14.5,,,,,1249653,390,0
12,2010-08-23,1680.75,1686.25,1671,1671.75,09:51:00,15:59:00,HOD_FIRST,5.5,9.75,0.32723487,0.58009817,15.25,7,1,,15.25,,,,,1265330,390,0
13,2010-08-30,1666.25,1669.5,1653.25,1653.75,09:46:00,16:00:00,HOD_FIRST,3.25,13,0.19504876,0.78019505,16.25,7,1,,16.25,,,,,1127576,390,0
14,2010-09-07,1704,1705.5,1695.75,1697.25,09:45:00,15:56:00,HOD_FIRST,1.5,8.25,0.08802817,0.48415493,9.75,8,1,,9.75,,,,,1194109,390,0
15,2010-09-13,1726,1729.75,1721.5,1727.75,10:49:00,12:24:00,HOD_FIRST,3.75,4.5,0.21726535,0.26071842,8.25,6,0,1697.25,32.5,,,,,1165175,390,0
16,2010-09-20,1734.75,1751,1732,1748.5,15:54:00,09:46:00,LOD_FIRST,16.25,2.75,0.9367344,0.15852428,19,7,1,,19,,,,,1461188,390,0
17,2010-09-27,1754.75,1756,1747.75,1749,14:44:00,15:56:00,HOD_FIRST,1.25,7,0.07123522,0.39891722,8.25,7,1,,8.25,,,,,1035820,390,0
18,2010-10-04,1749.75,1754.75,1737.75,1743.5,09:45:00,12:09:00,HOD_FIRST,5,12,0.28575511,0.68581226,17,7,1,,17,,,,,1497771,390,0
19,2010-10-11,1773.5,1775.75,1768.5,1772.75,10:31:00,15:42:00,HOD_FIRST,2.25,5,0.12686778,0.28192839,7.25,7,1,,7.25,,,,,810614,390,0
20,2010-10-18,1783.5,1793,1781.25,1791.5,15:10:00,09:36:00,LOD_FIRST,9.5,2.25,0.5326605,0.12615643,11.75,7,1,,11.75,,,,,1096814,390,0
21,2010-10-25,1797.5,1803.75,1792,1793,10:01:00,15:48:00,HOD_FIRST,6.25,5.5,0.34770515,0.30598053,11.75,7,1,,11.75,,,,,1441523,390,0
22,2010-11-01,1797,1803.5,1784.5,1791.75,10:06:00,15:16:00,HOD_FIRST,6.5,12.5,0.36171397,0.69560378,19,7,1,,19,,,,,1662424,390,0
23,2010-11-08,1829.5,1832.75,1825.5,1831.25,15:46:00,11:03:00,LOD_FIRST,3.25,4,0.17764417,0.21863897,7.25,7,1,,7.25,,,,,1191185,390,0
24,2010-11-15,1811.75,1816.5,1805.5,1806,11:50:00,15:54:00,HOD_FIRST,4.75,6.25,0.26217745,0.34497033,11,7,1,,11,,,,,1663403,390,0
25,2010-11-22,1802.75,1808.25,1793.25,1807.25,09:59:00,12:50:00,HOD_FIRST,5.5,9.5,0.30508945,0.52697268,15,7,1,,15,,,,,1757442,390,0
26,2010-11-29,1790.5,1800.75,1783,1797.5,15:48:00,10:05:00,LOD_FIRST,10.25,7.5,0.57246579,0.41887741,17.75,7,1,,17.75,,,,,1931226,390,0
27,2010-12-06,1832,1836.25,1830.75,1833,15:44:00,09:53:00,LOD_FIRST,4.25,1.25,0.2319869,0.06823144,5.5,7,1,,5.5,,,,,993606,390,0
28,2010-12-13,1856.25,1857.75,1851,1851.25,14:07:00,15:58:00,HOD_FIRST,1.5,5.25,0.08080808,0.28282828,6.75,7,1,,6.75,,,,,1170670,390,0
29,2010-12-20,1858.75,1861.5,1852,1858,14:12:00,11:11:00,LOD_FIRST,2.75,6.75,0.14794889,0.36314728,9.5,7,1,,9.5,,,,,923169,390,0
30,2010-12-27,1863.25,1870,1862.75,1868.75,15:44:00,09:33:00,LOD_FIRST,6.75,0.5,0.36227023,0.02683483,7.25,7,1,,7.25,,,,,440495,390,0
31,2011-01-03,1879,1888.25,1878.5,1882.5,11:40:00,09:31:00,LOD_FIRST,9.25,0.5,0.49228313,0.0266099,9.75,7,1,,9.75,,,,,1283579,390,0
32,2011-01-10,1878,1883.75,1873.75,1882,15:28:00,10:00:00,LOD_FIRST,5.75,4.25,0.30617678,0.22630458,10,7,1,,10,,,,,1590400,390,0
33,2011-01-18,1903.5,1908.25,1902.25,1907.5,15:41:00,09:55:00,LOD_FIRST,4.75,1.25,0.24954032,0.06566851,6,8,1,,6,,,,,1154293,390,0
34,2011-01-24,1894.75,1904.5,1894.5,1903.25,14:17:00,09:31:00,LOD_FIRST,9.75,0.25,0.51457976,0.01319435,10,6,0,1907.5,13,,,,,1351658,390,0
35,2011-01-31,1892.25,1899.5,1889,1898.5,12:29:00,10:01:00,LOD_FIRST,7.25,3.25,0.38314176,0.1717532,10.5,7,1,,10.5,,,,,1827541,390,0
36,2011-02-07,1926.25,1935.75,1925.75,1931.25,11:41:00,09:31:00,LOD_FIRST,9.5,0.5,0.49318624,0.02595717,10,7,1,,10,,,,,1234509,390,0
37,2011-02-14,1941.75,1947,1940.25,1945.5,15:48:00,10:49:00,LOD_FIRST,5.25,1.5,0.27037466,0.0772499,6.75,7,1,,6.75,,,,,915631,390,0
38,2011-02-22,1942.25,1950.25,1926,1929.75,10:17:00,15:28:00,HOD_FIRST,8,16.25,0.41189342,0.83665851,24.25,8,1,,24.25,,,,,2434596,390,0
39,2011-02-28,1939.5,1944.75,1935,1943,10:23:00,14:04:00,HOD_FIRST,5.25,4.5,0.27068832,0.23201856,9.75,6,0,1929.75,15,,,,,1382948,390,0
40,2011-03-07,1940,1943,1918.5,1925.5,09:41:00,13:11:00,HOD_FIRST,3,21.5,0.15463918,1.10824742,24.5,7,1,,24.5,,,,,2199482,390,0
41,2011-03-14,1911.25,1916,1901.75,1912.25,10:03:00,12:41:00,HOD_FIRST,4.75,9.5,0.24852845,0.4970569,14.25,7,1,,14.25,,,,,1914192,390,0
42,2011-03-15,1877,1904.5,1876,1897.5,15:44:00,09:36:00,LOD_FIRST,27.5,1,1.46510389,0.05327651,28.5,1,0,1912.25,36.25,,,,,2439206,390,0
43,2011-03-21,1910.25,1917,1908.5,1913.75,10:08:00,09:33:00,LOD_FIRST,6.75,1.75,0.35335689,0.09161105,8.5,6,0,1897.5,19.5,,,,,1090418,390,0
44,2011-03-22,1913.75,1915.5,1908.25,1909.75,09:38:00,14:20:00,HOD_FIRST,1.75,5.5,0.0914435,0.28739386,7.25,1,0,1913.75,7.25,,,,,1169089,390,0
45,2011-03-25,1928.75,1935.25,1926,1929,12:16:00,09:42:00,LOD_FIRST,6.5,2.75,0.33700583,0.14257939,9.25,3,0,1909.75,25.5,,,,,1328059,390,0
46,2011-03-28,1932.25,1936,1926,1926.25,10:39:00,15:59:00,HOD_FIRST,3.75,6.25,0.19407427,0.32345711,10,3,0,1929,10,,,,,977850,390,0
47,2011-03-31,1942.5,1946.5,1941.25,1942.5,10:38:00,11:36:00,HOD_FIRST,4,1.25,0.20592021,0.06435006,5.25,3,0,1926.25,20.25,,,,,1159995,390,0
48,2011-04-04,1951,1953.5,1945.5,1949.25,09:41:00,13:53:00,HOD_FIRST,2.5,5.5,0.12813942,0.28190671,8,4,0,1942.5,11,,,,,1020082,390,0
49,2011-04-11,1946.5,1951,1937.75,1940.75,09:51:00,15:16:00,HOD_FIRST,4.5,8.75,0.23118418,0.44952479,13.25,7,1,,13.25,,,,,1258851,390,0
50,2011-04-14,1923.5,1934,1919,1932,15:18:00,09:51:00,LOD_FIRST,10.5,4.5,0.54587991,0.23394853,15,3,0,1940.75,21.75,,,,,1592807,390,0
51,2011-04-15,1934.25,1940,1930.25,1937,13:01:00,09:48:00,LOD_FIRST,5.75,4,0.29727284,0.2067985,9.75,1,0,1932,9.75,,,,,1192134,390,0
52,2011-04-18,1922,1924.5,1911,1921.75,15:21:00,11:06:00,LOD_FIRST,2.5,11,0.13007284,0.5723205,13.5,3,0,1937,26,,,,,1708481,390,0
53,2011-04-19,1924,1929.75,1920.5,1929,15:54:00,11:26:00,LOD_FIRST,5.75,3.5,0.29885655,0.18191268,9.25,1,0,1921.75,9.25,,,,,1183768,390,0
54,2011-04-20,1945,1950.25,1944,1947.75,10:19:00,09:53:00,LOD_FIRST,5.25,1,0.26992288,0.05141388,6.25,1,0,1929,21.25,,,,,1355792,390,0
55,2011-04-25,1952.75,1954.75,1948,1952.25,09:51:00,11:12:00,HOD_FIRST,2,4.75,0.10241966,0.2432467,6.75,5,0,1947.75,7,,,,,479226,390,0
56,2011-05-02,1986.5,1988,1975.5,1978.25,10:31:00,15:44:00,HOD_FIRST,1.5,11,0.07550969,0.55373773,12.5,7,1,,12.5,,,,,1394757,390,0
57,2011-05-05,1956.75,1965.5,1946,1952.25,12:05:00,15:30:00,HOD_FIRST,8.75,10.75,0.44717005,0.54938035,19.5,3,0,1978.25,32.25,,,,,2388389,390,0
58,2011-05-06,1965.25,1972.5,1952.5,1957.75,11:20:00,14:38:00,HOD_FIRST,7.25,12.75,0.36890981,0.64877242,20,1,0,1952.25,20.25,,,,,2130540,390,0
59,2011-05-09,1957.75,1967,1955.5,1963,12:18:00,10:49:00,LOD_FIRST,9.25,2.25,0.47248116,0.11492785,11.5,3,0,1957.75,11.5,,,,,1305057,390,0
60,2011-05-16,1951.75,1962,1945.5,1947.75,11:07:00,15:48:00,HOD_FIRST,10.25,6.25,0.52516972,0.32022544,16.5,7,1,,16.5,,,,,1789816,390,0
61,2011-05-24,1940.25,1943.25,1932.5,1935.25,10:01:00,13:36:00,HOD_FIRST,3,7.75,0.15461925,0.39943306,10.75,8,1,,10.75,,,,,1512432,390,0
62,2011-05-25,1929.75,1945.25,1929.5,1939.25,15:13:00,09:31:00,LOD_FIRST,15.5,0.25,0.80321285,0.01295505,15.75,1,0,1935.25,15.75,,,,,1583196,390,0
63,2011-05-31,1963.25,1965,1954,1964.75,16:00:00,12:35:00,LOD_FIRST,1.75,9.25,0.08913791,0.47115752,11,6,0,1939.25,25.75,,,,,1441002,390,0
64,2011-06-02,1935.25,1937.75,1925,1932.5,09:37:00,11:50:00,HOD_FIRST,2.5,10.25,0.12918228,0.52964733,12.75,2,0,1964.75,39.75,,,,,2022784,390,0
65,2011-06-06,1916.5,1919,1904,1906,09:36:00,15:13:00,HOD_FIRST,2.5,12.5,0.13044613,0.65223063,15,4,0,1932.5,28.5,,,,,1745286,390,0
66,2011-06-08,1903,1907.25,1897,1899.5,11:08:00,15:36:00,HOD_FIRST,4.25,6,0.22333158,0.31529164,10.25,2,0,1906,10.25,,,,,1988978,390,0
67,2011-06-09,1903,1914.75,1899.75,1909,15:00:00,09:38:00,LOD_FIRST,11.75,3.25,0.61744614,0.17078297,15,1,0,1899.5,15.25,,,,,913462,390,0
68,2011-06-10,1903.75,1904.75,1887.75,1890.5,09:31:00,13:48:00,HOD_FIRST,1,16,0.05252791,0.84044649,17,1,0,1909,21.25,,,,,789902,390,0
69,2011-06-13,1894,1897.75,1885.5,1892.25,14:08:00,13:08:00,LOD_FIRST,3.75,8.5,0.19799366,0.44878564,12.25,3,0,1890.5,12.25,,,,,1805499,390,0
70,2011-06-20,1887.75,1901.25,1887.25,1898.75,12:02:00,09:31:00,LOD_FIRST,13.5,0.5,0.71513707,0.02648656,14,7,1,,14,,,,,1300484,390,0
71,2011-06-27,1890.25,1906,1887.75,1900.75,14:49:00,09:37:00,LOD_FIRST,15.75,2.5,0.83322312,0.13225764,18.25,7,1,,18.25,,,,,1600099,390,0
72,2011-07-05,1959,1962.25,1955.25,1959.25,13:56:00,11:07:00,LOD_FIRST,3.25,3.75,0.16590097,0.1914242,7,8,1,,7,,,,,1256583,390,0
73,2011-07-11,1949,1953,1937.75,1941,09:57:00,15:53:00,HOD_FIRST,4,11.25,0.20523345,0.57721909,15.25,6,0,1959.25,21.5,,,,,1881901,390,0
74,2011-07-18,1932.25,1934,1917.25,1927,09:42:00,11:59:00,HOD_FIRST,1.75,15,0.09056799,0.77629706,16.75,7,1,,16.75,,,,,1754298,390,0
75,2011-07-25,1954.25,1966.25,1952.75,1959.75,13:07:00,09:43:00,LOD_FIRST,12,1.5,0.61404631,0.07675579,13.5,7,1,,13.5,,,,,1265188,390,0
76,2011-08-01,1929.25,1930.75,1896.25,1908.75,09:33:00,12:22:00,HOD_FIRST,1.5,33,0.07775042,1.71050927,34.5,7,1,,34.5,,,,,2525235,390,0
77,2011-08-08,1790,1804.25,1740.75,1743,09:38:00,14:26:00,HOD_FIRST,14.25,49.25,0.79608939,2.75139665,63.5,7,1,,63.5,,,,,4885520,390,0
78,2011-08-15,1812.5,1827.75,1810.5,1827.25,15:58:00,11:33:00,LOD_FIRST,15.25,2,0.84137931,0.11034483,17.25,7,1,,17.25,,,,,1611522,390,0
79,2011-08-22,1772,1772.5,1744.5,1748,09:31:00,15:54:00,HOD_FIRST,0.5,27.5,0.0282167,1.55191874,28,7,1,,28,,,,,2070914,390,0
80,2011-08-29,1815.75,1834.5,1815,1834,15:59:00,09:31:00,LOD_FIRST,18.75,0.75,1.03263114,0.04130525,19.5,7,1,,19.5,,,,,1478712,390,0
81,2011-09-06,1764,1792,1764,1790.5,15:59:00,09:31:00,LOD_FIRST,28,0,1.58730159,0,28,8,1,,28,,,,,2414423,390,0
82,2011-09-12,1765,1788,1760.5,1787.5,15:54:00,14:14:00,LOD_FIRST,23,4.5,1.30311615,0.25495751,27.5,6,0,1790.5,30,,,,,2422139,390,0
83,2011-09-19,1821.25,1835.5,1813.25,1829.5,15:40:00,10:17:00,LOD_FIRST,14.25,8,0.78242965,0.43925875,22.25,7,1,,22.25,,,,,1963929,390,0
84,2011-09-26,1772,1790,1755.5,1788,15:58:00,10:41:00,LOD_FIRST,18,16.5,1.01580135,0.93115124,34.5,7,1,,34.5,,,,,2266937,390,0
85,2011-10-03,1750.25,1765.25,1723.75,1724.5,10:15:00,16:00:00,HOD_FIRST,15,26.5,0.85702043,1.51406942,41.5,7,1,,41.5,,,,,2867087,390,0
86,2011-10-10,1802.75,1822.25,1802.5,1822,16:00:00,09:31:00,LOD_FIRST,19.5,0.25,1.08168077,0.0138677,19.75,7,1,,19.75,,,,,1344550,390,0
87,2011-10-17,1846.25,1847,1825.25,1828.25,09:34:00,15:59:00,HOD_FIRST,0.75,21,0.04062288,1.13744076,21.75,7,1,,21.75,,,,,1814265,390,0
88,2011-10-24,1867.75,1884.25,1866.75,1881,13:50:00,09:32:00,LOD_FIRST,16.5,1,0.88341587,0.05354036,17.5,7,1,,17.5,,,,,1594507,390,0
89,2011-10-31,1898.25,1899.25,1879.75,1880,09:33:00,16:00:00,HOD_FIRST,1,18.5,0.0526801,0.97458185,19.5,7,1,,19.5,,,,,1745534,390,0
90,2011-11-07,1880.25,1890.25,1868.25,1889.25,15:54:00,12:32:00,LOD_FIRST,10,12,0.53184417,0.638213,22,7,1,,22,,,,,1529611,390,0
91,2011-11-14,1888,1890,1875.25,1881,09:41:00,15:00:00,HOD_FIRST,2,12.75,0.1059322,0.6753178,14.75,7,1,,14.75,,,,,1406482,390,0
92,2011-11-21,1827.75,1829.5,1812.25,1822.25,09:32:00,11:46:00,HOD_FIRST,1.75,15.5,0.09574614,0.8480372,17.25,7,1,,17.25,,,,,1865173,390,0
93,2011-11-28,1821.25,1828,1814.25,1823,10:37:00,15:17:00,HOD_FIRST,6.75,7,0.37062457,0.38435141,13.75,7,1,,13.75,,,,,1760208,390,0
94,2011-12-05,1894.5,1898,1880.5,1888.25,12:56:00,15:17:00,HOD_FIRST,3.5,14,0.18474532,0.73898126,17.5,7,1,,17.5,,,,,1899814,390,0
95,2011-12-12,1876,1876,1857.75,1868,09:31:00,11:57:00,HOD_FIRST,0,18.25,0,0.9728145,18.25,7,1,,18.25,,,,,1669656,390,0
96,2011-12-19,1853.5,1856.25,1833.25,1836.25,09:34:00,15:53:00,HOD_FIRST,2.75,20.25,0.14836795,1.09252765,23,7,1,,23,,,,,1322971,390,0
97,2011-12-27,1895.25,1901.75,1894,1898.5,10:01:00,09:37:00,LOD_FIRST,6.5,1.25,0.34296267,0.06595436,7.75,8,1,,7.75,,,,,423783,390,0
98,2012-01-03,1911.25,1917.5,1908,1909.25,10:22:00,12:51:00,HOD_FIRST,6.25,3.25,0.32701112,0.17004578,9.5,7,1,,9.5,,,,,1288546,390,0
99,2012-01-09,1913.25,1915,1907.25,1913,10:31:00,11:19:00,HOD_FIRST,1.75,6,0.0914674,0.31360251,7.75,6,0,1909.25,7.75,,,,,1115103,390,0
100,2012-01-17,1934.25,1936.75,1923.75,1926.5,09:51:00,15:18:00,HOD_FIRST,2.5,10.5,0.12924906,0.54284606,13,8,1,,13,,,,,1282753,390,0
101,2012-01-23,1948.5,1956,1943,1949.5,10:18:00,12:09:00,HOD_FIRST,7.5,5.5,0.38491147,0.28226841,13,6,0,1926.5,29.5,,,,,1292332,390,0
102,2012-01-30,1938.5,1947.75,1933.75,1946.75,14:46:00,10:14:00,LOD_FIRST,9.25,4.75,0.47717307,0.24503482,14,7,1,,14,,,,,1358884,390,0
103,2012-02-06,1973,1978.25,1971.5,1977.75,15:57:00,09:36:00,LOD_FIRST,5.25,1.5,0.26609225,0.07602636,6.75,7,1,,6.75,,,,,890474,390,0
104,2012-02-13,1986.5,1988.5,1980.5,1986.5,14:41:00,10:46:00,LOD_FIRST,2,6,0.10067959,0.30203876,8,7,1,,8,,,,,896042,390,0
105,2012-02-21,2000.25,2003.5,1993.5,1997.75,12:06:00,14:56:00,HOD_FIRST,3.25,6.75,0.16247969,0.33745782,10,8,1,,10,,,,,1037709,390,0
106,2012-02-27,1993.25,2008.5,1990.75,2004.25,15:03:00,09:46:00,LOD_FIRST,15.25,2.5,0.76508215,0.1254233,17.75,6,0,1997.75,17.75,,,,,1372364,390,0
107,2012-03-05,2003.75,2005,1995.75,2000.75,10:04:00,11:18:00,HOD_FIRST,1.25,8,0.06238303,0.3992514,9.25,7,1,,9.25,,,,,1195368,390,0
108,2012-03-12,2008.25,2010.5,2003.75,2008.75,09:43:00,12:02:00,HOD_FIRST,2.25,4.5,0.11203784,0.22407569,6.75,7,1,,6.75,,,,,211067,390,0
109,2012-03-19,2041.75,2052,2040.25,2047.75,13:24:00,09:33:00,LOD_FIRST,10.25,1.5,0.50202033,0.07346639,11.75,7,1,,11.75,,,,,1214257,390,0
110,2012-03-26,2045.75,2055.25,2045.25,2055.25,16:00:00,09:31:00,LOD_FIRST,9.5,0.5,0.46437737,0.02444091,10,7,1,,10,,,,,985363,390,0
111,2012-04-02,2045.75,2061.75,2043,2057.25,15:01:00,09:37:00,LOD_FIRST,16,2.75,0.78210925,0.13442503,18.75,7,1,,18.75,,,,,1336306,390,0
112,2012-04-09,2019.25,2026.75,2017.25,2021.25,14:57:00,09:52:00,LOD_FIRST,7.5,2,0.37142503,0.09904668,9.5,7,1,,9.5,,,,,869289,390,0
113,2012-04-16,2017.5,2019.25,2004.75,2009,09:34:00,10:18:00,HOD_FIRST,1.75,12.75,0.08674102,0.63197026,14.5,7,1,,14.5,,,,,1521192,390,0
114,2012-04-23,2004,2008,1998,2006.75,14:34:00,10:10:00,LOD_FIRST,4,6,0.1996008,0.2994012,10,7,1,,10,,,,,1451935,390,0
115,2012-04-30,2040.25,2041,2033.75,2037,09:32:00,14:37:00,HOD_FIRST,0.75,6.5,0.0367602,0.31858841,7.25,7,1,,7.25,,,,,1004361,390,0
116,2012-05-07,2004,2014.25,2003.25,2009.5,13:55:00,09:31:00,LOD_FIRST,10.25,0.75,0.51147705,0.03742515,11,7,1,,11,,,,,1172826,390,0
117,2012-05-14,1981.5,1988.75,1977.25,1980,13:54:00,10:13:00,LOD_FIRST,7.25,4.25,0.36588443,0.21448398,11.5,7,1,,11.5,,,,,1447905,390,0
118,2012-05-21,1940,1958.5,1937.75,1958,15:58:00,09:55:00,LOD_FIRST,18.5,2.25,0.95360825,0.11597938,20.75,7,1,,20.75,,,,,1572298,390,0
119,2012-05-29,1970,1977.75,1965.5,1975.5,10:32:00,13:32:00,HOD_FIRST,7.75,4.5,0.39340102,0.2284264,12.25,8,1,,12.25,,,,,1664488,390,0
120,2012-06-04,1921.75,1925.5,1909.25,1919.75,09:36:00,13:26:00,HOD_FIRST,3.75,12.5,0.19513464,0.65044881,16.25,6,0,1975.5,66.25,,,,,1741530,390,0
121,2012-06-11,1979.75,1980.75,1951,1953,09:31:00,16:00:00,HOD_FIRST,1,28.75,0.05051143,1.45220356,29.75,7,1,,29.75,,,,,342724,390,0
122,2012-06-18,1980.5,1992,1977.5,1988.75,14:24:00,09:34:00,LOD_FIRST,11.5,3,0.58066145,0.1514769,14.5,7,1,,14.5,,,,,1509742,390,0
123,2012-06-25,1965,1965.75,1952.75,1957.25,09:31:00,12:01:00,HOD_FIRST,0.75,12.25,0.03816794,0.62340967,13,7,1,,13,,,,,1433177,390,0
124,2012-07-02,2009.5,2011.25,1999.75,2009,09:48:00,11:12:00,HOD_FIRST,1.75,9.75,0.08708634,0.48519532,11.5,7,1,,11.5,,,,,1316438,390,0
125,2012-07-05,2013.75,2018.5,2007.25,2012.75,14:06:00,10:08:00,LOD_FIRST,4.75,6.5,0.23587834,0.32278088,11.25,3,0,2009,11.25,,,,,1248634,390,0
126,2012-07-09,1998,1999.75,1991.25,1997.5,09:34:00,12:00:00,HOD_FIRST,1.75,6.75,0.08758759,0.33783784,8.5,4,0,2012.75,21.5,,,,,1171984,390,0
127,2012-07-16,1998.5,2002.75,1993.25,1998.5,11:20:00,10:06:00,LOD_FIRST,4.25,5.25,0.21265949,0.26269702,9.5,7,1,,9.5,,,,,1307653,390,0
128,2012-07-23,1988.75,1998.75,1982.25,1995.25,15:31:00,09:51:00,LOD_FIRST,10,6.5,0.50282841,0.32683847,16.5,7,1,,16.5,,,,,1574921,390,0
129,2012-07-30,2029.5,2037.75,2026.75,2031.25,10:26:00,12:17:00,HOD_FIRST,8.25,2.75,0.40650407,0.13550136,11,7,1,,11,,,,,1170725,390,0
130,2012-08-06,2041.5,2046,2039.75,2040.5,10:31:00,16:00:00,HOD_FIRST,4.5,1.75,0.22042616,0.08572128,6.25,7,1,,6.25,,,,,906234,390,0
131,2012-08-13,2050,2052.5,2044.5,2052,09:54:00,11:06:00,HOD_FIRST,2.5,5.5,0.12195122,0.26829268,8,7,1,,8,,,,,964047,390,0
132,2012-08-20,2063.5,2066.25,2059.75,2065.75,16:00:00,10:25:00,LOD_FIRST,2.75,3.75,0.13326872,0.18173007,6.5,7,1,,6.5,,,,,853462,390,0
133,2012-08-21,2069.25,2075,2058.25,2061.75,10:41:00,15:17:00,HOD_FIRST,5.75,11,0.27787846,0.53159357,16.75,1,0,2065.75,16.75,,,,,1441268,390,0
134,2012-08-22,2058,2064.5,2054.5,2062,15:11:00,12:39:00,LOD_FIRST,6.5,3.5,0.31584062,0.17006803,10,1,0,2061.75,10,,,,,1368355,390,0
135,2012-08-23,2058.5,2058.75,2048.25,2051,09:31:00,13:26:00,HOD_FIRST,0.25,10.25,0.01214477,0.49793539,10.5,1,0,2062,13.75,,,,,1225545,390,0
136,2012-08-24,2046.75,2062.25,2045.75,2059,15:46:00,10:00:00,LOD_FIRST,15.5,1,0.75729816,0.04885795,16.5,1,0,2051,16.5,,,,,1253446,390,0
137,2012-08-27,2062.75,2064.75,2057.25,2059,11:31:00,15:56:00,HOD_FIRST,2,5.5,0.09695794,0.26663435,7.5,3,0,2059,7.5,,,,,720968,390,0
138,2012-08-28,2055.5,2062.25,2053.5,2058,10:31:00,10:01:00,LOD_FIRST,6.75,2,0.32838725,0.09729993,8.75,1,0,2059,8.75,,,,,941619,390,0
139,2012-08-29,2059,2062.75,2055,2058.75,13:44:00,10:58:00,LOD_FIRST,3.75,4,0.18212725,0.19426906,7.75,1,0,2058,7.75,,,,,733251,390,0
140,2012-08-31,2056.75,2062,2047.25,2055.25,11:05:00,10:11:00,LOD_FIRST,5.25,9.5,0.25525708,0.46189376,14.75,2,0,2058.75,14.75,,,,,1642483,390,0
141,2012-09-04,2054,2058.5,2044.75,2053.25,14:39:00,10:58:00,LOD_FIRST,4.5,9.25,0.21908471,0.4503408,13.75,4,0,2055.25,13.75,,,,,1224484,390,0
142,2012-09-05,2054.5,2058.5,2050,2052.75,10:31:00,09:46:00,LOD_FIRST,4,4.5,0.19469457,0.21903139,8.5,1,0,2053.25,8.5,,,,,1024359,390,0
143,2012-09-06,2061.25,2081.5,2061,2081.25,16:00:00,09:31:00,LOD_FIRST,20.25,0.25,0.98241358,0.01212856,20.5,1,0,2052.75,28.75,,,,,1466456,390,0
144,2012-09-07,2083.75,2087.25,2082.5,2087.25,16:00:00,09:31:00,LOD_FIRST,3.5,1.25,0.16796641,0.059988,4.75,1,0,2081.25,6,,,,,898032,390,0
145,2012-09-10,2085.75,2088.25,2078.5,2079,10:25:00,15:57:00,HOD_FIRST,2.5,7.25,0.11986096,0.34759679,9.75,3,0,2087.25,9.75,,12.07142857,,,800208,390,0
146,2012-09-11,2079.75,2087.75,2079.25,2082.5,11:30:00,09:34:00,LOD_FIRST,8,0.5,0.38466162,0.02404135,8.5,1,0,2079,8.75,12.07142857,11.83418367,0.66272189,0.04142012,876995,390,0
147,2012-09-12,2087.5,2089.25,2082.75,2087,09:45:00,15:13:00,HOD_FIRST,1.75,4.75,0.08383234,0.22754491,6.5,1,0,2082.5,6.75,11.83418367,11.4710277,0.1478767,0.40137961,1024306,390,0
148,2012-09-13,2087.5,2114.5,2085.25,2110.5,14:28:00,09:52:00,LOD_FIRST,27,2.25,1.29341317,0.10778443,29.25,1,0,2087,29.25,11.4710277,12.74095429,2.35375598,0.19614633,1772067,390,0
149,2012-09-14,2112.75,2125,2111.5,2116.25,10:22:00,15:47:00,HOD_FIRST,12.25,1.25,0.57981304,0.0591646,13.5,1,0,2110.5,14.5,12.74095429,12.86660041,0.96146644,0.09810882,505804,390,0
150,2012-09-17,2113.5,2116.25,2107.75,2111.75,09:38:00,15:35:00,HOD_FIRST,2.75,5.75,0.13011592,0.27206056,8.5,3,0,2116.25,8.5,12.86660041,12.55470038,0.21373167,0.44689349,924642,390,0
151,2012-09-18,2109.25,2112.5,2106.75,2110.5,11:20:00,09:39:00,LOD_FIRST,3.25,2.5,0.1540832,0.11852554,5.75,1,0,2111.75,5.75,12.55470038,12.06865036,0.25886719,0.19912861,904683,390,0
152,2012-09-19,2112.5,2116.25,2108.5,2111.5,12:29:00,09:55:00,LOD_FIRST,3.75,4,0.17751479,0.18934911,7.75,1,0,2110.5,7.75,12.06865036,11.76017533,0.3107224,0.33143723,1004552,390,0
153,2012-09-20,2105,2112.25,2100.75,2111.25,15:24:00,09:55:00,LOD_FIRST,7.25,4.25,0.34441805,0.20190024,11.5,1,0,2111.5,11.5,11.76017533,11.74159138,0.61648741,0.36138917,1197725,390,0
154,2012-09-21,2118.5,2118.75,2109.75,2110.25,09:31:00,16:00:00,HOD_FIRST,0.25,8.75,0.0118008,0.41302809,9,1,0,2111.25,9,11.74159138,11.54576342,0.02129183,0.74521415,1075631,390,0
155,2012-09-24,2103.25,2111.75,2102,2108,14:51:00,09:32:00,LOD_FIRST,8.5,1.25,0.40413646,0.05943183,9.75,3,0,2110.25,9.75,11.54576342,11.41749461,0.73620078,0.10826482,964006,390,0
156,2012-09-25,2111.25,2114.25,2092.25,2093.25,11:02:00,15:58:00,HOD_FIRST,3,19,0.14209591,0.89994079,22,1,0,2108,22,11.41749461,12.17338785,0.26275467,1.66411289,1458960,390,0
157,2012-09-26,2092.5,2093,2081.25,2085,09:31:00,10:39:00,HOD_FIRST,0.5,11.25,0.02389486,0.53763441,11.75,1,0,2093.25,12,12.17338785,12.161003,0.0410732,0.92414701,1406241,390,0
158,2012-09-27,2090.75,2101.75,2087,2098.5,14:51:00,10:04:00,LOD_FIRST,11,3.75,0.52612699,0.17936147,14.75,1,0,2085,16.75,12.161003,12.4887885,0.90453065,0.30836272,1398112,390,0
159,2012-09-28,2092.75,2097.25,2086.25,2090.75,13:41:00,10:29:00,LOD_FIRST,4.5,6.5,0.21502807,0.31059611,11,1,0,2098.5,12.25,12.4887885,12.47173218,0.36032318,0.52046682,1641670,390,0
160,2012-10-01,2096.75,2108.75,2091.5,2094.5,10:09:00,15:28:00,HOD_FIRST,12,5.25,0.5723143,0.2503875,17.25,3,0,2090.75,18,12.47173218,12.86660845,0.96217589,0.42095195,1566010,390,0
161,2012-10-02,2100.5,2103,2089.5,2096.25,09:34:00,14:47:00,HOD_FIRST,2.5,11,0.11901928,0.52368484,13.5,1,0,2094.5,13.5,12.86660845,12.91185071,0.1943014,0.85492615,1294464,390,0
162,2012-10-03,2100.5,2106,2092.75,2102.5,12:35:00,10:04:00,LOD_FIRST,5.5,7.75,0.26184242,0.36895977,13.25,1,0,2096.25,13.25,12.91185071,12.93600423,0.42596527,0.60022379,1215281,390,0
163,2012-10-04,2107.75,2115,2106,2113.5,10:12:00,09:36:00,LOD_FIRST,7.25,1.75,0.34396869,0.08302692,9,1,0,2102.5,12.5,12.93600423,12.90486107,0.56045127,0.13528134,1192543,390,0
164,2012-10-08,2107.5,2110.75,2104.75,2108,15:17:00,11:52:00,LOD_FIRST,3.25,2.75,0.15421115,0.13048636,6,4,0,2113.5,8.75,12.90486107,12.60808528,0.25184308,0.21309799,732652,390,0
165,2012-10-10,2093.5,2094.75,2082.25,2084.75,10:31:00,15:53:00,HOD_FIRST,1.25,11.25,0.05970862,0.5373776,12.5,2,0,2108,25.75,12.60808528,13.54679347,0.09914273,0.89228457,1363784,390,0
166,2012-10-15,2083.75,2093.75,2079.25,2092.25,15:57:00,10:31:00,LOD_FIRST,10,4.5,0.47990402,0.21595681,14.5,5,0,2084.75,14.5,13.54679347,13.61487965,0.73818207,0.33218193,1192728,390,0
167,2012-10-16,2099,2108,2098,2107.25,12:12:00,09:34:00,LOD_FIRST,9,1,0.42877561,0.04764173,10,1,0,2092.25,15.75,13.61487965,13.76738825,0.66104147,0.07344905,1218831,390,0
168,2012-10-17,2107.75,2115,2105.75,2113.5,12:25:00,09:36:00,LOD_FIRST,7.25,2,0.34396869,0.09488791,9.25,1,0,2107.25,9.25,13.76738825,13.44471766,0.52660678,0.14527084,1160353,390,0
169,2012-10-18,2110,2117,2105,2110.25,12:05:00,14:45:00,HOD_FIRST,7,5,0.33175355,0.23696682,12,1,0,2113.5,12,13.44471766,13.34152354,0.52065058,0.37189327,1500203,390,0
170,2012-10-19,2107.25,2107.5,2081.75,2084.75,09:31:00,14:30:00,HOD_FIRST,0.25,25.5,0.0118638,1.21010796,25.75,1,0,2110.25,28.5,13.34152354,14.42427186,0.01873849,1.91132594,2005527,390,0
171,2012-10-22,2083,2088,2074,2085.5,10:10:00,13:42:00,HOD_FIRST,5,9,0.24003841,0.43206913,14,3,0,2084.75,14,14.42427186,14.39396673,0.34663795,0.62394831,1423257,390,0
172,2012-10-23,2069.5,2071.75,2059.25,2065,15:02:00,10:40:00,LOD_FIRST,2.25,10.25,0.10872191,0.49528872,12.5,1,0,2085.5,26.25,14.39396673,15.24082625,0.15631549,0.71210391,1758532,390,0
173,2012-10-24,2070.25,2072,2059,2061.25,09:34:00,15:43:00,HOD_FIRST,1.75,11.25,0.08453085,0.54341263,13,1,0,2065,13,15.24082625,15.08076723,0.11482317,0.73814896,1354791,390,0
174,2012-10-25,2071.5,2074,2056.75,2065.25,09:33:00,11:51:00,HOD_FIRST,2.5,14.75,0.12068549,0.71204441,17.25,1,0,2061.25,17.25,15.08076723,15.23571243,0.16577406,0.97806695,1457352,390,0
175,2012-10-26,2064,2069.75,2054.75,2064,15:31:00,12:08:00,LOD_FIRST,5.75,9.25,0.27858527,0.44815891,15,1,0,2065.25,15,15.23571243,15.21887582,0.37740277,0.60712619,1469721,390,0
176,2012-10-31,2069.75,2071.75,2057.75,2063.25,09:51:00,12:33:00,HOD_FIRST,2,12,0.09663003,0.57978017,14,5,0,2064,14,15.21887582,15.13181327,0.13141575,0.78849451,1398820,390,0
177,2012-11-01,2067.25,2081.25,2066.25,2079.75,11:49:00,09:32:00,LOD_FIRST,14,1,0.6772282,0.04837344,15,1,0,2063.25,18,15.13181327,15.33668375,0.92520306,0.06608593,1302676,390,0
178,2012-11-02,2088,2088,2065,2066.5,09:31:00,15:47:00,HOD_FIRST,0,23,0,1.10153257,23,1,0,2079.75,23,15.33668375,15.88406348,0,1.49967231,1577420,390,0
179,2012-11-05,2064.25,2072.75,2060.25,2070,15:46:00,09:55:00,LOD_FIRST,8.5,4,0.41177183,0.19377498,12.5,3,0,2066.5,12.5,15.88406348,15.64234466,0.53512755,0.25182473,1104585,390,0
180,2012-11-07,2067.5,2068,2041.25,2048,09:31:00,11:32:00,HOD_FIRST,0.5,26.25,0.0241838,1.26964933,26.75,2,0,2070,28.75,15.64234466,16.57860576,0.03196452,1.67813717,2472861,390,0
181,2012-11-09,2027,2045.25,2026.25,2032.5,12:36:00,09:31:00,LOD_FIRST,18.25,0.75,0.90034534,0.03700049,19,2,0,2048,21.75,16.57860576,16.94799106,1.10081633,0.04523903,1924888,390,0
182,2012-11-12,2036.75,2039,2030.25,2033.5,13:19:00,11:19:00,LOD_FIRST,2.25,6.5,0.11047011,0.31913588,8.75,3,0,2032.5,8.75,16.94799106,16.36242027,0.1327591,0.38352628,879925,390,0
183,2012-11-19,2029.25,2042,2028.75,2041.5,16:00:00,09:31:00,LOD_FIRST,12.75,0.5,0.62831095,0.02463965,13.25,7,1,,13.25,,,,,1269824,390,0
184,2012-11-20,2039.75,2044.75,2031.25,2042.75,12:02:00,13:30:00,HOD_FIRST,5,8.5,0.24512808,0.41671774,13.5,1,0,2041.5,13.5,,,,,1196847,390,0
185,2012-11-26,2057,2061.75,2052.25,2061.5,16:00:00,11:26:00,LOD_FIRST,4.75,4.75,0.23091881,0.23091881,9.5,6,0,2042.75,19,,,,,932470,390,0
186,2012-11-28,2047.75,2066,2040.25,2065.25,15:59:00,10:10:00,LOD_FIRST,18.25,7.5,0.89122207,0.36625565,25.75,2,0,2061.5,25.75,,,,,1776444,390,0
187,2012-11-29,2070.25,2075.75,2064.25,2072,10:02:00,11:44:00,HOD_FIRST,5.5,6,0.2656684,0.28982007,11.5,1,0,2065.25,11.5,,,,,1509851,390,0
188,2012-12-03,2078.75,2080,2063.75,2065,09:33:00,15:20:00,HOD_FIRST,1.25,15,0.06013229,0.72158749,16.25,4,0,2072,16.25,,,,,1271561,390,0
189,2012-12-05,2064,2072,2054,2065,12:41:00,10:56:00,LOD_FIRST,8,10,0.3875969,0.48449612,18,2,0,2065,18,,,,,1713206,390,0
190,2012-12-06,2063.75,2070.75,2062,2069.75,16:00:00,10:22:00,LOD_FIRST,7,1.75,0.33918837,0.08479709,8.75,1,0,2065,8.75,,,,,1069399,390,0
191,2012-12-07,2075.75,2077.25,2066.75,2074.25,09:33:00,11:03:00,HOD_FIRST,1.5,9,0.07226304,0.43357822,10.5,1,0,2069.75,10.5,,,,,1291235,390,0
192,2012-12-10,2072.25,2078.25,2071.75,2075,10:59:00,09:31:00,LOD_FIRST,6,0.5,0.28954035,0.02412836,6.5,3,0,2074.25,6.5,,,,,815381,390,0
193,2012-12-11,2081,2091.5,2080,2084.5,11:23:00,09:31:00,LOD_FIRST,10.5,1,0.50456511,0.04805382,11.5,1,0,2075,16.5,,,,,1343120,390,0
194,2012-12-14,2073.5,2076.25,2068.75,2071,09:48:00,15:10:00,HOD_FIRST,2.75,4.75,0.13262599,0.22908126,7.5,3,0,2084.5,15.75,,,,,284640,390,0
195,2012-12-17,2075,2088.75,2074.5,2088.25,16:00:00,09:31:00,LOD_FIRST,13.75,0.5,0.6626506,0.02409639,14.25,3,0,2071,17.75,,,,,187633,390,0
196,2012-12-18,2090.5,2106.5,2088.25,2104.75,15:58:00,09:33:00,LOD_FIRST,16,2.25,0.76536714,0.10762975,18.25,1,0,2088.25,18.25,,15.08928571,,,1477284,390,0
197,2012-12-19,2106.75,2107.25,2094,2094.5,09:31:00,16:00:00,HOD_FIRST,0.5,12.75,0.02373324,0.60519758,13.25,1,0,2104.75,13.25,15.08928571,14.95790816,0.03313609,0.84497041,1331690,390,0
198,2012-12-20,2095.25,2102.5,2091.25,2101.75,16:00:00,10:00:00,LOD_FIRST,7.25,4,0.34602076,0.19090801,11.25,1,0,2094.5,11.25,14.95790816,14.69305758,0.48469344,0.26741707,1117521,390,0
199,2012-12-21,2081.75,2091.25,2079.5,2088.25,10:23:00,11:38:00,HOD_FIRST,9.5,2.25,0.45634682,0.10808214,11.75,1,0,2101.75,22.25,14.69305758,15.23283918,0.64656386,0.15313355,1433001,390,0
200,2012-12-26,2086.75,2087.5,2073.75,2078,09:42:00,11:31:00,HOD_FIRST,0.75,13,0.03594106,0.62297832,13.75,5,0,2088.25,14.5,15.23283918,15.18049353,0.04923573,0.85341937,507141,390,0
201,2012-12-28,2066.25,2074.25,2058.75,2059,10:49:00,15:51:00,HOD_FIRST,8,7.5,0.38717483,0.36297641,15.5,2,0,2078,19.25,15.18049353,15.47117256,0.52699209,0.49405508,736644,390,0
202,2012-12-31,2056.25,2086,2055.25,2084.5,16:00:00,09:31:00,LOD_FIRST,29.75,1,1.44680851,0.04863222,30.75,3,0,2059,30.75,15.47117256,16.56251738,1.92293117,0.06463634,1181124,390,0
203,2013-01-02,2111.25,2121,2107,2120.5,16:00:00,12:00:00,LOD_FIRST,9.75,4.25,0.46181172,0.20130255,14,2,0,2084.5,36.5,16.56251738,17.98662328,0.58867863,0.2566035,1473838,390,0
204,2013-01-07,2118,2120.75,2113.75,2119.25,15:34:00,12:27:00,LOD_FIRST,2.75,4.25,0.12983947,0.200661,7,5,0,2120.5,7,17.98662328,17.20186447,0.1528914,0.23628671,949227,390,0
205,2013-01-08,2116.5,2118.75,2109,2114.75,09:40:00,11:21:00,HOD_FIRST,2.25,7.5,0.10630758,0.35435861,9.75,1,0,2119.25,10.25,17.20186447,16.70530272,0.13079977,0.43599925,1088283,390,0
206,2013-01-10,2126.5,2130.25,2118.75,2130,15:49:00,11:16:00,LOD_FIRST,3.75,7.75,0.17634611,0.36444862,11.5,2,0,2114.75,15.5,16.70530272,16.61920967,0.22447962,0.46392455,1200346,390,0
207,2013-01-11,2129.75,2130.75,2125.25,2130.5,15:46:00,10:22:00,LOD_FIRST,1,4.5,0.04695387,0.21129241,5.5,1,0,2130,5.5,16.61920967,15.82498041,0.06017133,0.270771,806993,390,0
208,2013-01-14,2128.25,2130,2123.25,2129,09:38:00,10:27:00,HOD_FIRST,1.75,5,0.08222718,0.23493481,6.75,3,0,2130.5,7.25,15.82498041,15.21248181,0.11058466,0.31595616,899045,390,0
209,2013-01-15,2122.25,2131.25,2121.25,2129.25,15:45:00,09:32:00,LOD_FIRST,9,1,0.42407822,0.0471198,10,1,0,2129,10,15.21248181,14.84016168,0.59161944,0.06573549,973752,390,0
210,2013-01-17,2136.5,2143.5,2133.25,2138.75,14:22:00,10:05:00,LOD_FIRST,7,3.25,0.32763866,0.15211795,10.25,2,0,2129.25,14.25,14.84016168,14.79800727,0.47169297,0.21900031,1270835,390,0
211,2013-01-18,2139.25,2144,2133.5,2142.5,16:00:00,11:49:00,LOD_FIRST,4.75,5.75,0.22204043,0.26878579,10.5,1,0,2138.75,10.5,14.79800727,14.49100676,0.32098917,0.38856583,1102887,390,0
212,2013-01-22,2142.5,2150.5,2138.75,2150,16:00:00,10:33:00,LOD_FIRST,8,3.75,0.37339557,0.17502917,11.75,4,0,2142.5,11.75,14.49100676,14.29522056,0.55206654,0.25878119,931108,390,0
213,2013-01-24,2150.5,2160.75,2149.25,2153.25,11:28:00,13:49:00,HOD_FIRST,10.25,1.25,0.47663334,0.05812602,11.5,2,0,2150,11.5,14.29522056,14.09556195,0.71702286,0.08744181,1436948,390,0
214,2013-01-28,2162,2162.5,2154.25,2159.5,09:31:00,10:18:00,HOD_FIRST,0.5,7.75,0.02312673,0.35846438,8.25,4,0,2153.25,9.25,14.09556195,13.74945038,0.03547216,0.54981845,922934,390,0
215,2013-01-29,2157,2167.75,2156,2166,15:34:00,10:09:00,LOD_FIRST,10.75,1,0.49837738,0.04636069,11.75,1,0,2159.5,11.75,13.74945038,13.6066325,0.78184943,0.07273018,1168861,390,0
216,2013-02-01,2165.75,2173.5,2163,2171.25,13:59:00,09:51:00,LOD_FIRST,7.75,2.75,0.3578437,0.1269768,10.5,3,0,2166,10.5,13.6066325,13.38473017,0.56957517,0.20210732,1253289,390,0
217,2013-02-04,2162,2164.75,2153.25,2154.5,10:02:00,15:52:00,HOD_FIRST,2.75,8.75,0.12719704,0.40471785,11.5,3,0,2171.25,18,13.38473017,13.7143923,0.20545801,0.65373003,1329651,390,0
218,2013-02-06,2164.25,2171.75,2163,2170.75,12:46:00,09:35:00,LOD_FIRST,7.5,1.25,0.34654037,0.05775673,8.75,2,0,2154.5,17.25,13.7143923,13.96693571,0.54687075,0.09114512,1274744,390,0
219,2013-02-07,2171,2172.5,2157.5,2168.75,09:37:00,11:45:00,HOD_FIRST,1.5,13.5,0.06909258,0.62183326,15,1,0,2170.75,15,13.96693571,14.04072602,0.1073965,0.96656849,1576549,390,0
220,2013-02-11,2176.5,2178,2172.75,2176.5,15:49:00,10:18:00,LOD_FIRST,1.5,3.75,0.06891799,0.17229497,5.25,4,0,2168.75,9.25,14.04072602,13.6985313,0.10683208,0.26708021,991112,390,0
221,2013-02-12,2176.75,2182,2175,2179,13:29:00,09:43:00,LOD_FIRST,5.25,1.75,0.24118525,0.08039508,7,1,0,2176.5,7,13.6985313,13.22006478,0.38325277,0.12775092,950430,390,0
222,2013-02-13,2182.25,2185,2176,2180.5,10:22:00,14:55:00,HOD_FIRST,2.75,6.25,0.12601673,0.28640165,9,1,0,2179,9,13.22006478,12.91863158,0.20801713,0.47276622,1011956,390,0
223,2013-02-19,2182.5,2191.75,2182.5,2191.25,16:00:00,09:31:00,LOD_FIRST,9.25,0,0.42382589,0,9.25,6,0,2180.5,11.25,12.91863158,12.79944361,0.71602011,0,1070909,390,0
224,2013-02-21,2168.5,2168.5,2158,2162.75,09:31:00,14:26:00,HOD_FIRST,0,10.5,0,0.48420567,10.5,2,0,2191.25,33.25,12.79944361,14.26019764,0,0.82034816,1951780,390,0
225,2013-02-25,2185.25,2187.5,2148.5,2148.75,10:06:00,16:00:00,HOD_FIRST,2.25,36.75,0.10296305,1.68172978,39,4,0,2162.75,39,14.26019764,16.02732638,0.15778182,2.57710313,2489221,390,0
226,2013-03-01,2169.75,2182,2162.5,2180,12:59:00,09:41:00,LOD_FIRST,12.25,7.25,0.56458117,0.33413988,19.5,4,0,2148.75,33.25,16.02732638,17.25751735,0.76431962,0.45235243,1999577,390,0
227,2013-03-04,2176.25,2187.25,2173.5,2187,16:00:00,12:35:00,LOD_FIRST,11,2.75,0.50545663,0.12636416,13.75,3,0,2180,13.75,17.25751735,17.0069804,0.63740339,0.15935085,1468743,390,0
228,2013-03-11,2211.75,2219,2210,2218.5,14:49:00,09:42:00,LOD_FIRST,7.25,1.75,0.32779473,0.07912287,9,7,1,,9,,,,,165881,390,0
229,2013-03-12,2217.75,2219.5,2210.25,2215.25,10:14:00,14:14:00,HOD_FIRST,1.75,7.5,0.0789088,0.33818059,9.25,1,0,2218.5,9.25,,,,,1249077,390,0
230,2013-03-13,2216.25,2219.5,2210.75,2217,13:47:00,09:49:00,LOD_FIRST,3.25,5.5,0.14664411,0.24816695,8.75,1,0,2215.25,8.75,,,,,990856,390,0
231,2013-03-14,2221,2225.75,2220.25,2225,15:46:00,10:21:00,LOD_FIRST,4.75,0.75,0.21386763,0.03376857,5.5,1,0,2217,8.75,,,,,989309,390,0
232,2013-03-15,2223,2225,2217.5,2223,12:47:00,10:01:00,LOD_FIRST,2,5.5,0.08996851,0.24741341,7.5,1,0,2225,7.5,,,,,1302107,390,0
233,2013-03-18,2207.75,2221,2206.25,2214,14:30:00,09:31:00,LOD_FIRST,13.25,1.5,0.60015853,0.06794248,14.75,3,0,2223,16.75,,,,,1554061,390,0
234,2013-03-19,2217.5,2219.5,2200.25,2210.75,09:34:00,13:26:00,HOD_FIRST,2,17.25,0.09019166,0.77790304,19.25,1,0,2214,19.25,,,,,2223513,390,0
235,2013-03-20,2219.75,2224.25,2217.25,2221,15:46:00,10:38:00,LOD_FIRST,4.5,2.5,0.20272553,0.1126253,7,1,0,2210.75,13.5,,,,,1273150,390,0
236,2013-03-21,2212.25,2217.5,2205,2207.75,11:46:00,14:08:00,HOD_FIRST,5.25,7.25,0.23731495,0.32772065,12.5,1,0,2221,16,,,,,1509580,390,0
237,2013-03-22,2212.75,2220.25,2211.5,2219.5,13:31:00,09:49:00,LOD_FIRST,7.5,1.25,0.33894475,0.05649079,8.75,1,0,2207.75,12.5,,,,,1220314,390,0
238,2013-03-25,2224.5,2227,2207.5,2214.25,10:01:00,13:12:00,HOD_FIRST,2.5,17,0.11238481,0.76421668,19.5,3,0,2219.5,19.5,,,,,1886660,390,0
239,2013-03-26,2220.5,2227,2218.75,2226.25,16:00:00,10:47:00,LOD_FIRST,6.5,1.75,0.29272686,0.07881108,8.25,1,0,2214.25,12.75,,,,,1240783,390,0
240,2013-03-27,2217,2226.75,2214.25,2225.75,15:32:00,09:36:00,LOD_FIRST,9.75,2.75,0.43978349,0.1240415,12.5,1,0,2226.25,12.5,,,,,1162313,390,0
241,2013-03-28,2225,2233,2223,2230.25,15:59:00,09:43:00,LOD_FIRST,8,2,0.35955056,0.08988764,10,1,0,2225.75,10,,12.57142857,,,1216496,390,0
242,2013-04-01,2230,2233.5,2221,2225,09:45:00,15:34:00,HOD_FIRST,3.5,9,0.15695067,0.40358744,12.5,4,0,2230.25,12.5,12.57142857,12.56632653,0.27840909,0.71590909,979636,390,0
243,2013-04-02,2230.5,2236.5,2228,2232.5,11:05:00,15:46:00,HOD_FIRST,6,2.5,0.26899798,0.11208249,8.5,1,0,2225,11.5,12.56632653,12.49016035,0.4774665,0.19894438,1274431,390,0
244,2013-04-03,2233.5,2234.75,2212.5,2217,09:33:00,15:42:00,HOD_FIRST,1.25,21,0.05596597,0.94022834,22.25,1,0,2232.5,22.25,12.49016035,13.18729175,0.10007878,1.68132349,1964658,390,0
245,2013-04-04,2218.75,2226,2215.25,2223,10:03:00,13:16:00,HOD_FIRST,7.25,3.5,0.32676056,0.15774648,10.75,1,0,2217,10.75,13.18729175,13.01319949,0.54977171,0.26540703,1456406,390,0
246,2013-04-05,2203.75,2217.75,2201.75,2216,15:57:00,09:32:00,LOD_FIRST,14,2,0.63528077,0.0907544,16,1,0,2223,21.25,13.01319949,13.60154238,1.07583074,0.15369011,1575184,390,0
247,2013-04-08,2216.75,2226.75,2211.5,2226.25,16:00:00,10:20:00,LOD_FIRST,10,5.25,0.45111086,0.2368332,15.25,3,0,2216,15.25,13.60154238,13.71928935,0.73521074,0.38598564,1092711,390,0
248,2013-04-09,2229.5,2237.5,2224,2231.75,14:44:00,09:59:00,LOD_FIRST,8,5.5,0.35882485,0.24669208,13.5,1,0,2226.25,13.5,13.71928935,13.70362583,0.58312058,0.4008954,1335206,390,0
249,2013-04-11,2251.5,2261.5,2249.5,2256.5,11:28:00,09:46:00,LOD_FIRST,10,2,0.44414835,0.08882967,12,2,0,2231.75,29.75,13.70362583,14.84979541,0.72973388,0.14594678,1422286,390,0
250,2013-04-12,2251.25,2254.75,2243.5,2252.25,09:48:00,11:08:00,HOD_FIRST,3.5,7.75,0.15546918,0.34425319,11.25,1,0,2256.5,13,14.84979541,14.71766717,0.23569348,0.52189271,1404111,390,0
251,2013-04-15,2244.25,2245.5,2215,2215.25,09:40:00,16:00:00,HOD_FIRST,1.25,29.25,0.05569789,1.30333073,30.5,3,0,2252.25,37.25,14.71766717,16.32711951,0.08493194,1.98740736,2316135,390,0
252,2013-04-16,2227,2239.25,2223,2238.25,15:59:00,10:49:00,LOD_FIRST,12.25,4,0.55006736,0.17961383,16.25,1,0,2215.25,24,16.32711951,16.8751824,0.75028544,0.24499116,1679148,390,0
253,2013-04-17,2227,2227.25,2206.5,2214.25,09:31:00,12:52:00,HOD_FIRST,0.25,20.5,0.01122586,0.92052088,20.75,1,0,2238.25,31.75,16.8751824,17.93766938,0.01481465,1.21480168,2449358,390,0
254,2013-04-18,2217.75,2218,2199.25,2205.25,09:31:00,14:59:00,HOD_FIRST,0.25,18.5,0.01127269,0.83417878,18.75,1,0,2214.25,18.75,17.93766938,17.99569299,0.01393715,1.03134915,1902662,390,0
255,2013-04-19,2208.5,2219.25,2204.75,2217.75,15:44:00,09:57:00,LOD_FIRST,10.75,3.75,0.48675572,0.16979851,14.5,1,0,2205.25,14.5,17.99569299,17.74600063,0.59736516,0.20838319,1417643,390,0
256,2013-04-22,2221.75,2229.5,2211.25,2225.5,14:41:00,10:37:00,LOD_FIRST,7.75,10.5,0.34882413,0.47260043,18.25,3,0,2217.75,18.25,17.74600063,17.78200059,0.43671812,0.59168261,1276882,390,0
257,2013-04-23,2233.25,2243.25,2225.5,2242.25,12:26:00,13:11:00,HOD_FIRST,10,7.75,0.4477779,0.34702787,17.75,1,0,2225.5,17.75,17.78200059,17.77971483,0.56236642,0.43583397,1609575,390,0
258,2013-04-24,2242.5,2247,2239.25,2242.75,14:59:00,10:24:00,LOD_FIRST,4.5,3.25,0.2006689,0.14492754,7.75,1,0,2242.25,7.75,17.77971483,17.06330663,0.25309742,0.18279258,1064479,390,0
259,2013-04-25,2247.25,2256.75,2245,2249.5,14:09:00,09:49:00,LOD_FIRST,9.5,2.25,0.4227389,0.10012237,11.75,1,0,2242.75,14,17.06330663,16.84449901,0.55675024,0.1318619,1258892,390,0
260,2013-04-26,2247.25,2250,2241,2246.5,10:01:00,12:03:00,HOD_FIRST,2.75,6.25,0.12237179,0.2781177,9,1,0,2249.5,9,16.84449901,16.28417766,0.16325805,0.37104101,1019294,390,0
261,2013-04-29,2250.75,2260.75,2248,2257.25,14:13:00,09:41:00,LOD_FIRST,10,2.75,0.44429635,0.1221815,12.75,3,0,2246.5,14.25,16.28417766,16.13887925,0.61409303,0.16887558,985376,390,0
262,2013-04-30,2256.5,2261,2249.75,2260.75,15:51:00,10:04:00,LOD_FIRST,4.5,6.75,0.19942389,0.29913583,11.25,1,0,2257.25,11.25,16.13887925,15.78967359,0.27882977,0.41824466,1239362,390,0
263,2013-05-01,2257.25,2258,2244.5,2246.75,09:47:00,15:52:00,HOD_FIRST,0.75,12.75,0.03322627,0.56484661,13.5,1,0,2260.75,16.25,15.78967359,15.82255405,0.0474994,0.80748978,1203315,390,0
264,2013-05-02,2250.5,2262.75,2248.75,2261,13:36:00,09:31:00,LOD_FIRST,12.25,1.75,0.54432348,0.0777605,14,1,0,2246.75,16,15.82255405,15.83522876,0.77421129,0.11060161,1191213,390,0
265,2013-05-03,2275,2282.75,2274,2277.5,10:41:00,09:31:00,LOD_FIRST,7.75,1,0.34065934,0.04395604,8.75,1,0,2261,21.75,15.83522876,16.25771242,0.4894151,0.06315033,1413912,390,0
266,2013-05-06,2278.5,2283.75,2277.75,2281.75,13:58:00,09:53:00,LOD_FIRST,5.25,0.75,0.23041475,0.03291639,6,3,0,2277.5,6.25,16.25771242,15.54287582,0.32292366,0.04613195,793051,390,0
267,2013-05-07,2285,2290.25,2280.25,2289.75,15:00:00,10:21:00,LOD_FIRST,5.25,4.75,0.2297593,0.20787746,10,1,0,2281.75,10,15.54287582,15.14695612,0.33777533,0.30560625,1233226,390,0
268,2013-05-08,2288,2297.75,2287,2297.25,16:00:00,09:36:00,LOD_FIRST,9.75,1,0.42613636,0.04370629,10.75,1,0,2289.75,10.75,15.14695612,14.83288782,0.64369369,0.06601987,1297444,390,0
269,2013-05-09,2296.5,2300.75,2288.5,2292.75,13:46:00,15:02:00,HOD_FIRST,4.25,8,0.18506423,0.34835619,12.25,1,0,2297.25,12.25,14.83288782,14.64839584,0.28652546,0.53934204,1493137,390,0
270,2013-05-10,2293.75,2298.5,2288.75,2298.25,15:58:00,12:08:00,LOD_FIRST,4.75,5,0.20708447,0.21798365,9.75,1,0,2292.75,9.75,14.64839584,14.29851042,0.32426759,0.3413343,1289970,390,0
271,2013-05-13,2295.75,2301.75,2291.75,2299,12:23:00,09:56:00,LOD_FIRST,6,4,0.2613525,0.174235,10,3,0,2298.25,10,14.29851042,13.99147396,0.41962413,0.27974942,1034532,390,0
272,2013-05-14,2300.25,2317.25,2300,2316.25,15:50:00,09:31:00,LOD_FIRST,17,0.25,0.7390501,0.01086838,17.25,1,0,2299,18.25,13.99147396,14.29565439,1.21502567,0.01786802,1645351,390,0
273,2013-05-15,2313.5,2328.25,2312.75,2324.5,12:50:00,09:49:00,LOD_FIRST,14.75,0.75,0.63756214,0.03241841,15.5,1,0,2316.25,15.5,14.29565439,14.38167908,1.03178208,0.0524635,1777372,390,0
274,2013-05-16,2321.5,2327.25,2314.5,2316.75,11:17:00,15:50:00,HOD_FIRST,5.75,7,0.24768469,0.30152918,12.75,1,0,2324.5,12.75,14.38167908,14.26513057,0.39981423,0.48673037,1587619,390,0
275,2013-05-17,2323.25,2334.25,2321,2333.25,15:48:00,09:48:00,LOD_FIRST,11,2.25,0.47347466,0.09684709,13.25,1,0,2316.75,17.5,14.26513057,14.49619267,0.77111106,0.15772726,1574979,390,0
276,2013-05-20,2331.25,2339.25,2329.5,2332.75,12:04:00,14:04:00,HOD_FIRST,8,1.75,0.34316354,0.07506702,9.75,3,0,2333.25,9.75,14.49619267,14.15717891,0.55186904,0.12072135,1476619,390,0
277,2013-05-21,2334.25,2341.75,2328.5,2335.5,14:20:00,10:37:00,LOD_FIRST,7.5,5.75,0.32130235,0.2463318,13.25,1,0,2332.75,13.25,14.15717891,14.09238042,0.52976656,0.40615436,1412612,390,0
278,2013-05-22,2337,2354.25,2315,2322,10:30:00,15:33:00,HOD_FIRST,17.25,22,0.7381258,0.94137783,39.25,1,0,2335.5,39.25,14.09238042,15.88935325,1.22406574,1.56112731,2662754,390,0
279,2013-05-23,2305,2322.5,2302.75,2317.75,14:51:00,10:02:00,LOD_FIRST,17.5,2.25,0.75921909,0.09761388,19.75,1,0,2322,19.75,15.88935325,16.16511373,1.10136641,0.14160425,1944360,390,0
280,2013-05-24,2308,2316.75,2303,2316.25,16:00:00,10:06:00,LOD_FIRST,8.75,5,0.37911612,0.21663778,13.75,1,0,2317.75,14.75,16.16511373,16.06403418,0.54128911,0.30930806,1438225,390,0
281,2013-05-28,2334,2341.25,2321.25,2326.5,10:25:00,14:39:00,HOD_FIRST,7.25,12.75,0.31062554,0.54627249,20,4,0,2316.25,25,16.06403418,16.70231745,0.45131876,0.79369851,1593242,390,0
282,2013-05-29,2317.5,2321.25,2306.5,2315.75,14:16:00,11:10:00,LOD_FIRST,3.75,11,0.1618123,0.47464941,14.75,1,0,2326.5,20,16.70231745,16.9378662,0.22451974,0.65859124,1680061,390,0
283,2013-05-30,2316.5,2329.25,2315.25,2321.5,14:55:00,09:34:00,LOD_FIRST,12.75,1.25,0.55039931,0.05396072,14,1,0,2315.75,14,16.9378662,16.72801862,0.75275125,0.07379914,1349343,390,0
284,2013-05-31,2316.75,2326.5,2296.75,2297.5,11:18:00,16:00:00,HOD_FIRST,9.75,20,0.42084817,0.8632783,29.75,1,0,2321.5,29.75,16.72801862,17.65816014,0.58285444,1.19559886,1991561,390,0
285,2013-06-03,2301.25,2307.5,2289.25,2306.75,16:00:00,11:34:00,LOD_FIRST,6.25,12,0.27159153,0.52145573,18.25,3,0,2297.5,18.25,17.65816014,17.70043442,0.35394401,0.6795725,2040413,390,0
286,2013-06-04,2307.25,2314.25,2290,2298,10:33:00,14:13:00,HOD_FIRST,7,17.25,0.30339148,0.7476433,24.25,1,0,2306.75,24.25,17.70043442,18.16826053,0.39547052,0.97455235,1768797,390,0
287,2013-06-05,2293.75,2297.25,2274,2275.5,10:06:00,14:31:00,HOD_FIRST,3.5,19.75,0.15258856,0.86103542,23.25,1,0,2298,24,18.16826053,18.58481335,0.19264365,1.08706059,2171479,390,0
288,2013-06-06,2274.75,2290.25,2265,2289.75,16:00:00,12:28:00,LOD_FIRST,15.5,9.75,0.68139356,0.42861853,25.25,1,0,2275.5,25.25,18.58481335,19.06089811,0.83401429,0.5246219,2259721,390,0
289,2013-06-07,2301.5,2312.5,2294.25,2311,15:59:00,09:45:00,LOD_FIRST,11,7.25,0.47794916,0.31501195,18.25,1,0,2289.75,22.75,19.06089811,19.32440539,0.57709768,0.38035983,1688741,390,0
290,2013-06-10,2315.75,2317,2306.75,2310.5,09:32:00,10:08:00,HOD_FIRST,1.25,9,0.05397819,0.38864299,10.25,3,0,2311,10.25,19.32440539,18.67623358,0.06468504,0.46573231,1349960,390,0
291,2013-06-11,2295.5,2308.25,2290,2294,11:32:00,09:37:00,LOD_FIRST,12.75,5.5,0.55543455,0.23959922,18.25,1,0,2310.5,20.5,18.67623358,18.80650261,0.68268583,0.29449193,1991403,390,0
292,2013-06-12,2305,2306.75,2278.5,2280.25,09:33:00,15:22:00,HOD_FIRST,1.75,26.5,0.07592191,1.14967462,28.25,1,0,2294,28.25,18.80650261,19.48103813,0.09305292,1.40908709,1914761,390,0
293,2013-06-13,2279.25,2308,2275.75,2305,15:48:00,09:39:00,LOD_FIRST,28.75,3.5,1.26137984,0.15355928,32.25,1,0,2280.25,32.25,19.48103813,20.39310684,1.47579404,0.17966188,1469040,390,0
294,2013-06-14,2303.25,2309.25,2291.75,2294.5,10:04:00,14:03:00,HOD_FIRST,6,11.5,0.26050147,0.49929448,17.5,1,0,2305,17.5,20.39310684,20.18645635,0.29421706,0.56391604,404264,390,0
295,2013-06-17,2305.75,2315.25,2298,2307.25,11:11:00,14:56:00,HOD_FIRST,9.5,7.75,0.41201344,0.33611623,17.25,3,0,2294.5,20.75,20.18645635,20.22670947,0.47061256,0.38392078,1300064,390,0
296,2013-06-18,2308.25,2323,2307.75,2320.25,14:49:00,09:31:00,LOD_FIRST,14.75,0.5,0.63901224,0.02166143,15.25,1,0,2307.25,15.75,20.22670947,19.90694451,0.72923379,0.02471979,1010047,390,0
297,2013-06-19,2318.75,2321.75,2296.25,2297.25,14:01:00,16:00:00,HOD_FIRST,3,22.5,0.12938005,0.9703504,25.5,1,0,2320.25,25.5,19.90694451,20.30644847,0.15070118,1.13025884,1672779,390,0
298,2013-06-20,2281,2283.25,2251.25,2255.25,09:54:00,15:48:00,HOD_FIRST,2.25,29.75,0.09864095,1.30425252,32,1,0,2297.25,46,20.30644847,22.14170215,0.11080224,1.46505185,2614549,390,0
299,2013-06-21,2266.5,2268,2244.75,2261,09:33:00,11:33:00,HOD_FIRST,1.5,21.75,0.06618134,0.95962938,23.25,1,0,2255.25,23.25,22.14170215,22.22086628,0.06774547,0.9823093,2321721,390,0
300,2013-06-24,2244.25,2254.5,2227.5,2240.5,14:40:00,12:21:00,LOD_FIRST,10.25,16.75,0.45672274,0.74635179,27,3,0,2261,33.5,22.22086628,23.02651869,0.46127815,0.75379599,2322460,390,0
301,2013-06-25,2255.25,2262,2244.25,2256.25,15:37:00,10:19:00,LOD_FIRST,6.75,11,0.29930163,0.4877508,17.75,1,0,2240.5,21.5,23.02651869,22.91748164,0.29314027,0.47771008,1554242,390,0
302,2013-06-26,2269.25,2275.5,2262.75,2271.5,15:03:00,11:06:00,LOD_FIRST,6.25,6.5,0.27542139,0.28643825,12.75,1,0,2256.25,19.25,22.91748164,22.65551867,0.27271757,0.28362628,1274914,390,0
303,2013-06-27,2281.5,2288.5,2279.5,2281.25,10:36:00,12:28:00,HOD_FIRST,7,2,0.30681569,0.08766163,9,1,0,2271.5,17,22.65551867,22.25155305,0.30897549,0.08827871,1273098,390,0
304,2013-06-28,2276,2284,2268.5,2271.75,11:15:00,10:07:00,LOD_FIRST,8,7.5,0.35149385,0.32952548,15.5,1,0,2281.25,15.5,22.25155305,21.76929926,0.35952547,0.33705513,1650465,390,0
305,2013-07-01,2282.5,2294.75,2280.25,2283.25,12:18:00,15:52:00,HOD_FIRST,12.25,2.25,0.53669222,0.09857612,14.5,3,0,2271.75,23,21.76929926,21.85720646,0.56271908,0.10335657,1234632,390,0
306,2013-07-02,2280.75,2292.75,2274.5,2281.25,11:49:00,14:47:00,HOD_FIRST,12,6.25,0.52614272,0.27403266,18.25,1,0,2283.25,18.25,21.85720646,21.59954885,0.54901801,0.28594688,1369352,390,0
307,2013-07-05,2294,2300.5,2282.5,2299.5,16:00:00,10:24:00,LOD_FIRST,6.5,11.5,0.28334786,0.50130776,18,3,0,2281.25,19.25,21.59954885,21.43172393,0.30093221,0.53241853,1037301,390,0
308,2013-07-08,2308.25,2313.75,2305.5,2308.5,10:04:00,12:09:00,HOD_FIRST,5.5,2.75,0.23827575,0.11913788,8.25,3,0,2299.5,14.25,21.43172393,20.91874365,0.25662891,0.12831446,987134,390,0
309,2013-07-09,2319.5,2323.25,2312.5,2320.5,14:14:00,10:32:00,LOD_FIRST,3.75,7,0.16167277,0.30178918,10.75,1,0,2308.5,14.75,20.91874365,20.47811911,0.17926507,0.33462813,978363,390,0
310,2013-07-10,2319.5,2327.25,2315.75,2321.25,14:04:00,14:50:00,HOD_FIRST,7.75,3.75,0.33412373,0.16167277,11.5,1,0,2320.5,11.5,20.47811911,19.83682488,0.37845273,0.18312229,1152097,390,0
311,2013-07-11,2341,2346,2335,2344,15:46:00,10:41:00,LOD_FIRST,5,6,0.21358394,0.25630073,11,1,0,2321.25,24.75,19.83682488,20.18776596,0.25205647,0.30246776,1012696,390,0
312,2013-07-12,2344,2348.5,2341.25,2346.75,15:59:00,12:16:00,LOD_FIRST,4.5,2.75,0.19197952,0.11732082,7.25,1,0,2344,7.25,20.18776596,19.26363982,0.22290728,0.13622112,831373,390,0
313,2013-07-15,2349.5,2353.75,2346.5,2351.5,14:46:00,09:46:00,LOD_FIRST,4.25,3,0.18088955,0.12768674,7.25,3,0,2346.75,7.25,19.26363982,18.40552269,0.2206229,0.15573381,698752,390,0
314,2013-07-16,2352.75,2353.75,2340.75,2345.25,09:31:00,13:17:00,HOD_FIRST,1,12,0.04250345,0.51004144,13,1,0,2351.5,13,18.40552269,18.01941393,0.05433152,0.65197822,944926,390,0
315,2013-07-17,2351.75,2354.75,2347,2349.5,10:37:00,15:35:00,HOD_FIRST,3,4.75,0.12756458,0.20197725,7.75,1,0,2345.25,9.5,18.01941393,17.41088436,0.1664871,0.26360458,1042855,390,0
316,2013-07-19,2355,2361.75,2352.75,2361.75,16:00:00,09:41:00,LOD_FIRST,6.75,2.25,0.2866242,0.0955414,9,2,0,2349.5,12.25,17.41088436,17.04224977,0.38768852,0.12922951,835530,390,0
317,2013-07-22,2363.75,2367.25,2359.75,2364.75,11:38:00,10:03:00,LOD_FIRST,3.5,4,0.1480698,0.16922263,7.5,3,0,2361.75,7.5,17.04224977,16.3606605,0.20537195,0.2347108,674026,390,0
318,2013-07-23,2367.75,2368.25,2360.25,2362.25,09:31:00,11:02:00,HOD_FIRST,0.5,7.5,0.02111709,0.31675641,8,1,0,2364.75,8,16.3606605,15.76347046,0.03056111,0.4584167,758569,390,0
319,2013-07-24,2368,2368.75,2351.5,2355.25,09:31:00,13:37:00,HOD_FIRST,0.75,16.5,0.0316723,0.69679054,17.25,1,0,2362.25,17.25,15.76347046,15.86965114,0.04757836,1.04672382,1231683,390,0
320,2013-07-25,2352,2360.75,2349,2359.5,15:40:00,11:40:00,LOD_FIRST,8.75,3,0.37202381,0.12755102,11.75,1,0,2355.25,11.75,15.86965114,15.57539035,0.55136688,0.18904007,1082020,390,0
321,2013-07-26,2352.25,2361.5,2344.75,2361.25,16:00:00,10:56:00,LOD_FIRST,9.25,7.5,0.39324051,0.31884366,16.75,1,0,2359.5,16.75,15.57539035,15.65929104,0.5938856,0.48152886,1106639,390,0
322,2013-07-29,2356.5,2360.5,2350.75,2355.5,09:48:00,11:39:00,HOD_FIRST,4,5.75,0.16974326,0.24400594,9.75,3,0,2361.25,10.5,15.65929104,15.29077025,0.25543941,0.36719415,891135,390,0
323,2013-07-30,2360.75,2362.75,2351.5,2355.5,09:34:00,13:47:00,HOD_FIRST,2,9.25,0.08471884,0.39182463,11.25,1,0,2355.5,11.25,15.29077025,15.0021438,0.13079786,0.60494009,1088409,390,0
324,2013-07-31,2359.5,2368.25,2354.5,2356,14:55:00,15:56:00,HOD_FIRST,8.75,5,0.37084128,0.2119093,13.75,1,0,2355.5,13.75,15.0021438,14.91270496,0.58324998,0.3332857,1648890,390,0
325,2013-08-01,2369.75,2378,2368.5,2376,15:51:00,09:31:00,LOD_FIRST,8.25,1.25,0.34813799,0.05274818,9.5,1,0,2356,22,14.91270496,15.41894032,0.55321955,0.08382114,1166038,390,0
326,2013-08-02,2372.25,2379.25,2370,2378.75,16:00:00,09:50:00,LOD_FIRST,7,2.25,0.29507851,0.09484666,9.25,1,0,2376,9.25,15.41894032,14.97830172,0.4539871,0.14592442,876488,390,0
327,2013-08-05,2375.25,2379.25,2373,2376.75,10:45:00,09:46:00,LOD_FIRST,4,2.25,0.16840333,0.09472687,6.25,3,0,2378.75,6.25,14.97830172,14.3548516,0.26705297,0.1502173,688621,390,0
328,2013-08-06,2373,2374.75,2363,2367.25,09:36:00,11:01:00,HOD_FIRST,1.75,10,0.07374631,0.4214075,11.75,1,0,2376.75,13.75,14.3548516,14.31164792,0.12191,0.69662859,1047472,390,0
329,2013-08-07,2361.5,2363.75,2354.75,2361.75,09:47:00,10:31:00,HOD_FIRST,2.25,6.75,0.09527842,0.28583527,9,1,0,2367.25,12.5,14.31164792,14.18224449,0.1572146,0.4716438,1123466,390,0
330,2013-08-08,2369.5,2371.25,2358.75,2367.25,09:37:00,10:46:00,HOD_FIRST,1.75,10.75,0.07385524,0.45368221,12.5,1,0,2361.75,12.5,14.18224449,14.06208417,0.12339373,0.75799004,1241928,390,0
331,2013-08-09,2365.25,2370.5,2356.75,2362.75,09:46:00,11:27:00,HOD_FIRST,5.25,8.5,0.22196385,0.35937005,13.75,1,0,2367.25,13.75,14.06208417,14.03979245,0.37334437,0.60446232,1406525,390,0
332,2013-08-12,2354,2362.5,2353,2360.5,11:01:00,09:32:00,LOD_FIRST,8.5,1,0.36108751,0.04248088,9.5,3,0,2362.75,9.75,14.03979245,13.7333787,0.60542206,0.07122612,973862,390,0
333,2013-08-13,2363.5,2368.75,2353.5,2365.5,13:27:00,10:17:00,LOD_FIRST,5.25,10,0.2221282,0.42310133,15.25,1,0,2360.5,15.25,13.7333787,13.84170879,0.38228029,0.72815293,1329653,390,0
334,2013-08-14,2364.75,2367.5,2356.25,2356.75,09:33:00,13:32:00,HOD_FIRST,2.75,8.5,0.11629136,0.35944603,11.25,1,0,2365.5,11.25,13.84170879,13.65658674,0.19867489,0.61408603,1247889,390,0
335,2013-08-15,2343.25,2343.5,2330,2332.5,09:31:00,14:12:00,HOD_FIRST,0.25,13.25,0.01066894,0.56545396,13.5,1,0,2356.75,26.75,13.65658674,14.59183054,0.01830618,0.97022779,1896609,390,0
336,2013-08-16,2330,2335.75,2323.75,2327.75,11:05:00,14:18:00,HOD_FIRST,5.75,6.25,0.24678112,0.26824034,12,1,0,2332.5,12,14.59183054,14.40669979,0.39405611,0.42832186,1388579,390,0
337,2013-08-19,2325.5,2331.25,2316.5,2316.5,10:02:00,16:00:00,HOD_FIRST,5.75,9,0.24725865,0.38701355,14.75,3,0,2327.75,14.75,14.40669979,14.43122123,0.39911986,0.62470935,1184479,390,0
338,2013-08-20,2319.5,2331,2317.5,2324.75,13:04:00,09:36:00,LOD_FIRST,11.5,2,0.49579651,0.08622548,13.5,1,0,2316.5,14.5,14.43122123,14.436134,0.79688336,0.13858841,1212322,390,0
339,2013-08-21,2320,2329,2310.5,2314.75,14:49:00,14:08:00,LOD_FIRST,9,9.5,0.38793103,0.40948276,18.5,1,0,2324.75,18.5,14.436134,14.72641014,0.62343561,0.65807092,1809946,390,0
340,2013-08-22,2318,2332,2317.5,2328.75,15:39:00,09:31:00,LOD_FIRST,14,0.5,0.60396894,0.02157032,14.5,1,0,2314.75,17.25,14.72641014,14.90666656,0.95067297,0.03395261,1176220,390,0
341,2013-08-23,2334.25,2337,2326.5,2334.75,15:50:00,10:04:00,LOD_FIRST,2.75,7.75,0.11781086,0.33201242,10.5,1,0,2328.75,10.5,14.90666656,14.59190466,0.18448122,0.51990161,1016331,390,0
342,2013-08-26,2336.5,2341.75,2327.75,2328.5,11:31:00,15:27:00,HOD_FIRST,5.25,8.75,0.22469506,0.37449176,14,3,0,2334.75,14,14.59190466,14.54962576,0.35978853,0.59964756,977952,390,0
343,2013-08-27,2312.25,2318.5,2300.5,2302,09:51:00,15:36:00,HOD_FIRST,6.25,11.75,0.27029949,0.50816304,18,1,0,2328.5,28,14.54962576,15.51036678,0.42956431,0.80758091,1756227,390,0
344,2013-08-28,2301.25,2313.5,2299,2307.75,13:02:00,09:37:00,LOD_FIRST,12.25,2.25,0.53231939,0.09777295,14.5,1,0,2302,14.5,15.51036678,15.43819772,0.78979435,0.14506427,1281162,390,0
345,2013-08-29,2303.75,2319,2302.5,2310,11:30:00,09:31:00,LOD_FIRST,15.25,1.25,0.66196419,0.05425936,16.5,1,0,2307.75,16.5,15.43819772,15.51404074,0.98780961,0.080968,1374261,390,0
346,2013-08-30,2313.5,2313.75,2299.75,2304,09:31:00,15:55:00,HOD_FIRST,0.25,13.75,0.01080614,0.59433758,14,1,0,2310,14,15.51404074,15.40589497,0.01611443,0.88629392,1548688,390,0
347,2013-09-03,2320.75,2324.25,2305,2312.25,09:36:00,14:52:00,HOD_FIRST,3.5,15.75,0.15081331,0.67865992,19.25,4,0,2304,20.25,15.40589497,15.75190248,0.22718576,1.02233593,1750455,390,0
348,2013-09-04,2312.5,2329,2309.5,2326,13:23:00,09:37:00,LOD_FIRST,16.5,3,0.71351351,0.12972973,19.5,1,0,2312.25,19.5,15.75190248,16.01962373,1.04749252,0.19045319,1326795,390,0
349,2013-09-05,2327,2332.5,2325.5,2327.5,09:49:00,09:31:00,LOD_FIRST,5.5,1.5,0.23635582,0.06446068,7,1,0,2326,7,16.01962373,15.37536489,0.34332891,0.09363516,954234,390,0
350,2013-09-06,2333.5,2338.25,2313,2328.25,14:09:00,10:05:00,LOD_FIRST,4.75,20.5,0.20355689,0.87850868,25.25,1,0,2327.5,25.25,15.37536489,16.08069597,0.30893576,1.33330169,2082690,390,0
351,2013-09-09,2332.75,2346,2332.5,2344.75,14:20:00,09:31:00,LOD_FIRST,13.25,0.25,0.56799914,0.01071696,13.5,3,0,2328.25,17.75,16.08069597,16.19993197,0.82396931,0.01554659,1156700,390,0
352,2013-09-10,2354.75,2357.5,2351,2357.5,16:00:00,09:38:00,LOD_FIRST,2.75,3.75,0.11678522,0.15925257,6.5,1,0,2344.75,12.75,16.19993197,15.95350826,0.1697538,0.23148245,1376487,390,0
353,2013-09-11,2355,2362.75,2352,2362.75,16:00:00,10:22:00,LOD_FIRST,7.75,3,0.32908705,0.12738854,10.75,1,0,2357.5,10.75,15.95350826,15.5818291,0.48578657,0.18804641,1325889,390,0
354,2013-09-12,2362.25,2364.25,2355.5,2358,10:32:00,15:52:00,HOD_FIRST,2,6.75,0.08466504,0.28574452,8.75,1,0,2362.75,8.75,15.5818291,15.09384131,0.12835464,0.4331969,791124,390,0
355,2013-09-13,2360,2363.25,2356,2362.25,09:55:00,10:28:00,HOD_FIRST,3.25,4,0.13771186,0.16949153,7.25,1,0,2358,7.25,15.09384131,14.53356693,0.21531961,0.26500875,244306,390,0
356,2013-09-16,2380.5,2381.5,2369,2371.75,09:31:00,15:44:00,HOD_FIRST,1,11.5,0.04200798,0.48309179,12.5,3,0,2362.25,19.25,14.53356693,14.870455,0.06880623,0.79127169,1052817,390,0
357,2013-09-17,2373.25,2379.75,2373,2379.25,14:06:00,09:31:00,LOD_FIRST,6.5,0.25,0.27388602,0.01053408,6.75,1,0,2371.75,8,14.870455,14.37970822,0.43710835,0.01681186,657816,390,0
358,2013-09-18,2378.75,2404.25,2374.25,2399.75,15:01:00,12:21:00,LOD_FIRST,25.5,4.5,1.07199159,0.18917499,30,1,0,2379.25,30,14.37970822,15.49544334,1.77333223,0.31294098,1656999,390,0
359,2013-09-19,2404,2404.75,2394.25,2396.5,09:35:00,14:02:00,HOD_FIRST,0.75,9.75,0.031198,0.40557404,10.5,1,0,2399.75,10.5,15.49544334,15.13862596,0.04840133,0.62921723,1241222,390,0
360,2013-09-20,2400,2400.25,2382.25,2383.75,09:31:00,15:36:00,HOD_FIRST,0.25,17.75,0.01041667,0.73958333,18,1,0,2396.5,18,15.13862596,15.34300982,0.01651405,1.17249743,1335189,390,0
361,2013-09-23,2381.5,2383.25,2370.5,2376,09:32:00,11:15:00,HOD_FIRST,1.75,11,0.0734831,0.46189376,12.75,3,0,2383.75,13.25,15.34300982,15.19350912,0.11405846,0.71693886,1355440,390,0
362,2013-09-24,2375.75,2382,2368.5,2372.25,13:50:00,10:20:00,LOD_FIRST,6.25,7.25,0.26307482,0.30516679,13.5,1,0,2376,13.5,15.19350912,15.07254418,0.41135987,0.47717745,1211635,390,0
363,2013-09-25,2373.25,2376,2365.5,2367.75,11:38:00,10:12:00,LOD_FIRST,2.75,7.75,0.11587486,0.32655641,10.5,1,0,2372.25,10.5,15.07254418,14.74593388,0.18245095,0.51417995,1368404,390,0
364,2013-09-26,2370,2378.5,2366.75,2373,10:11:00,14:43:00,HOD_FIRST,8.5,3.25,0.35864979,0.1371308,11.75,1,0,2367.75,11.75,14.74593388,14.53193861,0.57643009,0.22039974,1222853,390,0
365,2013-09-27,2364.75,2367.75,2361,2365.75,11:38:00,10:03:00,LOD_FIRST,3,3.75,0.1268633,0.15857913,6.75,1,0,2373,12,14.53193861,14.35108585,0.20644183,0.25805229,1122176,390,0
366,2013-09-30,2351,2362,2347.75,2356.75,13:19:00,09:31:00,LOD_FIRST,11,3.25,0.46788601,0.13823905,14.25,3,0,2365.75,18,14.35108585,14.61172257,0.76649252,0.2264637,1717708,390,0
367,2013-10-01,2357.5,2371.5,2356.25,2369.25,12:29:00,09:31:00,LOD_FIRST,14,1.25,0.59384942,0.05302227,15.25,1,0,2356.75,15.25,14.61172257,14.65731382,0.95813481,0.08554775,1314493,390,0
368,2013-10-02,2359.5,2368.5,2354.25,2367.75,13:39:00,10:11:00,LOD_FIRST,9,5.25,0.38143675,0.22250477,14.25,1,0,2369.25,15,14.65731382,14.6817914,0.61402793,0.35818296,1213390,390,0
369,2013-10-03,2364,2365.75,2344.25,2352.75,09:37:00,12:05:00,HOD_FIRST,1.75,19.75,0.07402707,0.83544839,21.5,1,0,2367.75,23.5,14.6817914,15.31166345,0.11919526,1.34520369,1954205,390,0
370,2013-10-04,2353.5,2367,2351.25,2365,15:14:00,09:34:00,LOD_FIRST,13.5,2.25,0.57361377,0.09560229,15.75,1,0,2352.75,15.75,15.31166345,15.3429732,0.88168082,0.1469468,1234205,390,0
371,2013-10-07,2350,2360.5,2348.25,2350.25,14:03:00,09:33:00,LOD_FIRST,10.5,1.75,0.44680851,0.07446809,12.25,3,0,2365,16.75,15.3429732,15.44347511,0.68435237,0.11405873,1272379,390,0
372,2013-10-08,2350,2352.25,2329.25,2330.5,09:56:00,16:00:00,HOD_FIRST,2.25,20.75,0.09574468,0.88297872,23,1,0,2350.25,23,15.44347511,15.98322689,0.1456926,1.34360951,1985058,390,0
373,2013-10-09,2333.75,2337.75,2321,2331.5,14:35:00,11:24:00,LOD_FIRST,4,12.75,0.17139796,0.54633101,16.75,1,0,2330.5,16.75,15.98322689,16.0379964,0.25026235,0.79771126,2102141,390,0
374,2013-10-10,2348.5,2368.75,2348.25,2367.75,15:15:00,09:31:00,LOD_FIRST,20.25,0.25,0.8622525,0.01064509,20.5,1,0,2331.5,37.25,16.0379964,17.55313951,1.26262655,0.01558798,1767597,390,0
375,2013-10-11,2365.25,2379.25,2363.5,2378.5,13:09:00,09:32:00,LOD_FIRST,14,1.75,0.5919036,0.07398795,15.75,1,0,2367.75,15.75,17.55313951,17.42434383,0.79757812,0.09969726,1179853,390,0
376,2013-10-14,2368,2387,2366.5,2385.75,15:16:00,09:32:00,LOD_FIRST,19,1.5,0.80236486,0.06334459,20.5,3,0,2378.5,20.5,17.42434383,17.64403356,1.09042844,0.08608646,1199654,390,0
377,2013-10-15,2381,2387.5,2370.5,2372.75,11:26:00,14:49:00,HOD_FIRST,6.5,10.5,0.27299454,0.44099118,17,1,0,2385.75,17,17.64403356,17.59803116,0.36839649,0.59510202,1501286,390,0
378,2013-10-16,2383.25,2398,2382.25,2397,11:14:00,09:31:00,LOD_FIRST,14.75,1,0.61890276,0.04195951,15.75,1,0,2372.75,25.25,17.59803116,18.14460037,0.83816194,0.05682454,1432368,390,0
379,2013-10-17,2390,2409.5,2389.5,2408.25,15:52:00,09:31:00,LOD_FIRST,19.5,0.5,0.81589958,0.0209205,20,1,0,2397,20,18.14460037,18.27712891,1.07469989,0.02755641,1276996,390,0
380,2013-10-18,2414.5,2421.25,2411.25,2419.75,14:43:00,09:39:00,LOD_FIRST,6.75,3.25,0.27956099,0.13460344,10,1,0,2408.25,13,18.27712891,17.90019113,0.36931402,0.17781786,1196094,390,0
381,2013-10-21,2420.25,2423.5,2415.75,2420,10:05:00,14:25:00,HOD_FIRST,3.25,4.5,0.13428365,0.18593121,7.75,3,0,2419.75,7.75,17.90019113,17.17517748,0.18156231,0.25139396,908157,390,0
382,2013-10-22,2425,2435.5,2422.75,2430.25,10:23:00,10:57:00,HOD_FIRST,10.5,2.25,0.43298969,0.09278351,12.75,1,0,2420,15.5,17.17517748,17.05552195,0.61134739,0.13100301,1513574,390,0
383,2013-10-23,2424.25,2425,2415.5,2422.25,09:34:00,10:53:00,HOD_FIRST,0.75,8.75,0.0309374,0.36093637,9.5,1,0,2430.25,14.75,17.05552195,16.89084181,0.04397403,0.51303033,1190027,390,0
384,2013-10-24,2425.25,2430,2421,2427.75,15:08:00,09:47:00,LOD_FIRST,4.75,4.25,0.1958561,0.17523967,9,1,0,2422.25,9,16.89084181,16.32721025,0.28121748,0.25161564,938175,390,0
385,2013-10-25,2431.25,2435.75,2427.75,2435.75,16:00:00,12:15:00,LOD_FIRST,4.5,3.5,0.18508997,0.14395887,8,1,0,2427.75,8,16.32721025,15.73240952,0.27561353,0.21436608,990758,390,0
386,2013-10-28,2435,2441,2433,2438.5,14:44:00,11:00:00,LOD_FIRST,6,2,0.24640657,0.08213552,8,3,0,2435.75,8,15.73240952,15.18009455,0.38137833,0.12712611,905439,390,0
387,2013-10-29,2442.5,2448.75,2440,2448.5,16:00:00,10:06:00,LOD_FIRST,6.25,2.5,0.25588536,0.10235415,8.75,1,0,2438.5,10.25,15.18009455,14.82794494,0.41172339,0.16468936,959178,390,0
388,2013-10-30,2450.25,2451.5,2432.75,2439.75,09:32:00,14:28:00,HOD_FIRST,1.25,17.5,0.0510152,0.71421284,18.75,1,0,2448.5,18.75,14.82794494,15.10809173,0.08430029,1.180204,1511926,390,0
389,2013-10-31,2437.75,2445,2431.25,2433.25,14:29:00,10:38:00,LOD_FIRST,7.25,6.5,0.29740539,0.26663932,13.75,1,0,2439.75,13.75,15.10809173,15.01108518,0.4798753,0.43023302,1528915,390,0
390,2013-11-01,2436.5,2442.25,2428,2437,10:08:00,12:19:00,HOD_FIRST,5.75,8.5,0.23599425,0.34886107,14.25,1,0,2433.25,14.25,15.01108518,14.95672195,0.38305025,0.5662482,1348069,390,0
391,2013-11-04,2443,2444.75,2437,2444,15:59:00,11:12:00,LOD_FIRST,1.75,6,0.07163324,0.24559967,7.75,3,0,2437,7.75,14.95672195,14.4419561,0.11700425,0.40115742,785553,390,0
392,2013-11-08,2424.25,2448.5,2424.25,2448.25,16:00:00,09:31:00,LOD_FIRST,24.25,0,1.00030937,0,24.25,4,0,2444,24.25,14.4419561,15.14253066,1.67913542,0,1462662,390,0
393,2013-11-11,2447.25,2451.25,2445,2449,09:56:00,09:34:00,LOD_FIRST,4,2.25,0.16344877,0.09193993,6.25,3,0,2448.25,6.25,15.14253066,14.5073499,0.26415664,0.14858811,755808,390,0
394,2013-11-14,2461.25,2470,2458.25,2469,15:43:00,10:09:00,LOD_FIRST,8.75,3,0.35551041,0.12188928,11.75,3,0,2449,21,14.5073499,14.97111062,0.60314255,0.20679173,1250608,390,0
395,2013-11-15,2471.5,2476.5,2469,2476.25,16:00:00,09:43:00,LOD_FIRST,5,2.5,0.20230629,0.10115315,7.5,1,0,2469,7.5,14.97111062,14.43745986,0.33397656,0.16698828,908129,390,0
396,2013-11-18,2479,2480.75,2465.75,2470.5,09:39:00,15:33:00,HOD_FIRST,1.75,13.25,0.07059298,0.53448971,15,3,0,2476.25,15,14.43745986,14.4776413,0.12121246,0.91775147,1238184,390,0
397,2013-11-21,2465.75,2476.5,2464.5,2474.5,15:18:00,09:32:00,LOD_FIRST,10.75,1.25,0.43597283,0.05069451,12,3,0,2470.5,12,14.4776413,14.30066692,0.74252427,0.08634003,1026607,390,0
398,2013-11-22,2475.75,2484.25,2473.5,2483.75,15:43:00,09:43:00,LOD_FIRST,8.5,2.25,0.3433303,0.09088155,10.75,1,0,2474.5,10.75,14.30066692,14.04704786,0.59437787,0.15733532,890766,390,0
399,2013-11-25,2487.25,2487.75,2479.5,2482.5,09:35:00,15:37:00,HOD_FIRST,0.5,7.75,0.02010252,0.3115891,8.25,3,0,2483.75,8.25,14.04704786,13.63297301,0.03559467,0.55171735,808942,390,0
400,2013-11-27,2484.75,2488.5,2482.25,2487,09:51:00,13:20:00,HOD_FIRST,3.75,2.5,0.15092062,0.10061374,6.25,2,0,2482.5,6.25,13.63297301,13.10561779,0.27506839,0.18337893,612976,390,0
401,2013-12-02,2486.5,2490,2478,2480.75,12:53:00,15:59:00,HOD_FIRST,3.5,8.5,0.1407601,0.34184597,12,5,0,2487,12,13.10561779,13.0266451,0.26706105,0.64857683,1068634,390,0
402,2013-12-04,2466.25,2480.5,2458.75,2472.5,10:26:00,13:32:00,HOD_FIRST,14.25,7.5,0.5778003,0.30410542,21.75,2,0,2480.75,22,13.0266451,13.66759902,1.09391174,0.57574302,1717475,390,0
403,2013-12-09,2490.75,2492.5,2487.25,2489.5,10:00:00,10:32:00,HOD_FIRST,1.75,3.5,0.07025996,0.14051992,5.25,5,0,2472.5,20,13.66759902,14.11991337,0.12804005,0.25608009,746118,390,0
404,2013-12-11,2483.75,2484,2460.25,2462.25,09:31:00,15:48:00,HOD_FIRST,0.25,23.5,0.01006543,0.94614997,23.75,2,0,2489.5,29.25,14.11991337,15.20063385,0.01770549,1.66431616,1405672,390,0
405,2013-12-12,2461.5,2464.25,2452.75,2457,09:46:00,12:25:00,HOD_FIRST,2.75,8.75,0.1117205,0.3554743,11.5,1,0,2462.25,11.5,15.20063385,14.93630286,0.18091351,0.57563389,1033007,390,0
406,2013-12-13,2460.25,2461.75,2452.75,2456,09:38:00,10:25:00,HOD_FIRST,1.5,7.5,0.06096941,0.30484707,9,1,0,2457,9,14.93630286,14.51228122,0.10042646,0.50213229,315399,390,0
407,2013-12-16,2464.25,2473,2463.75,2466.75,10:02:00,09:31:00,LOD_FIRST,8.75,0.5,0.35507761,0.02029015,9.25,3,0,2456,17,14.51228122,14.68997542,0.6029376,0.03445358,934118,390,0
408,2013-12-23,2508.75,2511.25,2505,2509.25,12:26:00,10:03:00,LOD_FIRST,2.5,3.75,0.09965122,0.14947683,6.25,7,1,,6.25,,,,,580135,390,0
409,2013-12-26,2517.75,2524.5,2517.75,2523.25,15:44:00,09:31:00,LOD_FIRST,6.75,0,0.26809651,0,6.75,3,0,2509.25,15.25,,,,,374246,390,0
410,2013-12-27,2526,2526.75,2521,2522.75,09:32:00,10:59:00,HOD_FIRST,0.75,5,0.02969121,0.19794141,5.75,1,0,2523.25,5.75,,,,,500819,390,0
411,2013-12-30,2523.25,2524.75,2520.25,2522.25,09:33:00,10:31:00,HOD_FIRST,1.5,3,0.05944714,0.11889428,4.5,3,0,2522.75,4.5,,,,,455415,390,0
412,2013-12-31,2524.75,2531,2523.5,2529.5,15:48:00,15:10:00,LOD_FIRST,6.25,1.25,0.24754926,0.04950985,7.5,1,0,2522.25,8.75,,,,,509128,390,0
413,2014-01-02,2524,2524.75,2508.5,2513,09:34:00,14:21:00,HOD_FIRST,0.75,15.5,0.02971474,0.6141046,16.25,2,0,2529.5,21,,,,,1037385,390,0
414,2014-01-06,2518,2519.25,2504,2507.5,09:31:00,11:28:00,HOD_FIRST,1.25,14,0.04964257,0.55599682,15.25,4,0,2513,15.25,,,,,1127548,390,0
415,2014-01-09,2524.5,2524.75,2511,2519.5,09:31:00,11:11:00,HOD_FIRST,0.25,13.5,0.00990295,0.53475936,13.75,3,0,2507.5,17.25,,,,,1109987,390,0
416,2014-01-10,2522.75,2525.5,2513,2524,09:32:00,11:36:00,HOD_FIRST,2.75,9.75,0.10900803,0.386483,12.5,1,0,2519.5,12.5,,,,,1035820,390,0
417,2014-01-13,2520.25,2525,2496.25,2500.25,10:33:00,15:46:00,HOD_FIRST,4.75,24,0.18847337,0.95228648,28.75,3,0,2524,28.75,,,,,1461707,390,0
418,2014-01-15,2524,2532.5,2523.25,2529.75,11:08:00,09:31:00,LOD_FIRST,8.5,0.75,0.33676704,0.02971474,9.25,2,0,2500.25,32.25,,,,,1003399,390,0
419,2014-01-16,2525.75,2527.75,2521.25,2527,09:56:00,11:02:00,HOD_FIRST,2,4.5,0.0791844,0.1781649,6.5,1,0,2529.75,8.5,,,,,701695,390,0
420,2014-01-17,2524,2527.25,2516,2519,12:16:00,15:34:00,HOD_FIRST,3.25,8,0.12876387,0.31695721,11.25,1,0,2527,11.25,,,,,894174,390,0
421,2014-01-21,2529.75,2530.75,2513,2525,09:35:00,12:08:00,HOD_FIRST,1,16.75,0.0395296,0.66212076,17.75,4,0,2519,17.75,,14.64285714,,,1010875,390,0
422,2014-01-27,2473.25,2477.75,2453.75,2462.5,09:48:00,12:22:00,HOD_FIRST,4.5,19.5,0.18194683,0.78843627,24,6,0,2525,71.25,14.64285714,18.68622449,0.30731707,1.33170732,2192720,390,0
423,2014-01-31,2452.5,2475,2451.5,2463,14:46:00,09:32:00,LOD_FIRST,22.5,1,0.91743119,0.04077472,23.5,4,0,2462.5,23.5,18.68622449,19.0300656,1.20409556,0.05351536,1754607,390,0
424,2014-02-03,2461.5,2465.75,2420.25,2423.75,09:38:00,15:50:00,HOD_FIRST,4.25,41.25,0.17265895,1.67580743,45.5,3,0,2463,45.5,19.0300656,20.9207752,0.22333081,2.16762259,2572631,390,0
425,2014-02-05,2429.75,2437.5,2418.75,2433,14:03:00,10:25:00,LOD_FIRST,7.75,11,0.31896286,0.45272147,18.75,2,0,2423.75,18.75,20.9207752,20.76571983,0.37044516,0.52579314,1592801,390,0
426,2014-02-06,2437.5,2456.5,2437.25,2456,15:59:00,09:31:00,LOD_FIRST,19,0.25,0.77948718,0.01025641,19.25,1,0,2433,23.5,20.76571983,20.96102555,0.91496949,0.01203907,1251623,390,0
427,2014-02-10,2478.5,2482.25,2473.5,2481.5,14:38:00,11:05:00,LOD_FIRST,3.75,5,0.15130119,0.20173492,8.75,4,0,2456,26.25,20.96102555,21.33880944,0.17890346,0.23853795,860647,390,0
428,2014-02-12,2504,2510,2498.75,2502.75,09:59:00,11:53:00,HOD_FIRST,6,5.25,0.23961661,0.20966454,11.25,2,0,2481.5,28.5,21.33880944,21.85032305,0.28117782,0.2460306,1072070,390,0
429,2014-02-13,2490,2513.75,2489.75,2512.25,14:07:00,09:31:00,LOD_FIRST,23.75,0.25,0.95381526,0.01004016,24,1,0,2502.75,24,21.85032305,22.00387141,1.08694045,0.01144148,1232271,390,0
430,2014-02-14,2510,2525.5,2508.25,2522,14:58:00,09:43:00,LOD_FIRST,15.5,1.75,0.61752988,0.06972112,17.25,1,0,2512.25,17.25,22.00387141,21.66430916,0.7044215,0.07953146,1009592,390,0
431,2014-02-18,2523.75,2526.75,2518.25,2524.25,11:33:00,10:06:00,LOD_FIRST,3,5.5,0.11887073,0.21792967,8.5,4,0,2522,8.5,21.66430916,20.72400137,0.13847661,0.25387378,820871,390,0
432,2014-02-20,2514.25,2527,2507.75,2523.25,15:53:00,10:01:00,LOD_FIRST,12.75,6.5,0.50710948,0.2585264,19.25,2,0,2524.25,19.25,20.72400137,20.61871555,0.61522868,0.31364599,1140115,390,0
433,2014-02-21,2526.75,2530.75,2519.5,2520.75,11:05:00,15:59:00,HOD_FIRST,4,7.25,0.15830612,0.28692985,11.25,1,0,2523.25,11.25,20.61871555,19.94952159,0.19399851,0.35162229,1021714,390,0
434,2014-02-24,2524.5,2543.5,2523.75,2531.75,12:03:00,09:31:00,LOD_FIRST,19,0.75,0.75262428,0.02970885,19.75,3,0,2520.75,22.75,19.94952159,20.14955576,0.95240379,0.03759489,1257726,390,0
435,2014-02-26,2533,2537.75,2524.75,2530,10:37:00,14:31:00,HOD_FIRST,4.75,8.25,0.18752467,0.32570075,13,2,0,2531.75,13,20.14955576,19.6388732,0.23573721,0.40943831,1205242,390,0
436,2014-03-03,2528.5,2536.25,2519,2530.75,10:01:00,12:13:00,HOD_FIRST,7.75,9.5,0.30650583,0.37571683,17.25,5,0,2530,17.25,19.6388732,19.4682394,0.39462549,0.48373447,1781702,390,0
437,2014-03-06,2563.75,2567.75,2560.5,2563.5,09:56:00,14:01:00,HOD_FIRST,4,3.25,0.15602145,0.12676743,7.25,3,0,2530.75,37,19.4682394,20.72050802,0.20546285,0.16693857,945874,390,0
438,2014-03-07,2570.5,2571.5,2556,2563.75,09:31:00,11:16:00,HOD_FIRST,1,14.5,0.03890294,0.56409259,15.5,1,0,2563.5,15.5,20.72050802,20.34761459,0.04826136,0.69978979,1351498,390,0
439,2014-03-10,2561.25,2564.25,2552.5,2563.5,15:52:00,10:43:00,LOD_FIRST,3,8.75,0.11713031,0.34163006,11.75,3,0,2563.75,11.75,20.34761459,19.73349926,0.14743743,0.43002584,856823,390,0
440,2014-03-11,2566.25,2569,2549.75,2553.5,10:58:00,15:14:00,HOD_FIRST,2.75,16.5,0.10716025,0.64296152,19.25,1,0,2563.5,19.25,19.73349926,19.6989636,0.13935694,0.83614162,1255496,390,0
441,2014-03-12,2545,2555.25,2540.5,2554.25,11:26:00,09:48:00,LOD_FIRST,10.25,4.5,0.40275049,0.17681729,14.75,1,0,2553.5,14.75,19.6989636,19.3454662,0.52033194,0.22843841,1166139,390,0
442,2014-03-13,2560.25,2561.75,2528.25,2533.75,09:37:00,15:20:00,HOD_FIRST,1.5,32,0.05858803,1.24987794,33.5,1,0,2554.25,33.5,19.3454662,20.35650433,0.07753755,1.65413434,1569302,390,0
443,2014-03-14,2529.75,2539.75,2526,2527.5,10:10:00,15:54:00,HOD_FIRST,10,3.75,0.39529598,0.14823599,13.75,1,0,2533.75,13.75,20.35650433,19.88461116,0.49124348,0.1842163,516635,390,0
444,2014-03-17,2537.5,2549.5,2536.5,2544.75,10:06:00,09:31:00,LOD_FIRST,12,1,0.4729064,0.03940887,13,3,0,2527.5,22,19.88461116,20.03571036,0.60348175,0.05029015,1024540,390,0
445,2014-03-18,2548.5,2560.75,2546.5,2558.5,14:52:00,09:35:00,LOD_FIRST,12.25,2,0.48067491,0.07847754,14.25,1,0,2544.75,16,20.03571036,19.74744534,0.61140832,0.09982177,1036865,390,0
446,2014-03-19,2558.75,2561,2535.75,2548,10:14:00,15:13:00,HOD_FIRST,2.25,23,0.08793356,0.8988764,25.25,1,0,2558.5,25.25,19.74744534,20.14048496,0.11393879,1.16470762,1349122,390,0
447,2014-03-20,2543.5,2559.75,2540,2558.5,13:02:00,09:51:00,LOD_FIRST,16.25,3.5,0.63888343,0.13760566,19.75,1,0,2548,19.75,20.14048496,20.11259317,0.80683261,0.17377933,1127967,390,0
448,2014-03-21,2566.25,2570.5,2549.25,2551.25,09:36:00,15:43:00,HOD_FIRST,4.25,17,0.1656113,0.6624452,21.25,1,0,2558.5,21.25,20.11259317,20.19383652,0.21131039,0.84524158,1379020,390,0
449,2014-03-24,2557.5,2559.75,2535,2543.25,09:34:00,12:45:00,HOD_FIRST,2.25,22.5,0.08797654,0.8797654,24.75,3,0,2551.25,24.75,20.19383652,20.51927677,0.11142014,1.11420135,1560582,390,0
450,2014-03-25,2552.75,2558.25,2541.75,2552.5,10:12:00,12:29:00,HOD_FIRST,5.5,11,0.21545392,0.43090784,16.5,1,0,2543.25,16.5,20.51927677,20.23218557,0.26804064,0.53608127,1378996,390,0
451,2014-03-26,2559.5,2562.5,2538,2538.5,09:33:00,16:00:00,HOD_FIRST,3,21.5,0.11721039,0.84000781,24.5,1,0,2552.5,24.5,20.23218557,20.53702946,0.14827859,1.06266325,1582591,390,0
452,2014-03-27,2536.5,2542,2527.75,2534.75,10:22:00,09:46:00,LOD_FIRST,5.5,8.75,0.21683422,0.34496353,14.25,1,0,2538.5,14.25,20.53702946,20.08795593,0.26780894,0.42605967,1709394,390,0
453,2014-03-28,2539.75,2553.25,2538.75,2543.25,10:56:00,14:20:00,HOD_FIRST,13.5,1,0.53154838,0.03937395,14.5,1,0,2534.75,18.5,20.08795593,19.9745305,0.67204449,0.04978107,1251584,390,0
454,2014-03-31,2555,2561.75,2553.25,2558.75,12:36:00,11:26:00,LOD_FIRST,6.75,1.75,0.26418787,0.06849315,8.5,3,0,2543.25,18.5,19.9745305,19.86920689,0.33793035,0.08761157,1258876,390,0
455,2014-04-01,2565,2572.25,2563,2571.25,15:54:00,12:02:00,LOD_FIRST,7.25,2,0.28265107,0.07797271,9.25,1,0,2558.75,13.5,19.86920689,19.41426354,0.36488623,0.10065827,979727,390,0
456,2014-04-02,2573.75,2580,2570,2577.5,15:46:00,09:36:00,LOD_FIRST,6.25,3.75,0.24283633,0.1457018,10,1,0,2571.25,10,19.41426354,18.74181615,0.32192826,0.19315695,947322,390,0
457,2014-04-03,2580.25,2580.75,2569.25,2575,09:31:00,14:39:00,HOD_FIRST,0.5,11,0.01937797,0.42631528,11.5,1,0,2577.5,11.5,18.74181615,18.22454357,0.02667831,0.58692284,977191,390,0
458,2014-04-04,2585,2586,2549.5,2552.75,09:31:00,14:47:00,HOD_FIRST,1,35.5,0.03868472,1.37330754,36.5,1,0,2575,36.5,18.22454357,19.52993331,0.05487106,1.94792258,2134301,390,0
459,2014-04-07,2547.75,2551.25,2528.25,2531.75,10:13:00,14:25:00,HOD_FIRST,3.5,19.5,0.13737612,0.76538122,23,3,0,2552.75,24.5,19.52993331,19.88493808,0.17921208,0.99846731,1811803,390,0
460,2014-04-08,2530.75,2542.75,2524.5,2539.5,13:29:00,10:30:00,LOD_FIRST,12,6.25,0.47416774,0.24696236,18.25,1,0,2531.75,18.25,19.88493808,19.76815678,0.60347183,0.31430825,1528959,390,0
461,2014-04-09,2544.5,2560.25,2539,2559.5,15:51:00,10:11:00,LOD_FIRST,15.75,5.5,0.61898212,0.21615249,21.25,1,0,2539.5,21.25,19.76815678,19.87400273,0.79673589,0.27822523,1184430,390,0
462,2014-04-11,2510.25,2522.25,2501,2502.75,11:18:00,14:50:00,HOD_FIRST,12,9.25,0.47804004,0.36848919,21.25,2,0,2559.5,58.5,19.87400273,22.63300253,0.60380388,0.46543216,1996983,390,0
463,2014-04-14,2517.5,2521.75,2502.5,2517.5,12:37:00,15:15:00,HOD_FIRST,4.25,15,0.16881827,0.5958292,19.25,3,0,2502.75,19.25,22.63300253,22.3913595,0.18777889,0.66274901,1448988,390,0
464,2014-04-15,2521.25,2531.5,2503,2530.25,15:52:00,13:03:00,LOD_FIRST,10.25,18.25,0.40654437,0.7238473,28.5,1,0,2517.5,28.5,22.3913595,22.82769096,0.45776586,0.81504654,2235343,390,0
465,2014-04-16,2543,2549.75,2534.5,2549.5,16:00:00,11:04:00,LOD_FIRST,6.75,8.5,0.26543453,0.33425088,15.25,1,0,2530.25,19.5,22.82769096,22.58999875,0.29569351,0.37235479,1242650,390,0
466,2014-04-17,2547,2557.5,2544,2552,15:16:00,09:56:00,LOD_FIRST,10.5,3,0.41224971,0.11778563,13.5,1,0,2549.5,13.5,22.58999875,21.94071312,0.46480746,0.13280213,967020,390,0
467,2014-04-21,2552.75,2559.25,2550.25,2558.75,14:58:00,10:40:00,LOD_FIRST,6.5,2.5,0.25462736,0.0979336,9,4,0,2552,9,21.94071312,21.01637647,0.2962529,0.11394342,435487,390,0
468,2014-04-22,2560.5,2572.5,2559.5,2567,13:53:00,09:43:00,LOD_FIRST,12,1,0.46865847,0.03905487,13,1,0,2558.75,13.75,21.01637647,20.49734958,0.5709833,0.04758194,874381,390,0
469,2014-04-23,2566.5,2567.5,2561.25,2563,09:43:00,10:06:00,HOD_FIRST,1,5.25,0.03896357,0.20455874,6.25,1,0,2567,6.25,20.49734958,19.47968175,0.0487868,0.25613068,730311,390,0
470,2014-04-24,2572,2572.25,2557.5,2566.75,09:31:00,10:10:00,HOD_FIRST,0.25,14.5,0.00972006,0.56376361,14.75,1,0,2563,14.75,19.47968175,19.14184734,0.01283389,0.74436534,1309373,390,0
471,2014-04-25,2560.75,2561.75,2546.75,2551.5,09:35:00,14:32:00,HOD_FIRST,1,14,0.03905106,0.54671483,15,1,0,2566.75,20,19.14184734,19.20314396,0.05224156,0.73138186,1231571,390,0
472,2014-04-28,2559,2565.5,2537.75,2557.5,10:32:00,13:34:00,HOD_FIRST,6.5,21.25,0.25400547,0.8304025,27.75,3,0,2551.5,27.75,19.20314396,19.81363368,0.33848624,1.10658963,1798220,390,0
473,2014-04-29,2563.25,2569,2559,2565.75,12:37:00,10:31:00,LOD_FIRST,5.75,4.25,0.22432459,0.16580513,10,1,0,2557.5,11.5,19.81363368,19.2198027,0.29020421,0.21449877,983717,390,0
474,2014-04-30,2562.75,2573.25,2560.25,2572.25,14:55:00,10:06:00,LOD_FIRST,10.5,2.5,0.40971613,0.09755146,13,1,0,2565.75,13,19.2198027,18.77553108,0.54631154,0.13007418,1178494,390,0
475,2014-05-01,2570.5,2576.5,2565.25,2571.5,11:33:00,10:17:00,LOD_FIRST,6,5.25,0.23341762,0.20424042,11.25,1,0,2572.25,11.25,18.77553108,18.23799315,0.31956486,0.27961925,819484,390,0
476,2014-05-02,2571.25,2579.5,2565.75,2569,10:14:00,14:10:00,HOD_FIRST,8.25,5.5,0.32085561,0.21390374,13.75,1,0,2571.5,13.75,18.23799315,17.91742221,0.4523524,0.30156827,1345093,390,0
477,2014-05-05,2559.5,2573.75,2554.25,2572.25,14:51:00,09:42:00,LOD_FIRST,14.25,5.25,0.55674937,0.20511819,19.5,3,0,2569,19.5,17.91742221,18.03046348,0.7953153,0.2930109,940710,390,0
478,2014-05-06,2568,2569.25,2555.5,2556.25,10:32:00,15:04:00,HOD_FIRST,1.25,12.5,0.04867601,0.48676012,13.75,1,0,2572.25,16.75,18.03046348,17.9390018,0.06932711,0.69327114,1143459,390,0
479,2014-05-07,2562.5,2567.75,2548.25,2567,15:59:00,10:16:00,LOD_FIRST,5.25,14.25,0.20487805,0.55609756,19.5,1,0,2556.25,19.5,17.9390018,18.05050167,0.29265842,0.79435858,1636505,390,0
480,2014-05-09,2565,2568.75,2556.25,2568.5,12:59:00,11:11:00,LOD_FIRST,3.75,8.75,0.14619883,0.3411306,12.5,2,0,2567,12.5,18.05050167,17.65403727,0.20775046,0.48475107,1234193,390,0
481,2014-05-12,2575.75,2586.75,2575.5,2585.75,15:54:00,09:31:00,LOD_FIRST,11,0.25,0.42706008,0.00970591,11.25,3,0,2568.5,18.25,17.65403727,17.69660603,0.62308694,0.01416107,954748,390,0
482,2014-05-13,2588,2592.25,2585.75,2587.5,10:40:00,15:26:00,HOD_FIRST,4.25,2.25,0.16421947,0.08693972,6.5,1,0,2585.75,6.5,17.69660603,16.89684846,0.24015904,0.12714302,819230,390,0
483,2014-05-14,2586.25,2587,2576,2578.5,09:32:00,15:34:00,HOD_FIRST,0.75,10.25,0.02899952,0.39632673,11,1,0,2587.5,11.5,16.89684846,16.51135928,0.04438698,0.606622,961500,390,0
484,2014-05-15,2574.75,2575.25,2552.75,2562,09:31:00,11:57:00,HOD_FIRST,0.5,22,0.01941936,0.85445189,22.5,1,0,2578.5,25.75,16.51135928,17.17126219,0.03028218,1.33241604,1868155,390,0
485,2014-05-16,2563,2569.25,2555,2568.75,15:38:00,10:09:00,LOD_FIRST,6.25,8,0.24385486,0.31213422,14.25,1,0,2562,14.25,17.17126219,16.96260061,0.36398023,0.4658947,1148372,390,0
486,2014-05-19,2564.75,2576.75,2563,2575.25,15:35:00,09:32:00,LOD_FIRST,12,1.75,0.46788186,0.06823277,13.75,3,0,2568.75,13.75,16.96260061,16.73312914,0.70743869,0.10316814,757308,390,0
487,2014-05-20,2574.25,2574.5,2558.5,2563,09:31:00,14:00:00,HOD_FIRST,0.25,15.75,0.00971157,0.61182869,16,1,0,2575.25,16.75,16.73312914,16.7343342,0.01494042,0.94124655,1286453,390,0
488,2014-05-21,2568.75,2580.25,2568.25,2579,15:19:00,09:31:00,LOD_FIRST,11.5,0.5,0.44768856,0.01946472,12,1,0,2563,17.25,16.7343342,16.77116747,0.68720989,0.02987869,1056810,390,0
489,2014-05-22,2579.5,2587.75,2576.5,2584,15:00:00,09:36:00,LOD_FIRST,8.25,3,0.31982942,0.11630161,11.25,1,0,2579,11.25,16.77116747,16.37679836,0.49191567,0.17887842,780474,390,0
490,2014-05-23,2585.25,2593,2584.5,2591.75,15:52:00,09:31:00,LOD_FIRST,7.75,0.75,0.29977758,0.02901073,8.5,1,0,2584,9,16.37679836,15.84988419,0.47323047,0.0457965,581581,390,0
491,2014-05-27,2598.5,2603.75,2597.25,2603,15:45:00,09:39:00,LOD_FIRST,5.25,1.25,0.20203964,0.04810468,6.5,4,0,2591.75,12,15.84988419,15.57489247,0.3312327,0.07886493,659571,390,0
492,2014-05-28,2603,2606.25,2598.25,2601.25,13:55:00,10:48:00,LOD_FIRST,3.25,4.75,0.12485594,0.18248175,8,1,0,2603,8,15.57489247,15.03382872,0.20866918,0.30497803,809732,390,0
493,2014-05-29,2606,2611.75,2601,2611.75,15:56:00,10:18:00,LOD_FIRST,5.75,5,0.22064467,0.19186493,10.75,1,0,2601.25,10.75,15.03382872,14.72784095,0.38247077,0.33258328,761153,390,0
494,2014-05-30,2609.5,2616,2608,2614.5,15:58:00,09:36:00,LOD_FIRST,6.5,1.5,0.24908986,0.05748228,8,1,0,2611.75,8,14.72784095,14.24728089,0.441341,0.10184792,910675,390,0
495,2014-06-02,2617.25,2617.75,2607.5,2616.75,15:47:00,10:10:00,LOD_FIRST,0.5,9.75,0.01910402,0.37252842,10.25,3,0,2614.5,10.25,14.24728089,13.96176082,0.03509442,0.68434111,869382,390,0
496,2014-06-03,2611.75,2616.75,2610.25,2615.75,14:21:00,11:42:00,LOD_FIRST,5,1.5,0.19144252,0.05743276,6.5,1,0,2616.75,6.5,13.96176082,13.42877791,0.35812102,0.10743631,737297,390,0
497,2014-06-04,2612.25,2620.75,2610.5,2619.5,13:06:00,09:43:00,LOD_FIRST,8.5,1.75,0.32538999,0.06699206,10.25,1,0,2615.75,10.25,13.42877791,13.20172234,0.63296899,0.13031715,695322,390,0
498,2014-06-05,2621.75,2634.5,2614.75,2632.25,14:25:00,10:17:00,LOD_FIRST,12.75,7,0.48631639,0.26699723,19.75,1,0,2619.5,19.75,13.20172234,13.66945646,0.96578308,0.53023385,1283372,390,0
499,2014-06-06,2636.5,2642,2635.5,2641.75,12:58:00,09:33:00,LOD_FIRST,5.5,1,0.2086099,0.03792907,6.5,1,0,2632.25,9.75,13.66945646,13.38949528,0.40235689,0.0731558,860463,390,0
500,2014-06-09,2641.25,2648.5,2639.5,2643.75,11:54:00,14:35:00,HOD_FIRST,7.25,1.75,0.27449124,0.06625651,9,3,0,2641.75,9,13.38949528,13.07595991,0.54146925,0.13069947,788958,390,0
501,2014-06-10,2641.25,2644,2636.75,2643.75,16:00:00,10:09:00,LOD_FIRST,2.75,4.5,0.10411737,0.17037388,7.25,1,0,2643.75,7.25,13.07595991,12.65981991,0.21030961,0.34414299,692167,390,0
502,2014-06-11,2636.75,2639,2632.25,2637.25,09:53:00,14:23:00,HOD_FIRST,2.25,4.5,0.08533232,0.17066464,6.75,1,0,2643.75,11.5,12.65981991,12.57697563,0.17772765,0.35545529,841012,390,0
503,2014-06-16,2626.75,2634.5,2624,2630.75,10:23:00,11:38:00,HOD_FIRST,7.75,2.75,0.2950414,0.10469211,10.5,5,0,2637.25,13.25,12.57697563,12.6250488,0.61620538,0.21865352,171012,390,0
504,2014-06-17,2627.75,2637,2625.5,2635.75,14:24:00,09:32:00,LOD_FIRST,9.25,2.25,0.35201218,0.08562458,11.5,1,0,2630.75,11.5,12.6250488,12.54468817,0.73267044,0.17821713,900083,390,0
505,2014-06-18,2635.75,2651.5,2630.5,2649.75,15:49:00,14:01:00,LOD_FIRST,15.75,5.25,0.59755288,0.19918429,21,1,0,2635.75,21,12.54468817,13.14863902,1.25551148,0.41850383,1224200,390,0
506,2014-06-19,2651.75,2653.5,2645.25,2652.25,09:41:00,13:20:00,HOD_FIRST,1.75,6.5,0.06599415,0.24512115,8.25,1,0,2649.75,8.25,13.14863902,12.79873623,0.13309362,0.49434774,977230,390,0
507,2014-06-20,2656.75,2656.75,2653.25,2656,09:31:00,10:27:00,HOD_FIRST,0,3.5,0,0.13173991,3.5,1,0,2652.25,4.5,12.79873623,12.20596936,0,0.2734645,814465,390,0
508,2014-06-23,2655.75,2656.75,2651.25,2655,10:05:00,11:33:00,HOD_FIRST,1,4.5,0.03765415,0.16944366,5.5,3,0,2656,5.5,12.20596936,11.72697155,0.08192713,0.36867207,750919,390,0
509,2014-06-24,2651.5,2661.25,2641,2643,11:05:00,15:37:00,HOD_FIRST,9.75,10.5,0.36771639,0.39600226,20.25,1,0,2655,20.25,11.72697155,12.33575929,0.8314167,0.89537183,1270481,390,0
510,2014-06-25,2639,2654.5,2639,2652,15:47:00,09:31:00,LOD_FIRST,15.5,0,0.58734369,0,15.5,1,0,2643,15.5,12.33575929,12.56177649,1.2565096,0,1181067,390,0
511,2014-06-26,2652.75,2652.75,2637.5,2650.75,09:31:00,09:52:00,HOD_FIRST,0,15.25,0,0.57487513,15.25,1,0,2652,15.25,12.56177649,12.75379245,0,1.21400027,1252447,390,0
512,2014-06-27,2646,2655.25,2645,2654.5,15:53:00,13:19:00,LOD_FIRST,9.25,1,0.34958428,0.03779289,10.25,1,0,2650.75,10.25,12.75379245,12.57495013,0.72527447,0.07840805,895258,390,0
513,2014-06-30,2653.25,2658,2651.5,2653.25,10:19:00,15:46:00,HOD_FIRST,4.75,1.75,0.17902572,0.06595685,6.5,3,0,2654.5,6.5,12.57495013,12.14102512,0.3777351,0.13916556,896221,390,0
514,2014-07-01,2658,2673,2657.5,2667,13:22:00,09:31:00,LOD_FIRST,15,0.5,0.56433409,0.01881114,15.5,1,0,2653.25,19.75,12.14102512,12.68452333,1.23548052,0.04118268,1246092,390,0
515,2014-07-02,2667,2671.25,2666,2669,11:04:00,09:31:00,LOD_FIRST,4.25,1,0.15935508,0.03749531,5.25,1,0,2667,5.25,12.68452333,12.15348595,0.33505398,0.07883623,721802,390,0
516,2014-07-07,2674.75,2676.25,2668.5,2671.75,10:19:00,14:35:00,HOD_FIRST,1.5,6.25,0.05608001,0.2336667,7.75,5,0,2669,7.75,12.15348595,11.83895124,0.12342138,0.51425575,920413,390,0
517,2014-07-08,2668,2668.75,2654,2659.25,09:31:00,12:19:00,HOD_FIRST,0.75,14,0.02811094,0.52473763,14.75,1,0,2671.75,17.75,11.83895124,12.26116901,0.06335021,1.18253718,1531566,390,0
518,2014-07-09,2663.5,2669.5,2659.5,2667.75,15:12:00,10:21:00,LOD_FIRST,6,4,0.22526751,0.15017834,10,1,0,2659.25,10.25,12.26116901,12.11751408,0.48934975,0.32623317,1145769,390,0
519,2014-07-10,2648.75,2665.25,2647,2659.75,13:41:00,09:32:00,LOD_FIRST,16.5,1.75,0.62293535,0.0660689,18.25,1,0,2667.75,20.75,12.11751408,12.73412022,1.36166543,0.14441906,1500897,390,0
520,2014-07-11,2658.75,2664.25,2654.25,2662.75,15:39:00,09:49:00,LOD_FIRST,5.5,4.5,0.20686413,0.16925247,10,1,0,2659.75,10,12.73412022,12.53882591,0.43191048,0.3533813,1114446,390,0
521,2014-07-14,2672.75,2675.25,2671,2672.5,11:09:00,09:39:00,LOD_FIRST,2.5,1.75,0.09353662,0.06547563,4.25,3,0,2662.75,12.5,12.53882591,12.53605263,0.19938071,0.1395665,784025,390,0
522,2014-07-15,2673.5,2677.5,2660,2669.25,09:47:00,12:05:00,HOD_FIRST,4,13.5,0.14961661,0.50495605,17.5,1,0,2672.5,17.5,12.53605263,12.8906203,0.31907971,1.07689401,1648577,390,0
523,2014-07-16,2677.75,2679.25,2670.5,2676.25,09:36:00,11:41:00,HOD_FIRST,1.5,7.25,0.05601718,0.2707497,8.75,1,0,2669.25,10,12.8906203,12.68414742,0.11636368,0.56242445,1064970,390,0
524,2014-07-17,2669.75,2677.25,2650.25,2653.5,10:23:00,15:48:00,HOD_FIRST,7.5,19.5,0.28092518,0.73040547,27,1,0,2676.25,27,12.68414742,13.70670832,0.59128925,1.53735205,2080116,390,0
525,2014-07-18,2659.5,2675.5,2658.5,2673.5,15:22:00,09:31:00,LOD_FIRST,16,1,0.60161685,0.03760105,17,1,0,2653.5,22,13.70670832,14.2990863,1.16731163,0.07295698,1396601,390,0
526,2014-07-21,2667.25,2671.25,2660.25,2669.5,15:27:00,10:45:00,LOD_FIRST,4,7,0.14996719,0.26244259,11,3,0,2673.5,13.25,14.2990863,14.22415156,0.27973815,0.48954177,1103306,390,0
527,2014-07-22,2676.25,2681.75,2675,2678,11:06:00,09:44:00,LOD_FIRST,5.5,1.25,0.20551144,0.04670715,6.75,1,0,2669.5,12.25,14.22415156,14.08314074,0.3866663,0.0878787,933581,390,0
528,2014-07-23,2681.25,2684.75,2677,2682.75,10:42:00,09:46:00,LOD_FIRST,3.5,4.25,0.13053613,0.15850816,7.75,1,0,2678,7.75,14.08314074,13.63077354,0.24852411,0.30177927,932824,390,0
529,2014-07-24,2684.5,2687,2680.75,2682.5,11:35:00,10:01:00,LOD_FIRST,2.5,3.75,0.09312721,0.13969082,6.25,1,0,2682.75,6.25,13.63077354,13.10357543,0.18340852,0.27511278,896455,390,0
530,2014-07-25,2677,2678.75,2669.25,2673.5,10:24:00,11:24:00,HOD_FIRST,1.75,7.75,0.06537168,0.28950318,9.5,1,0,2682.5,13.25,13.10357543,13.11403433,0.13355134,0.59144163,1177583,390,0
531,2014-07-28,2673.75,2677.25,2662,2674.25,13:41:00,10:23:00,LOD_FIRST,3.5,11.75,0.13090229,0.43945769,15.25,3,0,2673.5,15.25,13.11403433,13.26660331,0.26688965,0.89598667,1112227,390,0
532,2014-07-29,2678,2680.75,2665.5,2665.75,10:16:00,16:00:00,HOD_FIRST,2.75,12.5,0.10268857,0.46676624,15.25,1,0,2674.25,15.25,13.26660331,13.4082745,0.20728742,0.94221556,1194235,390,0
533,2014-07-30,2672.5,2675.5,2657.75,2666.25,09:33:00,12:10:00,HOD_FIRST,3,14.75,0.11225444,0.55191768,17.75,1,0,2665.75,17.75,13.4082745,13.71839775,0.22374244,1.10006698,1434940,390,0
534,2014-07-31,2652.25,2654,2626.25,2626.25,09:50:00,16:00:00,HOD_FIRST,1.75,26,0.06598171,0.98029975,27.75,1,0,2666.25,40,13.71839775,15.59565505,0.12756592,1.89526506,2162818,390,0
535,2014-08-01,2621.5,2633.5,2611.5,2620.75,10:04:00,11:58:00,HOD_FIRST,12,10,0.45775319,0.381461,22,1,0,2626.25,22,15.59565505,16.05310826,0.76944508,0.64120423,2048537,390,0
536,2014-08-04,2624.5,2638.75,2616,2634.75,15:43:00,10:59:00,LOD_FIRST,14.25,8.5,0.54296056,0.32387121,22.75,3,0,2620.75,22.75,16.05310826,16.53145767,0.88767856,0.52949247,1242547,390,0
537,2014-08-05,2626.75,2631.75,2608.75,2615.5,11:22:00,14:10:00,HOD_FIRST,5,18,0.19034929,0.68525745,23,1,0,2634.75,26,16.53145767,17.20778212,0.30245367,1.0888332,1745331,390,0
538,2014-08-06,2606.75,2624.75,2606.5,2616.25,12:06:00,09:31:00,LOD_FIRST,18,0.25,0.69051501,0.00959049,18.25,1,0,2615.5,18.25,17.20778212,17.28222626,1.04603835,0.01452831,1272933,390,0
539,2014-08-07,2625,2627,2601,2605.75,09:33:00,15:23:00,HOD_FIRST,2,24,0.07619048,0.91428571,26,1,0,2616.25,26,17.28222626,17.90492438,0.11572583,1.38870998,1552007,390,0
540,2014-08-08,2610.25,2629.5,2605,2628,15:58:00,10:29:00,LOD_FIRST,19.25,5.25,0.73747725,0.20113016,24.5,1,0,2605.75,24.5,17.90492438,18.37600121,1.07512322,0.29321542,1237508,390,0
541,2014-08-11,2635.25,2642.25,2632.5,2633.5,11:22:00,14:02:00,HOD_FIRST,7,2.75,0.26562945,0.10435443,9.75,3,0,2628,14.25,18.37600121,18.08128684,0.38093162,0.14965171,879798,390,0
542,2014-08-12,2631.75,2637.25,2624.75,2631,10:06:00,14:32:00,HOD_FIRST,5.5,7,0.20898642,0.26598271,12.5,1,0,2633.5,12.5,18.08128684,17.68262349,0.30418189,0.38714059,973538,390,0
543,2014-08-13,2638.5,2646.5,2635.25,2644.75,11:37:00,10:17:00,LOD_FIRST,8,3.25,0.30320258,0.12317605,11.25,1,0,2631,15.5,17.68262349,17.52672182,0.45242155,0.18379626,822179,390,0
544,2014-08-14,2647.5,2653.25,2645.25,2653,16:00:00,10:08:00,LOD_FIRST,5.75,2.25,0.21718602,0.08498584,8,1,0,2644.75,8.5,17.52672182,16.88195597,0.32807048,0.1283754,668269,390,0
545,2014-08-15,2660.25,2662.25,2638.5,2652.75,10:33:00,11:57:00,HOD_FIRST,2,21.75,0.0751809,0.81759233,23.75,1,0,2653,23.75,16.88195597,17.37253055,0.11846968,1.28835782,1558403,390,0
546,2014-08-18,2663.5,2670.25,2662.5,2669.25,12:06:00,09:42:00,LOD_FIRST,6.75,1,0.25342594,0.03754458,7.75,3,0,2652.75,17.5,17.37253055,17.38163551,0.38854443,0.05756214,614083,390,0
547,2014-08-19,2673.75,2681,2672,2679.25,14:28:00,09:47:00,LOD_FIRST,7.25,1.75,0.27115475,0.06545115,9,1,0,2669.25,11.75,17.38163551,16.97937583,0.41710689,0.10068097,630854,390,0
548,2014-08-20,2677,2687.25,2676.5,2684.75,15:44:00,09:31:00,LOD_FIRST,10.25,0.5,0.3828913,0.01867762,10.75,1,0,2679.25,10.75,16.97937583,16.53442041,0.60367355,0.02944749,828340,390,0
549,2014-08-21,2686.25,2693.25,2684.75,2690.25,15:17:00,10:15:00,LOD_FIRST,7,1.5,0.26058632,0.05583993,8.5,1,0,2684.75,8.5,16.53442041,15.96053324,0.42335926,0.09071984,619332,390,0
550,2014-08-22,2689,2692.5,2682.75,2687.25,10:14:00,11:02:00,HOD_FIRST,3.5,6.25,0.13015991,0.23242841,9.75,1,0,2690.25,9.75,15.96053324,15.51692372,0.21929092,0.39159093,870278,390,0
551,2014-08-25,2697,2701,2694,2697.5,11:06:00,13:10:00,HOD_FIRST,4,3,0.14831294,0.11123471,7,3,0,2687.25,13.75,15.51692372,15.39071488,0.25778305,0.19333729,660334,390,0
552,2014-08-26,2699,2704,2698.25,2699,11:29:00,09:31:00,LOD_FIRST,5,0.75,0.1852538,0.02778807,5.75,1,0,2697.5,6.5,15.39071488,14.75566382,0.3248712,0.04873068,674690,390,0
553,2014-08-27,2700,2701.25,2694.75,2698,09:32:00,15:08:00,HOD_FIRST,1.25,5.25,0.0462963,0.19444444,6.5,1,0,2699,6.5,14.75566382,14.16597355,0.08471323,0.35579558,573751,390,0
554,2014-08-28,2691.25,2698.25,2689.25,2697,12:47:00,09:46:00,LOD_FIRST,7,2,0.26010218,0.07431491,9,1,0,2698,9,14.16597355,13.79697544,0.49414182,0.14118338,774288,390,0
555,2014-08-29,2700,2703,2693.5,2702.5,12:01:00,10:13:00,LOD_FIRST,3,6.5,0.11111111,0.24074074,9.5,1,0,2697,9.5,13.79697544,13.49004862,0.21743896,0.47111775,791533,390,0
556,2014-09-02,2705.25,2705.5,2694,2701.25,09:31:00,13:04:00,HOD_FIRST,0.25,11.25,0.00924129,0.41585805,11.5,4,0,2702.5,11.5,13.49004862,13.34790229,0.01853218,0.83394807,923778,390,0
557,2014-09-04,2703.75,2711.25,2692,2697.75,10:17:00,15:20:00,HOD_FIRST,7.5,11.75,0.27739251,0.4345816,19.25,2,0,2701.25,19.25,13.34790229,13.7694807,0.56188604,0.88028813,1126913,390,0
558,2014-09-05,2697,2707.5,2689.5,2706.75,15:54:00,10:42:00,LOD_FIRST,10.5,7.5,0.38932147,0.27808676,18,1,0,2697.75,18,13.7694807,14.07166065,0.76255599,0.54468285,1163433,390,0
559,2014-09-08,2704.75,2707.5,2695.25,2701.5,10:04:00,13:47:00,HOD_FIRST,2.75,9.5,0.10167298,0.35123394,12.25,3,0,2706.75,12.25,14.07166065,13.94154203,0.19542825,0.67511577,975957,390,0
560,2014-09-09,2699.5,2700.75,2684.5,2688.75,13:51:00,15:22:00,HOD_FIRST,1.25,15,0.04630487,0.55565846,16.25,1,0,2701.5,17,13.94154203,14.16000331,0.0896601,1.07592115,1480081,390,0
561,2014-09-10,2689.75,2697.5,2682.75,2696.5,15:19:00,10:41:00,LOD_FIRST,7.75,7,0.28813087,0.26024723,14.75,1,0,2688.75,14.75,14.16000331,14.20214594,0.54731626,0.49435017,1094270,390,0
562,2014-09-11,2688,2698.75,2686.5,2698.25,15:58:00,10:41:00,LOD_FIRST,10.75,1.5,0.3999256,0.05580357,12.25,1,0,2696.5,12.25,14.20214594,14.06270694,0.75692786,0.10561784,949197,390,0
563,2014-09-12,2696.25,2696.75,2680.75,2686.75,09:31:00,14:43:00,HOD_FIRST,0.5,15.5,0.01854427,0.57487251,16,1,0,2698.25,17.5,14.06270694,14.30822787,0.03555503,1.102206,449399,390,0
564,2014-09-15,2687,2688.5,2679,2685.25,14:37:00,10:02:00,LOD_FIRST,1.5,8,0.05582434,0.29772981,9.5,3,0,2686.75,9.5,14.30822787,13.96478302,0.10483479,0.55911886,957968,390,0
565,2014-09-16,2681.75,2704,2680.25,2700.5,13:37:00,09:32:00,LOD_FIRST,22.25,1.5,0.82968211,0.05593363,23.75,1,0,2685.25,23.75,13.96478302,14.66372709,1.59329364,0.10741305,1229198,390,0
566,2014-09-17,2703.5,2712.75,2692.75,2703,15:18:00,14:04:00,LOD_FIRST,9.25,10.75,0.34214907,0.3976327,20,1,0,2700.5,20,14.66372709,15.04488944,0.63080825,0.73310148,1412685,390,0
567,2014-09-18,2709.25,2714.5,2706.75,2713.75,15:40:00,09:36:00,LOD_FIRST,5.25,2.5,0.19378057,0.09227646,7.75,1,0,2703,11.5,15.04488944,14.79168306,0.3489557,0.16616938,904889,390,0
568,2014-09-19,2720.25,2722.25,2707.75,2712,09:33:00,13:17:00,HOD_FIRST,2,12.5,0.07352265,0.45951659,14.5,1,0,2713.75,14.5,14.79168306,14.77084855,0.13521112,0.84506949,1212797,390,0
569,2014-09-22,2708.25,2708.75,2692,2696.25,09:31:00,14:28:00,HOD_FIRST,0.5,16.25,0.01846211,0.60001846,16.75,3,0,2712,20,14.77084855,15.14435937,0.03385046,1.10013991,1280694,390,0
570,2014-09-26,2671.75,2688.75,2669,2684,14:49:00,09:45:00,LOD_FIRST,17,2.75,0.63628708,0.10292879,19.75,4,0,2696.25,27.25,15.14435937,16.00904799,1.12253015,0.18158576,1268875,390,0
571,2014-09-29,2666.5,2683.5,2665,2679.75,15:27:00,09:32:00,LOD_FIRST,17,1.5,0.63753985,0.05625352,18.5,3,0,2684,19,16.00904799,16.22268742,1.0618995,0.09369701,1364518,390,0
572,2014-09-30,2681.25,2687.75,2670.5,2674.75,11:30:00,13:48:00,HOD_FIRST,6.5,10.75,0.24242424,0.4009324,17.25,1,0,2679.75,17.25,16.22268742,16.29606689,0.40067344,0.66265223,1599490,390,0
573,2014-10-01,2671.5,2672.25,2643.25,2647.75,09:31:00,15:11:00,HOD_FIRST,0.75,28.25,0.02807412,1.05745836,29,1,0,2674.75,31.5,16.29606689,17.38206211,0.04602338,1.73354713,2084505,390,0
574,2014-10-02,2646,2654.75,2627.75,2648.25,14:55:00,11:45:00,LOD_FIRST,8.75,18.25,0.33068783,0.68972033,27,1,0,2647.75,27,17.38206211,18.06905767,0.50339252,1.04993296,2250110,390,0
575,2014-10-03,2661.25,2674,2655,2669.5,15:05:00,09:39:00,LOD_FIRST,12.75,6.25,0.47909817,0.23485204,19,1,0,2648.25,25.75,18.06905767,18.61769641,0.70562617,0.34589518,1128842,390,0
576,2014-10-06,2678,2680.5,2660,2666.75,09:36:00,12:46:00,HOD_FIRST,2.5,18,0.09335325,0.67214339,20.5,3,0,2669.5,20.5,18.61769641,18.75214667,0.13428084,0.96682208,1447067,390,0
577,2014-10-07,2656.75,2661.25,2636.25,2636.5,10:46:00,16:00:00,HOD_FIRST,4.5,20.5,0.16937988,0.77161946,25,1,0,2666.75,30.5,18.75214667,19.59127905,0.23997253,1.09320817,1767252,390,0
578,2014-10-08,2638,2673.5,2627.5,2670.5,15:51:00,11:05:00,LOD_FIRST,35.5,10.5,1.34571645,0.39802881,46,1,0,2636.5,46,19.59127905,21.47761626,1.81203075,0.53595276,2090273,390,0
579,2014-10-09,2667.5,2670.25,2629.75,2630.5,09:34:00,14:35:00,HOD_FIRST,2.75,37.75,0.10309278,1.41518276,40.5,1,0,2670.5,40.75,21.47761626,22.8542151,0.12804028,1.75764384,2483839,390,0
580,2014-10-10,2631,2640.75,2609,2609.25,09:46:00,16:00:00,HOD_FIRST,9.75,22,0.37058153,0.83618396,31.75,1,0,2630.5,31.75,22.8542151,23.4896283,0.42661715,0.9626233,2409220,390,0
581,2014-10-13,2608.5,2615.5,2576.75,2577.5,09:39:00,15:55:00,HOD_FIRST,7,31.75,0.26835346,1.21717462,38.75,3,0,2609.25,38.75,23.4896283,24.57965485,0.29800386,1.35166038,2325188,390,0
582,2014-10-14,2588,2602.25,2574.5,2581.5,12:07:00,15:24:00,HOD_FIRST,14.25,13.5,0.55061824,0.52163833,27.75,1,0,2577.5,27.75,24.57965485,24.80610808,0.57974777,0.54923473,2501899,390,0
583,2014-10-16,2534.25,2579.25,2532.25,2565.75,13:46:00,09:31:00,LOD_FIRST,45,2,1.77567328,0.07891881,47,2,0,2581.5,49.25,24.80610808,26.55210036,1.81406934,0.0806253,2531360,390,0
584,2014-10-17,2587.75,2601.25,2579.5,2589,11:48:00,09:43:00,LOD_FIRST,13.5,8.25,0.52168873,0.31880978,21.75,1,0,2565.75,35.5,26.55210036,27.19123605,0.50843435,0.31070988,1979502,390,0
585,2014-10-20,2584.75,2608,2584,2606.75,15:57:00,09:31:00,LOD_FIRST,23.25,0.75,0.89950672,0.02901635,24,3,0,2589,24,27.19123605,26.96329062,0.85505491,0.02758242,1191810,390,0
586,2014-10-22,2647.75,2652.75,2629.75,2630.5,11:37:00,16:00:00,HOD_FIRST,5,18,0.18883958,0.67982249,23,2,0,2606.75,46,26.96329062,28.32305557,0.18543731,0.66757431,1601429,390,0
587,2014-10-23,2650,2665.75,2646.5,2653.25,14:28:00,09:54:00,LOD_FIRST,15.75,3.5,0.59433962,0.13207547,19.25,1,0,2630.5,35.25,28.32305557,28.81783732,0.55608407,0.12357424,1600745,390,0
588,2014-10-24,2656,2668.75,2648.5,2667.75,16:00:00,10:07:00,LOD_FIRST,12.75,7.5,0.48004518,0.28237952,20.25,1,0,2653.25,20.25,28.81783732,28.20584894,0.44243431,0.26025548,1199315,390,0
589,2014-10-27,2661.25,2668.5,2654,2665,11:12:00,10:04:00,LOD_FIRST,7.25,7.25,0.27242837,0.27242837,14.5,3,0,2667.75,14.5,28.20584894,27.22685973,0.25703889,0.25703889,1094939,390,0
590,2014-10-28,2672,2688.25,2671,2687.25,16:00:00,09:42:00,LOD_FIRST,16.25,1,0.60815868,0.03742515,17.25,1,0,2665,23.25,27.22685973,26.94279832,0.5968371,0.03672844,1233964,390,0
591,2014-10-29,2689.25,2695.25,2671.5,2685,09:59:00,14:17:00,HOD_FIRST,6,17.75,0.22311053,0.66003533,23.75,1,0,2687.25,23.75,26.94279832,26.7147413,0.22269402,0.65880314,1630077,390,0
592,2014-10-30,2679.5,2703.75,2677.5,2698.5,14:13:00,10:02:00,LOD_FIRST,24.25,2,0.90501959,0.07464079,26.25,1,0,2685,26.25,26.7147413,26.68154549,0.90773853,0.07486503,1581352,390,0
593,2014-10-31,2722,2722.5,2711.75,2720.5,09:31:00,10:12:00,HOD_FIRST,0.5,10.25,0.01836885,0.37656135,10.75,1,0,2698.5,24,26.68154549,26.49000652,0.01873954,0.38416066,1375511,390,0
594,2014-11-03,2723.25,2728.75,2717.25,2721.5,12:59:00,15:29:00,HOD_FIRST,5.5,6,0.20196456,0.22032498,11.5,3,0,2720.5,11.5,26.49000652,25.41929177,0.20762547,0.22650051,1114540,390,0
595,2014-11-10,2737.75,2744.5,2735.25,2743.75,11:42:00,09:55:00,LOD_FIRST,6.75,2.5,0.24655283,0.09131586,9.25,7,1,,9.25,,,,,747184,390,0
596,2014-11-14,2745.25,2749.25,2741.5,2746.75,10:11:00,14:06:00,HOD_FIRST,4,3.75,0.14570622,0.13659958,7.75,4,0,2743.75,7.75,,,,,776016,390,0
597,2014-11-17,2742.75,2750,2740.75,2748,13:25:00,11:31:00,LOD_FIRST,7.25,2,0.26433324,0.07291952,9.25,3,0,2746.75,9.25,,,,,788720,390,0
598,2014-11-18,2748.75,2763.5,2748.5,2760,14:39:00,09:31:00,LOD_FIRST,14.75,0.25,0.53660755,0.00909504,15,1,0,2748,15.5,,,,,904724,390,0
599,2014-11-19,2757.5,2760,2747.25,2756.5,14:04:00,11:06:00,LOD_FIRST,2.5,10.25,0.09066183,0.37171351,12.75,1,0,2760,12.75,,,,,982467,390,0
600,2014-11-20,2747,2761.5,2746,2760.5,11:26:00,09:31:00,LOD_FIRST,14.5,1,0.52784856,0.03640335,15.5,1,0,2756.5,15.5,,,,,847528,390,0
601,2014-11-21,2781,2781.75,2764.25,2771.25,09:31:00,13:32:00,HOD_FIRST,0.75,16.75,0.02696872,0.60230133,17.5,1,0,2760.5,21.25,,,,,1196465,390,0
602,2014-11-24,2776,2778.5,2773.5,2777,09:36:00,12:58:00,HOD_FIRST,2.5,2.5,0.09005764,0.09005764,5,3,0,2771.25,7.25,,,,,580428,390,0
603,2014-12-01,2768,2769.5,2757.75,2762,09:35:00,11:00:00,HOD_FIRST,1.5,10.25,0.05419075,0.37030347,11.75,7,1,,11.75,,,,,1132802,390,0
604,2014-12-04,2779.25,2786.75,2770.75,2780.75,12:33:00,10:48:00,LOD_FIRST,7.5,8.5,0.26985698,0.30583791,16,3,0,2762,24.75,,,,,1059754,390,0
605,2014-12-08,2779.25,2785.25,2763.25,2770.25,10:30:00,14:16:00,HOD_FIRST,6,16,0.21588558,0.57569488,22,4,0,2780.75,22,,,,,1178749,390,0
606,2014-12-10,2763,2763.75,2732.75,2735.25,09:41:00,15:07:00,HOD_FIRST,0.75,30.25,0.02714441,1.09482447,31,2,0,2770.25,37.5,,,,,1833705,390,0
607,2014-12-11,2742.75,2766,2740.75,2745.5,12:01:00,15:53:00,HOD_FIRST,23.25,2,0.84768936,0.07291952,25.25,1,0,2735.25,30.75,,,,,1370515,390,0
608,2014-12-12,2729.75,2741.75,2711.5,2711.75,10:00:00,16:00:00,HOD_FIRST,12,18.25,0.4396007,0.66855939,30.25,1,0,2745.5,34,,,,,660425,390,0
609,2014-12-15,2723.25,2728.75,2691,2698,09:42:00,11:58:00,HOD_FIRST,5.5,32.25,0.20196456,1.18424676,37.75,3,0,2711.75,37.75,,,,,1950878,390,0
610,2014-12-16,2689.25,2727.75,2682.25,2682.75,11:33:00,16:00:00,HOD_FIRST,38.5,7,1.43162592,0.26029562,45.5,1,0,2698,45.5,,,,,2066721,390,0
611,2014-12-17,2688,2727.5,2686.5,2723,15:48:00,09:31:00,LOD_FIRST,39.5,1.5,1.46949405,0.05580357,41,1,0,2682.75,44.75,,,,,1953158,390,0
612,2014-12-18,2751.5,2773.25,2743.25,2772.75,16:00:00,11:11:00,LOD_FIRST,21.75,8.25,0.79047792,0.29983645,30,1,0,2723,50.25,,,,,1554691,390,0
613,2014-12-22,2786.5,2791.5,2784.5,2791.25,15:49:00,11:08:00,LOD_FIRST,5,2,0.17943657,0.07177463,7,4,0,2772.75,18.75,,,,,679114,390,0
614,2014-12-26,2799.75,2805.25,2798.75,2800,14:10:00,09:31:00,LOD_FIRST,5.5,1,0.19644611,0.03571747,6.5,4,0,2791.25,14,,,,,248867,390,0
615,2014-12-29,2798.5,2805.25,2797.5,2802.25,10:37:00,09:33:00,LOD_FIRST,6.75,1,0.24120064,0.03573343,7.75,3,0,2800,7.75,,,,,483655,390,0
616,2015-01-02,2777.75,2783,2755.25,2767.25,09:40:00,13:33:00,HOD_FIRST,5.25,22.5,0.18900189,0.8100081,27.75,4,0,2802.25,47,,30.46428571,,,1124245,390,0
617,2015-01-05,2754.75,2757,2726,2730.75,09:31:00,15:02:00,HOD_FIRST,2.25,28.75,0.0816771,1.04365187,31,3,0,2767.25,41.25,30.46428571,31.23469388,0.07385698,0.94372802,1701701,390,0
618,2015-01-07,2726.75,2740.25,2721.25,2736,12:09:00,11:28:00,LOD_FIRST,13.5,5.5,0.49509489,0.20170533,19,2,0,2730.75,19,31.23469388,30.36078717,0.4322117,0.17608625,1406747,390,0
619,2015-01-12,2756.5,2758.75,2731.75,2738.5,09:32:00,10:03:00,HOD_FIRST,2.25,24.75,0.08162525,0.89787774,27,5,0,2736,27,30.36078717,30.12073095,0.07410875,0.81519625,1363099,390,0
620,2015-01-13,2754,2768.25,2717.5,2733.5,10:01:00,14:15:00,HOD_FIRST,14.25,36.5,0.51742919,1.32534495,50.75,1,0,2738.5,50.75,30.12073095,31.59425016,0.47309609,1.21178998,2174840,390,0
621,2015-01-14,2708.75,2723.5,2697.75,2721.25,10:11:00,13:46:00,HOD_FIRST,14.75,11,0.54453161,0.40609137,25.75,1,0,2733.5,35.75,31.59425016,31.89108944,0.4668571,0.34816462,1951396,390,0
622,2015-01-15,2728.75,2732.5,2701.25,2702.25,09:33:00,15:58:00,HOD_FIRST,3.75,27.5,0.13742556,1.00778745,31.25,1,0,2721.25,31.25,31.89108944,31.84529733,0.1175877,0.86230983,1643631,390,0
623,2015-01-16,2700,2730.75,2697.75,2728.25,15:56:00,10:15:00,LOD_FIRST,30.75,2.25,1.13888889,0.08333333,33,1,0,2702.25,33,31.84529733,31.9277761,0.96560568,0.07065407,1548021,390,0
624,2015-01-20,2736.5,2739.75,2714,2733.25,09:33:00,11:48:00,HOD_FIRST,3.25,22.5,0.11876485,0.82221816,25.75,4,0,2728.25,25.75,31.9277761,31.48650638,0.10179224,0.70471554,1369313,390,0
625,2015-01-21,2727.25,2749.25,2721.75,2743.25,11:02:00,09:36:00,LOD_FIRST,22,5.5,0.80667339,0.20166835,27.5,1,0,2733.25,27.5,31.48650638,31.20175592,0.698712,0.174678,1395666,390,0
626,2015-01-22,2752.75,2775.75,2735.75,2773.5,15:22:00,09:48:00,LOD_FIRST,23,17,0.83552811,0.61756425,40,1,0,2743.25,40,31.20175592,31.83020193,0.737138,0.54484113,1395436,390,0
627,2015-01-23,2770.25,2773.75,2760.5,2762.25,12:39:00,15:58:00,HOD_FIRST,3.5,9.75,0.12634239,0.35195379,13.25,1,0,2773.5,13.25,31.83020193,30.50304465,0.10995846,0.30631285,1057874,390,0
628,2015-01-26,2759.75,2768.25,2751,2767,13:49:00,09:47:00,LOD_FIRST,8.5,8.75,0.30799891,0.3170577,17.25,3,0,2762.25,17.25,30.50304465,29.5563986,0.27866071,0.28685661,963963,390,0
629,2015-01-29,2715.5,2735.25,2698.5,2732,15:42:00,10:46:00,LOD_FIRST,19.75,17,0.72730621,0.62603572,36.75,3,0,2767,68.5,29.5563986,32.33808441,0.66821402,0.57517156,1742464,390,0
630,2015-02-02,2712.25,2732,2690.25,2730.25,15:44:00,10:07:00,LOD_FIRST,19.75,22,0.72817771,0.81113467,41.75,4,0,2732,41.75,32.33808441,33.0103641,0.610735,0.68031241,1723288,390,0
631,2015-02-06,2777.5,2784.5,2761,2767,10:49:00,15:31:00,HOD_FIRST,7,16.5,0.2520252,0.59405941,23.5,4,0,2730.25,54.25,33.0103641,34.52748095,0.21205461,0.49984302,1408140,390,0
632,2015-02-09,2759.25,2768.25,2753,2757.5,12:33:00,15:21:00,HOD_FIRST,9,6.25,0.32617559,0.22651083,15.25,3,0,2767,15.25,34.52748095,33.15051802,0.26066194,0.18101523,1036019,390,0
633,2015-02-11,2777.75,2786.25,2769.75,2781,15:27:00,13:15:00,LOD_FIRST,8.5,8,0.30600306,0.28800288,16.5,2,0,2757.5,28.75,33.15051802,32.83619531,0.25640625,0.24132353,1075384,390,0
634,2015-02-13,2802.5,2810.25,2799.25,2809.75,15:58:00,13:37:00,LOD_FIRST,7.75,3.25,0.2765388,0.11596789,11,2,0,2781,29.25,32.83619531,32.5800385,0.23602004,0.09897614,1005691,390,0
635,2015-02-17,2805.75,2815.25,2802.75,2813.5,13:24:00,09:41:00,LOD_FIRST,9.5,3,0.33859039,0.10692328,12.5,4,0,2809.75,12.5,32.5800385,31.14575004,0.29158959,0.09208092,909846,390,0
636,2015-02-18,2808.25,2814,2805,2813.25,15:20:00,10:23:00,LOD_FIRST,5.75,3.25,0.20475385,0.11573044,9,1,0,2813.5,9,31.14575004,29.56391075,0.18461588,0.10434811,906758,390,0
637,2015-02-19,2805.75,2816,2804,2811.75,11:46:00,09:36:00,LOD_FIRST,10.25,1.75,0.36532122,0.06237191,12,1,0,2813.25,12,29.56391075,28.30934569,0.3467065,0.05919379,913707,390,0
638,2015-02-20,2806.25,2825.25,2798.75,2824.5,15:11:00,10:02:00,LOD_FIRST,19,7.5,0.67706013,0.26726058,26.5,1,0,2811.75,26.5,28.30934569,28.18010672,0.67115645,0.26493018,1367609,390,0
639,2015-02-23,2821,2823.75,2816.25,2823.5,16:00:00,09:56:00,LOD_FIRST,2.75,4.75,0.09748316,0.16838001,7.5,3,0,2824.5,8.25,28.18010672,26.75652766,0.09758657,0.16855862,678270,390,0
640,2015-02-24,2822.75,2832.25,2819.25,2830,15:41:00,10:02:00,LOD_FIRST,9.5,3.5,0.33655124,0.12399256,13,1,0,2823.5,13,26.75652766,25.77391855,0.35505355,0.1308092,922774,390,0
641,2015-02-26,2826.75,2828.75,2818,2825.5,11:08:00,15:05:00,HOD_FIRST,2,8.75,0.07075263,0.30954276,10.75,2,0,2830,12,25.77391855,24.79006722,0.07759782,0.33949048,964539,390,0
642,2015-02-27,2824.25,2827.5,2818,2818.5,12:32:00,15:41:00,HOD_FIRST,3.25,6.25,0.1150748,0.22129769,9.5,1,0,2825.5,9.5,24.79006722,23.69791956,0.1311009,0.25211711,979950,390,0
643,2015-03-02,2819.25,2832,2818.75,2831.75,15:51:00,09:34:00,LOD_FIRST,12.75,0.5,0.45224794,0.01773521,13.25,3,0,2818.5,13.5,23.69791956,22.96949674,0.53802191,0.0210989,864412,390,0
644,2015-03-04,2815.25,2816.25,2801.75,2813.75,12:43:00,10:14:00,LOD_FIRST,1,13.5,0.03552082,0.47953113,14.5,2,0,2831.75,30,22.96949674,23.47167554,0.043536,0.58773599,1258215,390,0
645,2015-03-05,2817.5,2819.25,2809.75,2815.75,10:53:00,12:56:00,HOD_FIRST,1.75,7.75,0.0621118,0.27506655,9.5,1,0,2813.75,9.5,23.47167554,22.47369872,0.07455795,0.3301852,860758,390,0
646,2015-03-09,2788.5,2799,2786.75,2795,13:51:00,09:47:00,LOD_FIRST,10.5,1.75,0.37654653,0.06275776,12.25,4,0,2815.75,29,22.47369872,22.93986309,0.46721281,0.0778688,917993,390,0
647,2015-03-11,2763.5,2766,2754.75,2756.25,10:07:00,15:34:00,HOD_FIRST,2.5,8.75,0.09046499,0.31662747,11.25,2,0,2795,40.25,22.93986309,24.17630144,0.1089806,0.38143209,1175718,390,0
648,2015-03-12,2763.5,2783,2763,2782,15:48:00,09:31:00,LOD_FIRST,19.5,0.5,0.70562692,0.018093,20,1,0,2756.25,26.75,24.17630144,24.36013706,0.80657499,0.02068141,864080,390,0
649,2015-03-13,2778.75,2780.5,2756.5,2769.25,09:48:00,11:50:00,HOD_FIRST,1.75,22.25,0.06297796,0.80071975,24,1,0,2782,25.5,24.36013706,24.44155584,0.07183868,0.91337746,526281,390,0
650,2015-03-16,2778,2798,2777.75,2797.5,15:59:00,09:31:00,LOD_FIRST,20,0.25,0.7199424,0.00899928,20.25,3,0,2769.25,28.75,24.44155584,24.74930185,0.81827851,0.01022848,859318,390,0
651,2015-03-17,2787.75,2794.5,2780.25,2790.25,15:35:00,11:21:00,LOD_FIRST,6.75,7.5,0.24213075,0.26903417,14.25,1,0,2797.5,17.25,24.74930185,24.21363743,0.27273497,0.30303885,854880,390,0
652,2015-03-18,2784,2823.75,2776.25,2815.25,15:16:00,13:42:00,LOD_FIRST,39.75,7.75,1.42780172,0.27837644,47.5,1,0,2790.25,47.5,24.21363743,25.87694904,1.64163687,0.32006757,1423988,390,0
653,2015-03-19,2810.5,2813.5,2800.5,2805,10:22:00,11:53:00,HOD_FIRST,3,10,0.10674257,0.35580857,13,1,0,2815.25,14.75,25.87694904,25.08216697,0.1159333,0.38644432,988624,390,0
654,2015-03-20,2817,2830.75,2816.25,2824.25,13:21:00,09:31:00,LOD_FIRST,13.75,0.75,0.48810792,0.02662407,14.5,1,0,2805,25.75,25.08216697,25.12986933,0.54819825,0.02990172,1026661,390,0
655,2015-03-23,2824.25,2831,2820,2820.5,10:15:00,16:00:00,HOD_FIRST,6.75,4.25,0.2390015,0.15048243,11,3,0,2824.25,11,25.12986933,24.12059295,0.26860466,0.16912145,738990,390,0
656,2015-03-24,2818.5,2824.25,2807,2807.75,11:23:00,16:00:00,HOD_FIRST,5.75,11.5,0.20400922,0.40801845,17.25,1,0,2820.5,17.25,24.12059295,23.62983631,0.23838552,0.47677103,951984,390,0
657,2015-03-25,2810.5,2813.25,2776.25,2776.75,09:31:00,15:55:00,HOD_FIRST,2.75,34.25,0.09784736,1.21864437,37,1,0,2807.75,37,23.62983631,24.584848,0.11637829,1.44943873,1532952,390,0
658,2015-03-26,2769,2782.75,2760.25,2772,13:57:00,10:17:00,LOD_FIRST,13.75,8.75,0.49656916,0.31599856,22.5,1,0,2776.75,22.5,24.584848,24.43593029,0.55928757,0.35591027,1421149,390,0
659,2015-03-27,2770.5,2778.75,2768,2776,11:15:00,10:18:00,LOD_FIRST,8.25,2.5,0.29778018,0.09023642,10.75,1,0,2772,10.75,24.43593029,23.45836384,0.33761759,0.10230836,911878,390,0
660,2015-03-30,2789,2805.75,2788.5,2802,15:20:00,09:31:00,LOD_FIRST,16.75,0.5,0.60057368,0.01792757,17.25,3,0,2776,29.75,23.45836384,23.90776642,0.71403104,0.02131436,962555,390,0
661,2015-03-31,2791.75,2800.25,2782.5,2783.75,11:15:00,15:33:00,HOD_FIRST,8.5,9.25,0.30446852,0.33133339,17.75,1,0,2802,19.5,23.90776642,23.59292596,0.355533,0.38690356,1219357,390,0
662,2015-04-06,2772.75,2804,2771,2797.75,13:31:00,09:32:00,LOD_FIRST,31.25,1.75,1.12703994,0.06311424,33,6,0,2783.75,33,23.59292596,24.26485982,1.32454957,0.07417478,777790,390,0
663,2015-04-07,2798,2806.75,2791.5,2791.75,10:47:00,16:00:00,HOD_FIRST,8.75,6.5,0.31272337,0.23230879,15.25,1,0,2797.75,15.25,24.26485982,23.62094126,0.36060377,0.26787709,794959,390,0
664,2015-04-08,2794.5,2804.25,2789.75,2798.75,10:01:00,14:11:00,HOD_FIRST,9.75,4.75,0.34889962,0.16997674,14.5,1,0,2791.75,14.5,23.62094126,22.96944546,0.41276933,0.20109275,1000070,390,0
665,2015-04-09,2796.75,2811,2790.75,2808.5,15:31:00,11:22:00,LOD_FIRST,14.25,6,0.50951998,0.21453473,20.25,1,0,2798.75,20.25,22.96944546,22.77519935,0.62038938,0.26121658,1003695,390,0
666,2015-04-10,2810.75,2820,2808.5,2819.25,14:56:00,09:46:00,LOD_FIRST,9.25,2.25,0.32909366,0.08004981,11.5,1,0,2808.5,11.5,22.77519935,21.96982797,0.40614354,0.09879167,683228,390,0
667,2015-04-13,2817.75,2825.25,2809.25,2809.75,10:25:00,15:55:00,HOD_FIRST,7.5,8.5,0.26616982,0.30165913,16,3,0,2819.25,16,21.96982797,21.54341169,0.34137727,0.38689424,883423,390,0
668,2015-04-14,2807.25,2816,2799.75,2813.75,12:36:00,10:07:00,LOD_FIRST,8.75,7.5,0.31169294,0.26716538,16.25,1,0,2809.75,16.25,21.54341169,21.16531085,0.40615665,0.34813427,984035,390,0
669,2015-04-15,2819.25,2829.5,2818.25,2823.5,14:11:00,09:31:00,LOD_FIRST,10.25,1,0.36357187,0.03547043,11.25,1,0,2813.75,15.75,21.16531085,20.77850294,0.48428299,0.04724712,840110,390,0
670,2015-04-16,2819.5,2828.75,2816.75,2822.5,14:01:00,10:32:00,LOD_FIRST,9.25,2.75,0.32807235,0.09753502,12,1,0,2823.5,12,20.77850294,20.15146701,0.44517163,0.13234832,827481,390,0
671,2015-04-17,2808,2811,2788.5,2797.75,09:38:00,14:17:00,HOD_FIRST,3,19.5,0.10683761,0.69444444,22.5,1,0,2822.5,34,20.15146701,21.14064794,0.14887254,0.96767148,1406181,390,0
672,2015-04-20,2809.25,2821.5,2808.25,2817.5,11:02:00,09:31:00,LOD_FIRST,12.25,1,0.43605945,0.03559669,13.25,3,0,2797.75,23.75,21.14064794,21.32703023,0.57945244,0.04730224,845733,390,0
673,2015-04-21,2825.5,2827.5,2811.25,2815.25,09:32:00,14:08:00,HOD_FIRST,2,14.25,0.07078393,0.50433552,16.25,1,0,2817.5,16.25,21.32703023,20.96438521,0.09377771,0.66816617,810013,390,0
674,2015-04-22,2819,2827.75,2807.75,2825.25,15:25:00,10:16:00,LOD_FIRST,8.75,11.25,0.31039376,0.39907769,20,1,0,2815.25,20,20.96438521,20.89550055,0.41737451,0.53662437,900191,390,0
675,2015-04-23,2820.5,2838.5,2818.75,2831,15:17:00,09:32:00,LOD_FIRST,18,1.75,0.63818472,0.06204574,19.75,1,0,2825.25,19.75,20.89550055,20.81367909,0.86142947,0.08375009,1087647,390,0
676,2015-04-24,2835.75,2838.75,2830,2835.25,12:35:00,09:46:00,LOD_FIRST,3,5.75,0.10579212,0.20276823,8.75,1,0,2831,8.75,20.81367909,19.95198772,0.14413598,0.27626063,706049,390,0
677,2015-04-27,2842.5,2843.75,2824.25,2826.75,10:03:00,15:49:00,HOD_FIRST,1.25,18.25,0.04397537,0.64204046,19.5,3,0,2835.25,19.5,19.95198772,19.91970289,0.0626504,0.91469583,973801,390,0
678,2015-04-28,2826.5,2834.25,2812.25,2833.25,13:23:00,10:15:00,LOD_FIRST,7.75,14.25,0.2741907,0.50415708,22,1,0,2826.75,22,19.91970289,20.06829554,0.38906203,0.71537212,1217170,390,0
679,2015-04-29,2822.5,2831.75,2814.5,2824,14:43:00,12:31:00,LOD_FIRST,9.25,8,0.32772365,0.28343667,17.25,1,0,2833.25,18.75,20.06829554,19.97413157,0.46092604,0.39863874,1404280,390,0
680,2015-04-30,2817.5,2822,2794.25,2802.75,09:37:00,15:11:00,HOD_FIRST,4.5,23.25,0.15971606,0.82519965,27.75,1,0,2824,29.75,19.97413157,20.67240789,0.2252914,1.16400555,1615854,390,0
681,2015-05-01,2812.5,2826.5,2811.25,2825.5,16:00:00,11:51:00,LOD_FIRST,14,1.25,0.49777778,0.04444444,15.25,1,0,2802.75,23.75,20.67240789,20.89223589,0.67723122,0.06046707,830329,390,0
682,2015-05-04,2831,2839,2829.5,2832.5,10:00:00,09:31:00,LOD_FIRST,8,1.5,0.28258566,0.05298481,9.5,3,0,2825.5,13.5,20.89223589,20.36421904,0.38291737,0.07179701,811247,390,0
683,2015-05-05,2829,2833.25,2805.5,2807.25,09:37:00,14:56:00,HOD_FIRST,4.25,23.5,0.15022976,0.83068222,27.75,1,0,2832.5,27.75,20.36421904,20.89177483,0.20869939,1.15398484,1329026,390,0
684,2015-05-06,2814,2817.75,2785.25,2798.5,09:32:00,14:43:00,HOD_FIRST,3.75,28.75,0.13326226,1.02167733,32.5,1,0,2807.25,32.5,20.89177483,21.72093377,0.17949648,1.37613966,1464296,390,0
685,2015-05-07,2797.5,2812.25,2793.25,2807.25,12:41:00,10:01:00,LOD_FIRST,14.75,4.25,0.52725648,0.15192136,19,1,0,2798.5,19,21.72093377,21.52658136,0.67906841,0.19566378,1031634,390,0
686,2015-05-08,2827.25,2837.5,2826.5,2835,11:53:00,09:31:00,LOD_FIRST,10.25,0.75,0.36254311,0.02652754,11,1,0,2807.25,30.25,21.52658136,22.14968269,0.47615549,0.03484065,970862,390,0
687,2015-05-11,2834,2837.5,2823.5,2824.25,10:06:00,15:02:00,HOD_FIRST,3.5,10.5,0.12350035,0.37050106,14,3,0,2835,14,22.14968269,21.5675625,0.15801581,0.47404742,935162,390,0
688,2015-05-12,2814.5,2824.75,2804.25,2817.75,14:39:00,09:46:00,LOD_FIRST,10.25,10.25,0.36418547,0.36418547,20.5,1,0,2824.25,20.5,21.5675625,21.49130803,0.47525074,0.47525074,1099296,390,0
689,2015-05-13,2822.75,2830.5,2815.5,2818.75,09:35:00,15:33:00,HOD_FIRST,7.75,7.25,0.27455496,0.25684173,15,1,0,2817.75,15,21.49130803,21.02764317,0.3606109,0.33734568,1063919,390,0
690,2015-05-14,2831,2841.75,2827.5,2840.75,16:00:00,09:44:00,LOD_FIRST,10.75,3.5,0.37972448,0.12363123,14.25,1,0,2818.75,23,21.02764317,21.1685258,0.51123181,0.16644756,843525,390,0
691,2015-05-15,2842.75,2844.5,2837.25,2843,09:32:00,10:05:00,HOD_FIRST,1.75,5.5,0.06156011,0.19347463,7.25,1,0,2840.75,7.25,21.1685258,20.17434539,0.0826699,0.2598197,805853,390,0
692,2015-05-18,2841,2852.75,2840.25,2849.25,15:26:00,09:33:00,LOD_FIRST,11.75,0.75,0.41358677,0.02639916,12.5,3,0,2843,12.5,20.17434539,19.62617786,0.58242286,0.03717593,684655,390,0
693,2015-05-19,2851,2854.25,2845.25,2848.75,13:45:00,15:15:00,HOD_FIRST,3.25,5.75,0.11399509,0.20168362,9,1,0,2849.25,9,19.62617786,18.86716516,0.16559516,0.29297605,770738,390,0
694,2015-05-20,2850,2856.25,2843.25,2847,14:32:00,09:42:00,LOD_FIRST,6.25,6.75,0.21929825,0.23684211,13,1,0,2848.75,13,18.86716516,18.44808193,0.33126333,0.3577644,816687,390,0
695,2015-05-21,2845.5,2856,2843.5,2853,15:43:00,09:32:00,LOD_FIRST,10.5,2,0.36900369,0.07028642,12.5,1,0,2847,12.5,18.44808193,18.02321894,0.56916486,0.10841235,619881,390,0
696,2015-05-22,2848.5,2853.75,2847.25,2848.25,13:05:00,09:35:00,LOD_FIRST,5.25,1.25,0.18430753,0.04388275,6.5,1,0,2853,6.5,18.02321894,17.20013187,0.29129092,0.06935498,583471,390,0
697,2015-05-26,2842.5,2843.25,2820,2825.5,09:34:00,14:56:00,HOD_FIRST,0.75,22.5,0.02638522,0.79155673,23.25,4,0,2848.25,28.25,17.20013187,17.98940816,0.04360432,1.30812951,1273958,390,0
698,2015-05-27,2830.75,2848.25,2826.5,2845.25,15:53:00,09:34:00,LOD_FIRST,17.5,4.25,0.61821072,0.15013689,21.75,1,0,2825.5,22.75,17.98940816,18.32945044,0.97279465,0.23625013,1038174,390,0
699,2015-05-28,2841.75,2844.25,2834.5,2843,09:37:00,10:37:00,HOD_FIRST,2.5,7.25,0.08797396,0.25512448,9.75,1,0,2845.25,10.75,18.32945044,17.78806112,0.13639252,0.39553832,873192,390,0
700,2015-05-29,2842.25,2842.75,2826.25,2829,09:32:00,10:52:00,HOD_FIRST,0.5,16,0.0175917,0.5629343,16.5,1,0,2843,16.75,17.78806112,17.7139139,0.02810874,0.89947971,1377683,390,0
701,2015-06-01,2837.5,2841.75,2824.25,2833.5,14:32:00,10:19:00,LOD_FIRST,4.25,13.25,0.14977974,0.46696035,17.5,3,0,2829,17.5,17.7139139,17.69863433,0.23992439,0.74799957,1062023,390,0
702,2015-06-02,2828.5,2840,2820.25,2831.75,13:22:00,09:51:00,LOD_FIRST,11.5,8.25,0.40657592,0.29167403,19.75,1,0,2833.5,19.75,17.69863433,17.84516045,0.64976765,0.46613766,1020191,390,0
703,2015-06-03,2838,2844.75,2831.25,2837.25,10:32:00,09:36:00,LOD_FIRST,6.75,6.75,0.23784355,0.23784355,13.5,1,0,2831.75,13.5,17.84516045,17.53479185,0.37825381,0.37825381,1001561,390,0
704,2015-06-04,2828.5,2835.75,2815.25,2820,10:12:00,13:22:00,HOD_FIRST,7.25,13.25,0.2563196,0.46844617,20.5,1,0,2837.25,22,17.53479185,17.85373529,0.4134637,0.75564056,1323268,390,0
705,2015-06-05,2817.25,2823.75,2807.5,2815.75,10:38:00,09:42:00,LOD_FIRST,6.5,9.75,0.23072145,0.34608217,16.25,1,0,2820,16.25,17.85373529,17.73918277,0.36406947,0.54610421,1048216,390,0
706,2015-06-08,2814,2816,2801.5,2802.25,09:42:00,16:00:00,HOD_FIRST,2,12.5,0.07107321,0.44420753,14.5,3,0,2815.75,14.5,17.73918277,17.50781257,0.11274477,0.70465478,994440,390,0
707,2015-06-09,2802.25,2808.75,2794.75,2802,13:32:00,10:33:00,LOD_FIRST,6.5,7.5,0.23195646,0.26764207,14,1,0,2802.25,14,17.50781257,17.25725453,0.37126283,0.42838019,1000394,390,0
708,2015-06-10,2811.5,2832,2810.75,2827,11:17:00,09:34:00,LOD_FIRST,20.5,0.75,0.72914814,0.02667615,21.25,1,0,2802,30,17.25725453,18.16745063,1.18790622,0.04345998,1189675,390,0
709,2015-06-11,2832.75,2838.75,2829.75,2833.75,10:08:00,10:40:00,HOD_FIRST,6,3,0.21180831,0.10590416,9,1,0,2827,11.75,18.16745063,17.7090613,0.33026098,0.16513049,761306,390,0
710,2015-06-12,2824,2826,2814.25,2817.25,09:35:00,11:01:00,HOD_FIRST,2,9.75,0.07082153,0.34525496,11.75,1,0,2833.75,19.5,17.7090613,17.8369855,0.11293653,0.5505656,393441,390,0
711,2015-06-15,2804,2812.25,2795.5,2808.5,13:52:00,09:51:00,LOD_FIRST,8.25,8.5,0.29422254,0.30313837,16.75,3,0,2817.25,21.75,17.8369855,18.11648653,0.4625221,0.47653792,1035486,390,0
712,2015-06-16,2807.25,2821.5,2804.75,2820.75,14:10:00,09:35:00,LOD_FIRST,14.25,2.5,0.50761421,0.08905513,16.75,1,0,2808.5,16.75,18.11648653,18.01888035,0.78657636,0.13799585,800308,390,0
713,2015-06-17,2824.5,2831.5,2811.5,2824.5,14:49:00,14:01:00,LOD_FIRST,7,13,0.24783147,0.46025845,20,1,0,2820.75,20,18.01888035,18.1603889,0.38848141,0.72146547,1050092,390,0
714,2015-06-18,2831.5,2852,2829.75,2846.25,12:36:00,09:31:00,LOD_FIRST,20.5,1.75,0.72399788,0.0618047,22.25,1,0,2824.5,27.5,18.1603889,18.82750398,1.12883045,0.09636358,1340662,390,0
715,2015-06-19,2843.75,2844.25,2832.5,2832.75,09:33:00,16:00:00,HOD_FIRST,0.5,11.25,0.01758242,0.3956044,11.75,1,0,2846.25,13.75,18.82750398,18.46482512,0.02655689,0.59753008,881965,390,0
716,2015-06-22,2847.75,2854.75,2845,2847.75,11:24:00,12:28:00,HOD_FIRST,7,2.75,0.24580809,0.09656747,9.75,3,0,2832.75,22,18.46482512,18.71733761,0.37909918,0.14893182,779350,390,0
717,2015-06-23,2850,2853,2844,2848.75,10:06:00,12:07:00,HOD_FIRST,3,6,0.10526316,0.21052632,9,1,0,2847.75,9,18.71733761,18.02324207,0.16027921,0.32055841,632650,390,0
718,2015-06-24,2845.5,2850.25,2832.75,2832.75,10:31:00,16:00:00,HOD_FIRST,4.75,12.75,0.16693024,0.44807591,17.5,1,0,2848.75,17.5,18.02324207,17.98586764,0.26354859,0.70741989,876516,390,0
719,2015-06-25,2839.25,2840.5,2825.25,2825.75,11:12:00,14:28:00,HOD_FIRST,1.25,14,0.04402571,0.49308796,15.25,1,0,2832.75,15.25,17.98586764,17.79044852,0.06949901,0.77838892,928654,390,0
720,2015-06-26,2830.75,2833.5,2819,2826,10:02:00,13:25:00,HOD_FIRST,2.75,11.75,0.0971474,0.41508434,14.5,1,0,2825.75,14.5,17.79044852,17.55541648,0.15457733,0.66046677,1040280,390,0
721,2015-06-29,2807.75,2816,2780,2781.25,09:51:00,16:00:00,HOD_FIRST,8.25,27.75,0.29382958,0.98833586,36,3,0,2826,46,17.55541648,19.58717245,0.46994043,1.58070872,1709054,390,0
722,2015-06-30,2799.75,2800.25,2779.5,2786,09:31:00,12:33:00,HOD_FIRST,0.5,20.25,0.01785874,0.72327886,20.75,1,0,2781.25,20.75,19.58717245,19.67023156,0.02552691,1.03383988,1779475,390,0
723,2015-07-02,2807.5,2809.75,2795,2799.75,09:49:00,14:09:00,HOD_FIRST,2.25,12.5,0.08014248,0.44523598,14.75,2,0,2786,23.75,19.67023156,19.96164359,0.11438605,0.63547803,933050,390,0
724,2015-07-06,2784.5,2803.25,2782,2794,10:47:00,09:34:00,LOD_FIRST,18.75,2.5,0.67337044,0.08978273,21.25,4,0,2799.75,21.25,19.96164359,20.05366905,0.93930141,0.12524019,1374851,390,0
725,2015-07-07,2796.25,2808.75,2767.75,2807,15:35:00,11:36:00,LOD_FIRST,12.5,28.5,0.44702727,1.01922217,41,1,0,2794,41,20.05366905,21.54983554,0.62332733,1.42118631,2162321,390,0
726,2015-07-09,2797.5,2800.75,2776,2776.25,09:36:00,16:00:00,HOD_FIRST,3.25,21.5,0.11617516,0.76854334,24.75,2,0,2807,31,21.54983554,22.22484729,0.15081322,0.99768743,1549985,390,0
727,2015-07-10,2800.75,2807.5,2792.25,2802,15:20:00,10:46:00,LOD_FIRST,6.75,8.5,0.24100687,0.30349014,15.25,1,0,2776.25,31.25,22.22484729,22.86950106,0.30371412,0.38245482,1136222,390,0
728,2015-07-13,2817.5,2826.75,2816.75,2825.25,15:47:00,09:31:00,LOD_FIRST,9.25,0.75,0.32830524,0.02661934,10,3,0,2802,24.75,22.86950106,23.00382241,0.40446882,0.03279477,892706,390,0
729,2015-07-14,2824.75,2838.25,2824.25,2834.25,15:18:00,09:31:00,LOD_FIRST,13.5,0.5,0.4779184,0.01770068,14,1,0,2825.25,14,23.00382241,22.36069224,0.58685899,0.02173552,740427,390,0
730,2015-07-15,2835,2840.5,2827.75,2833.75,11:10:00,14:58:00,HOD_FIRST,5.5,7.25,0.19400353,0.25573192,12.75,1,0,2834.25,12.75,22.36069224,21.67421422,0.24596734,0.32422968,927157,390,0
731,2015-07-16,2846.25,2850.5,2843.5,2850.25,15:33:00,09:39:00,LOD_FIRST,4.25,2.75,0.14931928,0.09661836,7,1,0,2833.75,16.75,21.67421422,21.32248463,0.19608554,0.12687888,844810,390,0
732,2015-07-17,2850.5,2852.75,2845.5,2851.75,15:51:00,10:16:00,LOD_FIRST,2.25,5,0.07893352,0.17540782,7.25,1,0,2850.25,7.25,21.32248463,20.31730716,0.10552241,0.23449425,710781,390,0
733,2015-07-20,2854.5,2859,2849.25,2853.25,15:11:00,10:06:00,LOD_FIRST,4.5,5.25,0.15764582,0.18392013,9.75,3,0,2851.75,9.75,20.31730716,19.5624995,0.22148604,0.25840039,803203,390,0
734,2015-07-21,2851.25,2854.5,2840.75,2844.5,10:01:00,14:11:00,HOD_FIRST,3.25,10.5,0.11398509,0.36825954,13.75,1,0,2853.25,13.75,19.5624995,19.14732097,0.16613419,0.53674123,1018709,390,0
735,2015-07-22,2836.25,2844.75,2835.75,2840.25,10:21:00,15:43:00,HOD_FIRST,8.5,0.5,0.29969149,0.01762891,9,1,0,2844.5,9,19.14732097,18.42251233,0.44392633,0.02611331,1001827,390,0
736,2015-07-23,2842.25,2843.25,2824.25,2828.5,09:31:00,15:15:00,HOD_FIRST,1,18,0.03518339,0.63330108,19,1,0,2840.25,19,18.42251233,18.46376145,0.05428141,0.97706543,1211455,390,0
737,2015-07-24,2829.75,2830.5,2802.5,2806.25,09:31:00,14:53:00,HOD_FIRST,0.75,27.25,0.02650411,0.9629826,28,1,0,2828.5,28,18.46376145,19.14492134,0.04062011,1.47586396,1423734,390,0
738,2015-07-27,2796.25,2802.25,2789.25,2794.25,10:41:00,09:44:00,LOD_FIRST,6,7,0.21457309,0.25033527,13,3,0,2806.25,17,19.14492134,18.99171268,0.31339904,0.36563222,1396780,390,0
739,2015-07-28,2804.5,2821.75,2794.25,2819.5,14:17:00,10:27:00,LOD_FIRST,17.25,10.25,0.6150829,0.36548404,27.5,1,0,2794.25,27.5,18.99171268,19.59944749,0.90829091,0.53970909,1393550,390,0
740,2015-07-29,2821.25,2837,2819.5,2834,14:57:00,09:32:00,LOD_FIRST,15.75,1.75,0.55826318,0.06202924,17.5,1,0,2819.5,17.5,19.59944749,19.44948695,0.80359408,0.08928823,1128152,390,0
741,2015-07-30,2827.75,2836.75,2820.5,2834.25,15:27:00,09:50:00,LOD_FIRST,9,7.25,0.31827425,0.25638759,16.25,1,0,2834,16.25,19.44948695,19.22095217,0.46273714,0.37276048,1030722,390,0
742,2015-07-31,2841,2841.25,2828,2831.25,09:31:00,15:28:00,HOD_FIRST,0.25,13,0.00879972,0.45758536,13.25,1,0,2834.25,13.25,19.22095217,18.79445559,0.01300664,0.67634527,1258832,390,0
743,2015-08-03,2831,2831.75,2812.75,2823.75,09:31:00,13:11:00,HOD_FIRST,0.75,18.25,0.02649241,0.64464853,19,3,0,2831.25,19,18.79445559,18.80913733,0.03990539,0.97103105,1273810,390,0
744,2015-08-04,2823.5,2829,2814.25,2819.75,10:28:00,14:11:00,HOD_FIRST,5.5,9.25,0.1947937,0.32760758,14.75,1,0,2823.75,14.75,18.80913733,18.51919895,0.29241107,0.49178226,1087825,390,0
745,2015-08-05,2831,2839.75,2823.5,2827.25,10:31:00,13:18:00,HOD_FIRST,8.75,7.5,0.30907806,0.26492406,16.25,1,0,2819.75,20,18.51919895,18.62497045,0.47248264,0.40498512,1113361,390,0
746,2015-08-06,2829.5,2830.75,2802.75,2810.75,09:32:00,12:41:00,HOD_FIRST,1.25,26.75,0.04417742,0.94539671,28,1,0,2827.25,28,18.62497045,19.29461542,0.0671142,1.43624389,1404982,390,0
747,2015-08-07,2808,2809.5,2794.75,2805.5,10:00:00,13:27:00,HOD_FIRST,1.5,13.25,0.0534188,0.4718661,14.75,1,0,2810.75,16,19.29461542,19.05928575,0.0777419,0.68672009,1246569,390,0
748,2015-08-10,2819,2833.5,2818.75,2832.5,14:19:00,09:31:00,LOD_FIRST,14.5,0.25,0.5143668,0.00886839,14.75,3,0,2805.5,28,19.05928575,19.69790819,0.76078402,0.01311697,904821,390,0
749,2015-08-11,2816,2821,2803.5,2812.5,10:21:00,13:11:00,HOD_FIRST,5,12.5,0.17755682,0.44389205,17.5,1,0,2832.5,29,19.69790819,20.36234332,0.25383406,0.63458515,1370494,390,0
750,2015-08-12,2797,2817.5,2779.25,2814.75,15:35:00,10:25:00,LOD_FIRST,20.5,17.75,0.73292814,0.63460851,38.25,1,0,2812.5,38.25,20.36234332,21.64003309,1.00676036,0.87170714,1851733,390,0
751,2015-08-13,2813.75,2821.75,2806,2812.5,13:08:00,10:16:00,LOD_FIRST,8,7.75,0.28431808,0.27543314,15.75,1,0,2814.75,15.75,21.64003309,21.21931644,0.3696852,0.35813254,1141177,390,0
752,2015-08-14,2810.5,2821.25,2808.75,2820,15:23:00,11:18:00,LOD_FIRST,10.75,1.75,0.38249422,0.0622665,12.5,1,0,2812.5,12.5,21.21931644,20.59650812,0.50661387,0.08247203,831517,390,0
753,2015-08-17,2813.25,2832,2807.5,2832,16:00:00,09:34:00,LOD_FIRST,18.75,5.75,0.66648894,0.20438994,24.5,3,0,2820,24.5,20.59650812,20.87532897,0.91034849,0.27917354,1000169,390,0
754,2015-08-18,2829,2833,2823,2825.75,10:57:00,13:51:00,HOD_FIRST,4,6,0.14139272,0.21208908,10,1,0,2832,10,20.87532897,20.09851976,0.19161375,0.28742062,884659,390,0
755,2015-08-19,2817,2826.25,2799.25,2809.25,14:14:00,11:50:00,LOD_FIRST,9.25,17.75,0.32836351,0.63010295,27,1,0,2825.75,27,20.09851976,20.59148263,0.4602329,0.88314962,1943843,390,0
756,2015-08-20,2791,2797.75,2765,2765,09:42:00,15:59:00,HOD_FIRST,6.75,26,0.2418488,0.93156575,32.75,1,0,2809.25,44.25,20.59148263,22.28137673,0.32780544,1.26265799,2022359,390,0
757,2015-08-21,2743.5,2755,2700.75,2700.75,10:07:00,16:00:00,HOD_FIRST,11.5,42.75,0.41917259,1.55822854,54.25,1,0,2765,64.25,22.28137673,25.27913553,0.5161261,1.91864266,3303033,390,0
758,2015-08-24,2601.5,2683.5,2563.75,2619,13:11:00,09:32:00,LOD_FIRST,82,37.75,3.15202768,1.45108591,119.75,3,0,2700.75,137,25.27913553,33.25919728,3.24378181,1.49332638,3756097,390,0
759,2015-08-25,2679.5,2680,2595.5,2597.5,09:31:00,16:00:00,HOD_FIRST,0.5,84,0.0186602,3.13491323,84.5,1,0,2619,84.5,33.25919728,36.91925462,0.01503344,2.52561718,2657687,390,0
760,2015-08-26,2646.25,2673.25,2608.25,2670.75,15:53:00,12:45:00,LOD_FIRST,27,38,1.02031176,1.43599433,65,1,0,2597.5,75.75,36.91925462,39.69287929,0.73132571,1.02927322,2623193,390,0
761,2015-08-27,2695.75,2719.5,2677,2718.25,13:13:00,15:07:00,HOD_FIRST,23.75,18.75,0.88101641,0.69553927,42.5,1,0,2670.75,48.75,39.69287929,40.33981648,0.5983441,0.47237692,2345561,390,0
762,2015-08-28,2710.25,2723.75,2704.25,2718,11:35:00,13:41:00,HOD_FIRST,13.5,6,0.49810903,0.22138179,19.5,1,0,2718.25,19.5,40.33981648,38.85125816,0.33465695,0.14873642,1490900,390,0
763,2015-08-31,2706.25,2716.5,2695,2701,11:43:00,10:06:00,LOD_FIRST,10.25,11.25,0.37875289,0.41570439,21.5,3,0,2718,23,38.85125816,37.71902544,0.26382672,0.28956591,1477360,390,0
764,2015-09-01,2655.75,2672.25,2631.5,2640.5,09:47:00,15:44:00,HOD_FIRST,16.5,24.25,0.62129342,0.91311306,40.75,1,0,2701,69.5,37.71902544,39.98909505,0.43744502,0.64291163,2071466,390,0
765,2015-09-02,2671.5,2679.5,2649,2679.5,16:00:00,10:49:00,LOD_FIRST,8,22.5,0.29945723,0.84222347,30.5,1,0,2640.5,39,39.98909505,39.9184454,0.20005454,0.56265339,1628354,390,0
766,2015-09-03,2687.75,2706.25,2674.75,2680.5,11:07:00,15:40:00,HOD_FIRST,18.5,13,0.68830806,0.48367594,31.5,1,0,2679.5,31.5,39.9184454,39.31712787,0.4634449,0.32566398,1647519,390,0
767,2015-09-04,2653.25,2663.5,2640.5,2650.5,10:32:00,14:27:00,HOD_FIRST,10.25,12.75,0.38631867,0.48054273,23,1,0,2680.5,40,39.31712787,39.36590445,0.26070063,0.32428615,1492879,390,0
768,2015-09-08,2684.25,2701.5,2676.75,2700.5,15:58:00,10:42:00,LOD_FIRST,17.25,7.5,0.64263761,0.27940766,24.75,4,0,2650.5,51,39.36590445,40.19691128,0.43819646,0.1905202,1208375,390,0
769,2015-09-09,2719,2720.25,2668.25,2672.5,09:38:00,15:58:00,HOD_FIRST,1.25,50.75,0.04597278,1.86649503,52,1,0,2700.5,52,40.19691128,41.03998904,0.03109692,1.26253482,1595768,390,0
770,2015-09-10,2670.25,2698,2667.5,2683.75,13:38:00,10:17:00,LOD_FIRST,27.75,2.75,1.03922854,0.10298661,30.5,1,0,2672.5,30.5,41.03998904,40.28713268,0.67616977,0.06700782,1239804,390,0
771,2015-09-11,2679,2692.75,2670.25,2692.75,16:00:00,10:01:00,LOD_FIRST,13.75,8.75,0.51325121,0.32661441,22.5,1,0,2683.75,22.5,40.28713268,39.01662321,0.34130004,0.21719093,340930,390,0
772,2015-09-14,2694.5,2695,2679,2685,09:31:00,12:12:00,HOD_FIRST,0.5,15.5,0.01855632,0.57524587,16,3,0,2692.75,16,39.01662321,37.37257869,0.01281505,0.39726657,733958,390,0
773,2015-09-16,2713.5,2729.5,2709.5,2727,15:41:00,10:04:00,LOD_FIRST,16,4,0.58964437,0.14741109,20,2,0,2685,44.5,37.37257869,37.88168021,0.42812138,0.10703035,999314,390,0
774,2015-09-17,2725.25,2754.25,2718,2722.25,14:49:00,15:24:00,HOD_FIRST,29,7.25,1.06412256,0.26603064,36.25,1,0,2727,36.25,37.88168021,37.76513163,0.76554155,0.19138539,1787619,390,0
775,2015-09-18,2691.5,2710,2683.75,2688.5,11:47:00,15:46:00,HOD_FIRST,18.5,7.75,0.68734906,0.28794353,26.25,1,0,2722.25,38.5,37.76513163,37.81762222,0.48986987,0.20521576,1672975,390,0
776,2015-09-21,2699,2711.5,2686.75,2699.5,10:38:00,12:56:00,HOD_FIRST,12.5,12.25,0.46313449,0.4538718,24.75,3,0,2688.5,24.75,37.81762222,36.88422064,0.33053374,0.32392306,1179863,390,0
777,2015-09-22,2673.25,2679.25,2660.25,2673.5,10:04:00,13:30:00,HOD_FIRST,6,13,0.2244459,0.48629945,19,1,0,2699.5,39.25,36.88422064,37.05320488,0.16267119,0.35245424,1508718,390,0
778,2015-09-23,2675.75,2681.25,2663.25,2670.25,10:52:00,12:10:00,HOD_FIRST,5.5,12.5,0.20554985,0.46715874,18,1,0,2673.5,18,37.05320488,35.69226167,0.1484352,0.33735273,989322,390,0
779,2015-09-24,2655.75,2669.25,2639.75,2664,14:57:00,11:06:00,LOD_FIRST,13.5,16,0.50833098,0.60246635,29.5,1,0,2670.25,30.5,35.69226167,35.32138584,0.37823325,0.44827644,1755122,390,0
780,2015-09-25,2681.25,2685,2652.75,2663.25,13:16:00,15:15:00,HOD_FIRST,3.75,28.5,0.13986014,1.06293706,32.25,1,0,2664,32.25,35.32138584,35.10200114,0.10616797,0.80687661,1580216,390,0
781,2015-09-28,2653,2654.25,2611.25,2614,09:31:00,15:12:00,HOD_FIRST,1.25,41.75,0.04711647,1.57369016,43,3,0,2663.25,52,35.10200114,36.30900105,0.03561051,1.18939088,1868599,390,0
782,2015-09-29,2617.25,2632.25,2604,2615.25,10:31:00,15:30:00,HOD_FIRST,15,13.25,0.57312064,0.50625657,28.25,1,0,2614,28.25,36.30900105,35.73335812,0.4131207,0.36492329,1880309,390,0
783,2015-09-30,2638.5,2653,2629,2651.5,15:58:00,12:50:00,LOD_FIRST,14.5,9.5,0.54955467,0.36005306,24,1,0,2615.25,37.75,35.73335812,35.87740397,0.4057833,0.26585802,1732726,390,0
784,2015-10-01,2655.5,2659.75,2632.75,2656,09:32:00,12:10:00,HOD_FIRST,4.25,22.75,0.16004519,0.85671248,27,1,0,2651.5,27,35.87740397,35.24330369,0.11845896,0.63410385,1605176,390,0
785,2015-10-02,2632.25,2684.75,2625.5,2684.5,16:00:00,09:52:00,LOD_FIRST,52.5,6.75,1.9944914,0.25643461,59.25,1,0,2656,59.25,35.24330369,36.95806771,1.48964468,0.19152575,1870955,390,0
786,2015-10-05,2699.5,2722.5,2697.75,2720.25,15:34:00,09:31:00,LOD_FIRST,23,1.75,0.85200963,0.06482682,24.75,3,0,2684.5,38,36.95806771,37.03249144,0.62232691,0.04735096,1276724,390,0
787,2015-10-06,2718,2724.75,2705,2713.25,10:00:00,12:36:00,HOD_FIRST,6.75,13,0.24834437,0.47829286,19.75,1,0,2720.25,19.75,37.03249144,35.79802777,0.18227237,0.35104308,1318795,390,0
788,2015-10-07,2724,2733.75,2710,2729.75,10:20:00,11:29:00,HOD_FIRST,9.75,14,0.35792952,0.51395007,23.75,1,0,2713.25,23.75,35.79802777,34.93745436,0.27236137,0.391083,1588495,390,0
789,2015-10-08,2725,2751.25,2721.25,2747.75,15:18:00,09:42:00,LOD_FIRST,26.25,3.75,0.96330275,0.13761468,30,1,0,2729.75,30,34.93745436,34.58477905,0.75134266,0.10733467,1461779,390,0
790,2015-10-09,2749.5,2754.75,2741.25,2749.25,09:54:00,13:11:00,HOD_FIRST,5.25,8.25,0.19094381,0.30005456,13.5,1,0,2747.75,13.5,34.58477905,33.0787234,0.15180088,0.23854424,1074355,390,0
791,2015-10-12,2749.5,2753.25,2744.75,2751.25,11:44:00,10:24:00,LOD_FIRST,3.75,4.75,0.13638843,0.17275868,8.5,3,0,2749.25,8.5,33.0787234,31.3231003,0.11336592,0.14359684,638707,390,0
792,2015-10-13,2742,2757.25,2736,2737.75,11:14:00,15:44:00,HOD_FIRST,15.25,6,0.55616338,0.21881838,21.25,1,0,2751.25,21.25,31.3231003,30.60359314,0.48686113,0.19155192,1187315,390,0
793,2015-10-14,2737.5,2744.25,2725,2728.25,10:00:00,15:23:00,HOD_FIRST,6.75,12.5,0.24657534,0.456621,19.25,1,0,2737.75,19.25,30.60359314,29.7926222,0.22056234,0.40844877,1436138,390,0
794,2015-10-15,2736.75,2759.5,2732,2759.25,15:22:00,11:57:00,LOD_FIRST,22.75,4.75,0.83127798,0.17356353,27.5,1,0,2728.25,31.25,29.7926222,29.89672061,0.76361187,0.15943545,1375237,390,0
795,2015-10-16,2764.25,2768.5,2754.75,2767,15:57:00,14:04:00,LOD_FIRST,4.25,9.5,0.15374876,0.34367369,13.75,1,0,2759.25,13.75,29.89672061,28.74338343,0.14215606,0.3177606,1068567,390,0
796,2015-10-19,2760.75,2769.5,2756.75,2769,16:00:00,09:41:00,LOD_FIRST,8.75,4,0.31694286,0.14488816,12.75,3,0,2767,12.75,28.74338343,27.6009989,0.30441789,0.13916246,1063549,390,0
797,2015-10-20,2764.25,2774,2761,2766.75,10:51:00,13:51:00,HOD_FIRST,9.75,3.25,0.35271774,0.11757258,13,1,0,2769,13,27.6009989,26.5580704,0.35324808,0.11774936,1066428,390,0
798,2015-10-21,2772.25,2773.75,2752,2754,09:33:00,15:57:00,HOD_FIRST,1.5,20.25,0.05410767,0.7304536,21.75,1,0,2766.75,21.75,26.5580704,26.2146368,0.05648001,0.76248009,1482541,390,0
799,2015-10-22,2765.75,2791.25,2764,2788.25,12:43:00,09:38:00,LOD_FIRST,25.5,1.75,0.92199223,0.06327398,27.25,1,0,2754,37.25,26.2146368,27.00287703,0.97273902,0.0667566,1674160,390,0
800,2015-10-23,2808.75,2816,2799.25,2811.5,14:47:00,11:38:00,LOD_FIRST,7.25,9.5,0.25812194,0.33822875,16.75,1,0,2788.25,27.75,27.00287703,27.05624296,0.26848991,0.35181436,1573305,390,0
801,2015-10-26,2809.25,2810,2802,2806,12:51:00,10:05:00,LOD_FIRST,0.75,7.25,0.02669752,0.258076,8,3,0,2811.5,9.5,27.05624296,25.8022256,0.02772003,0.26796034,968362,390,0
802,2015-10-27,2798,2806.25,2793.75,2802,11:07:00,13:07:00,HOD_FIRST,8.25,4.25,0.29485347,0.15189421,12.5,1,0,2806,12.5,25.8022256,24.85206663,0.31973986,0.16471447,1021268,390,0
803,2015-10-28,2806,2826,2798,2825.75,15:59:00,14:15:00,LOD_FIRST,20,8,0.71275837,0.28510335,28,1,0,2802,28,24.85206663,25.07691901,0.80476205,0.32190482,1670008,390,0
804,2015-10-29,2819.5,2829,2818,2824.75,15:45:00,10:51:00,LOD_FIRST,9.5,1.5,0.33693917,0.05320092,11,1,0,2825.75,11,25.07691901,24.0714248,0.37883442,0.05981596,1156028,390,0
805,2015-10-30,2826.75,2830.75,2814.25,2814.75,13:49:00,16:00:00,HOD_FIRST,4,12.5,0.14150526,0.44220394,16.5,1,0,2824.75,16.5,24.0714248,23.53060874,0.16617213,0.51928792,1405279,390,0
806,2015-11-02,2819.5,2842.5,2817.75,2839.75,15:29:00,09:31:00,LOD_FIRST,23,1.75,0.81574747,0.06206774,24.75,3,0,2814.75,27.75,23.53060874,23.83199383,0.97745028,0.07437122,992264,390,0
807,2015-11-06,2833,2838.75,2820,2835.75,09:37:00,10:07:00,HOD_FIRST,5.75,13,0.20296505,0.45887752,18.75,4,0,2839.75,19.75,23.83199383,23.54042284,0.2412723,0.5454852,1389486,390,0
808,2015-11-09,2828.5,2830.5,2804.5,2815.75,09:41:00,12:04:00,HOD_FIRST,2,24,0.07070886,0.84850628,26,3,0,2835.75,31.25,23.54042284,24.09110693,0.08496024,1.01952289,1619654,390,0
809,2015-11-11,2824.25,2825,2811.75,2812.5,12:36:00,16:00:00,HOD_FIRST,0.75,12.5,0.02655572,0.44259538,13.25,2,0,2815.75,13.25,24.09110693,23.31674215,0.03113182,0.51886366,967447,390,0
810,2015-11-16,2758.5,2792,2757,2791.5,15:59:00,09:32:00,LOD_FIRST,33.5,1.5,1.21442813,0.05437738,35,5,0,2812.5,55.5,23.31674215,25.61554628,1.43673588,0.06433146,1286117,390,0
811,2015-11-19,2821.5,2826.25,2817.75,2821,09:51:00,11:53:00,HOD_FIRST,4.75,3.75,0.16835017,0.13290803,8.5,3,0,2791.5,34.75,25.61554628,26.26800726,0.18543427,0.14639547,1018962,390,0
812,2015-11-20,2830.25,2837,2824.25,2829,10:20:00,15:08:00,HOD_FIRST,6.75,6,0.23849483,0.21199541,12.75,1,0,2821,16,26.26800726,25.53457817,0.25696658,0.22841474,1024501,390,0
813,2015-11-23,2829.5,2835.5,2820.75,2826.25,10:21:00,14:40:00,HOD_FIRST,6,8.75,0.2120516,0.30924192,14.75,3,0,2829,14.75,25.53457817,24.76425116,0.23497549,0.34267259,769428,390,0
814,2015-11-24,2814,2834,2809.5,2829.5,15:20:00,10:51:00,LOD_FIRST,20,4.5,0.71073205,0.15991471,24.5,1,0,2826.25,24.5,24.76425116,24.74537607,0.80761578,0.18171355,1189645,390,0
815,2015-11-25,2830.5,2833,2825.75,2829,10:35:00,09:47:00,LOD_FIRST,2.5,4.75,0.08832362,0.16781487,7.25,1,0,2829.5,7.25,24.74537607,23.49570635,0.10102898,0.19195505,573521,390,0
816,2015-11-30,2832.75,2834.5,2821,2822.5,09:31:00,15:28:00,HOD_FIRST,1.75,11.75,0.06177742,0.41479128,13.5,5,0,2829,13.5,23.49570635,22.78172733,0.07448169,0.50009137,1080439,390,0
817,2015-12-01,2830.25,2844,2826.75,2843.25,15:59:00,10:17:00,LOD_FIRST,13.75,3.5,0.48582281,0.12366399,17.25,1,0,2822.5,21.5,22.78172733,22.69017538,0.60355388,0.1536319,1202236,390,0
818,2015-12-02,2842,2845.75,2817.5,2820.5,10:02:00,15:51:00,HOD_FIRST,3.75,24.5,0.13194933,0.86206897,28.25,1,0,2843.25,28.25,22.69017538,23.08730571,0.16526977,1.07976248,1411362,390,0
819,2015-12-03,2824,2827,2782.5,2791.25,09:31:00,14:44:00,HOD_FIRST,3,41.5,0.10623229,1.46954674,44.5,1,0,2820.5,44.5,23.08730571,24.61678387,0.12994154,1.7975246,2055840,390,0
820,2015-12-04,2796.25,2835.5,2794.5,2831.75,15:09:00,09:37:00,LOD_FIRST,39.25,1.75,1.40366562,0.06258382,41,1,0,2791.25,44.25,24.61678387,26.01915645,1.59444061,0.07108971,1766380,390,0
821,2015-12-07,2827.5,2828,2807,2818,09:31:00,11:30:00,HOD_FIRST,0.5,20.5,0.01768347,0.7250221,21,3,0,2831.75,24.75,26.01915645,25.92850242,0.01921661,0.78788104,1385515,390,0
822,2015-12-08,2800,2815.75,2792.75,2804.75,11:06:00,10:31:00,LOD_FIRST,15.75,7.25,0.5625,0.25892857,23,1,0,2818,25.25,25.92850242,25.88003796,0.60743963,0.27961507,1542256,390,0
823,2015-12-09,2797,2822.25,2776.75,2788.75,10:36:00,13:08:00,HOD_FIRST,25.25,20.25,0.90275295,0.72398999,45.5,1,0,2804.75,45.5,25.88003796,27.28146382,0.97565545,0.78245635,2053379,390,0
824,2015-12-10,2789.5,2809.5,2786.25,2793.5,14:44:00,10:13:00,LOD_FIRST,20,3.25,0.71697437,0.11650833,23.25,1,0,2788.75,23.25,27.28146382,26.99350212,0.73309849,0.11912851,1148889,390,0
825,2015-12-11,2768.5,2776.25,2749.75,2753.25,10:33:00,15:25:00,HOD_FIRST,7.75,18.75,0.27993498,0.67726206,26.5,1,0,2793.5,43.75,26.99350212,28.19039483,0.28710613,0.69461161,740294,390,0
826,2015-12-14,2755.25,2765,2734,2764.75,16:00:00,11:39:00,LOD_FIRST,9.75,21.25,0.35386988,0.77125488,31,3,0,2753.25,31,28.19039483,28.39108091,0.34586248,0.75380285,1602165,390,0
827,2015-12-15,2781.75,2796.5,2780.25,2785.75,12:37:00,09:31:00,LOD_FIRST,14.75,1.5,0.53024175,0.05392289,16.25,1,0,2764.75,31.75,28.39108091,28.6310037,0.51952936,0.05283349,1160575,390,0
828,2015-12-16,2799,2819.5,2781.75,2815.5,15:42:00,14:01:00,LOD_FIRST,20.5,17.25,0.73240443,0.61629153,37.75,1,0,2785.75,37.75,28.6310037,29.28236058,0.71600703,0.60249372,1445196,390,0
829,2015-12-17,2819.25,2820.25,2782.25,2782.75,09:31:00,16:00:00,HOD_FIRST,1,37,0.03547043,1.31240578,38,1,0,2815.5,38,29.28236058,29.90504911,0.03415025,1.26355933,1517358,390,0
830,2015-12-18,2772.5,2774.5,2744.75,2744.75,09:31:00,16:00:00,HOD_FIRST,2,27.75,0.07213706,1.00090171,29.75,1,0,2782.75,38,29.90504911,30.48325989,0.06687834,0.92793695,1555082,390,0
831,2015-12-21,2760.75,2765.25,2746.5,2763,09:33:00,11:42:00,HOD_FIRST,4.5,14.25,0.16299919,0.51616409,18.75,3,0,2744.75,20.5,30.48325989,29.7701699,0.14762201,0.46746969,999648,390,0
832,2015-12-22,2773.5,2785.25,2761.25,2781.75,15:27:00,10:16:00,LOD_FIRST,11.75,12.25,0.42365242,0.44168019,24,1,0,2763,24,29.7701699,29.3580149,0.39469039,0.41148573,890530,390,0
833,2015-12-23,2793.75,2808.5,2792.5,2807.75,14:41:00,09:39:00,LOD_FIRST,14.75,1.25,0.52796421,0.04474273,16,1,0,2781.75,26.75,29.3580149,29.17172812,0.50241817,0.04257781,821452,390,0
834,2015-12-28,2795.75,2799.25,2786,2798.5,13:34:00,10:56:00,LOD_FIRST,3.5,9.75,0.12519002,0.34874363,13.25,5,0,2807.75,21.75,29.17172812,28.64160469,0.11997918,0.33422771,570810,390,0
835,2015-12-29,2811.75,2825.25,2811.5,2821.5,15:19:00,09:31:00,LOD_FIRST,13.5,0.25,0.48012803,0.00889126,13.75,1,0,2798.5,26.75,28.64160469,28.50649007,0.47134231,0.00872856,670986,390,0
836,2015-12-30,2818,2819.25,2804.25,2806.25,09:31:00,15:36:00,HOD_FIRST,1.25,13.75,0.0443577,0.48793471,15,1,0,2821.5,17.25,28.50649007,27.70245506,0.04384966,0.4823463,573943,390,0
837,2015-12-31,2797.75,2805.5,2784.5,2785.25,12:47:00,16:00:00,HOD_FIRST,7.75,13.25,0.27700831,0.47359485,21,1,0,2806.25,21.75,27.70245506,27.2772797,0.2797586,0.47829696,822153,390,0
838,2016-01-04,2750.75,2755.75,2731,2755.5,16:00:00,11:12:00,LOD_FIRST,5,19.75,0.18176861,0.717986,24.75,4,0,2785.25,54.25,27.2772797,29.20390258,0.18330274,0.72404581,1731681,390,0
839,2016-01-05,2759.75,2765,2746,2760.25,14:25:00,12:16:00,LOD_FIRST,5.25,13.75,0.19023462,0.49823354,19,1,0,2755.5,19,29.20390258,28.47505239,0.17977049,0.47082748,1303578,390,0
840,2016-01-06,2728.75,2746.25,2721.25,2733.75,11:24:00,15:03:00,HOD_FIRST,17.5,7.5,0.64131929,0.27485112,25,1,0,2760.25,39,28.47505239,29.22683437,0.61457306,0.26338845,1632883,390,0
841,2016-01-07,2699.25,2719.75,2681,2685.5,10:56:00,15:31:00,HOD_FIRST,20.5,18.25,0.75947022,0.67611374,38.75,1,0,2733.75,52.75,29.22683437,30.90706048,0.70141021,0.62442616,2108509,390,0
842,2016-01-08,2697.5,2704,2660.75,2664.5,09:35:00,15:58:00,HOD_FIRST,6.5,36.75,0.24096386,1.36237257,43.25,1,0,2685.5,43.25,30.90706048,31.78869902,0.21030793,1.1890487,1942389,390,0
843,2016-01-11,2675.5,2679.75,2643.25,2666,09:33:00,13:52:00,HOD_FIRST,4.25,32.25,0.15884881,1.20538217,36.5,3,0,2664.5,36.5,31.78869902,32.12522052,0.13369531,1.01451148,1903995,390,0
844,2016-01-12,2683.5,2691,2656.5,2681.5,09:46:00,14:21:00,HOD_FIRST,7.5,27,0.27948575,1.00614869,34.5,1,0,2666,34.5,32.12522052,32.29484762,0.23346143,0.84046116,1947790,390,0
845,2016-01-13,2689.75,2694,2628.75,2633.5,09:41:00,14:45:00,HOD_FIRST,4.25,61,0.15800725,2.26786876,65.25,1,0,2681.5,65.25,32.29484762,34.64878708,0.13159994,1.88884619,2382690,390,0
846,2016-01-14,2640.75,2678.25,2621.75,2664,15:17:00,10:05:00,LOD_FIRST,37.5,19,1.42005112,0.71949257,56.5,1,0,2633.5,56.5,34.64878708,36.209588,1.08228897,0.54835974,2405478,390,0
847,2016-01-15,2612.5,2632.75,2600,2622.5,10:33:00,12:41:00,HOD_FIRST,20.25,12.5,0.77511962,0.4784689,32.75,1,0,2664,64,36.209588,38.19461743,0.55924414,0.34521243,2630827,390,0
848,2016-01-19,2644.75,2646.25,2607,2625.5,09:32:00,14:49:00,HOD_FIRST,1.5,37.75,0.05671614,1.42735608,39.25,4,0,2622.5,39.25,38.19461743,38.2700019,0.03927255,0.98835916,1863213,390,0
849,2016-01-20,2595.5,2620,2555,2602.5,15:30:00,12:29:00,LOD_FIRST,24.5,40.5,0.94394144,1.56039299,65,1,0,2625.5,70.5,38.2700019,40.57214462,0.64018811,1.05827013,3257344,390,0
850,2016-01-21,2607,2634,2591.5,2611.75,12:09:00,09:49:00,LOD_FIRST,27,15.5,1.03567319,0.59455313,42.5,1,0,2602.5,42.5,40.57214462,40.70984858,0.66548121,0.38203551,1933537,390,0
851,2016-01-22,2643,2653,2634,2650,14:18:00,11:49:00,LOD_FIRST,10,9,0.37835793,0.34052213,19,1,0,2611.75,41.25,40.70984858,40.74843082,0.24564081,0.22107673,1587840,390,0
852,2016-01-25,2644.5,2646.5,2618.75,2621.75,10:07:00,15:41:00,HOD_FIRST,2,25.75,0.07562866,0.97371904,27.75,3,0,2650,31.25,40.74843082,40.06997148,0.04908164,0.63192617,1251297,390,0
853,2016-01-26,2629.5,2650.5,2625.25,2646.75,13:28:00,09:54:00,LOD_FIRST,21,4.25,0.79863092,0.16162769,25.25,1,0,2621.75,28.75,40.06997148,39.26140209,0.52408323,0.10606446,1283478,390,0
854,2016-01-27,2641,2660.75,2615.25,2626,12:20:00,15:22:00,HOD_FIRST,19.75,25.75,0.74782279,0.97500947,45.5,1,0,2646.75,45.5,39.26140209,39.70701622,0.50303858,0.65586043,1718837,390,0
855,2016-01-28,2644.5,2647,2616.5,2636.5,09:35:00,10:35:00,HOD_FIRST,2.5,28,0.09453583,1.05880129,30.5,1,0,2626,30.5,39.70701622,39.04937221,0.06296116,0.70516505,1617629,390,0
856,2016-01-29,2645.25,2682.75,2644,2682,16:00:00,09:31:00,LOD_FIRST,37.5,1.25,1.41763538,0.04725451,38.75,1,0,2636.5,46.25,39.04937221,39.56370276,0.96032274,0.03201076,1737685,390,0
857,2016-02-01,2670,2690.75,2663.25,2681.5,15:36:00,10:05:00,LOD_FIRST,20.75,6.75,0.77715356,0.25280899,27.5,3,0,2682,27.5,39.56370276,38.70200971,0.52447063,0.17061093,1267411,390,0
858,2016-02-02,2664.25,2664.75,2639.75,2646,09:31:00,15:13:00,HOD_FIRST,0.5,24.5,0.01876701,0.91958337,25,1,0,2681.5,41.75,38.70200971,38.9197233,0.01291923,0.63304206,1659808,390,0
859,2016-02-03,2659.25,2663,2615.75,2657,15:11:00,10:38:00,LOD_FIRST,3.75,43.5,0.1410172,1.63579957,47.25,1,0,2646,47.25,38.9197233,39.51474307,0.09635218,1.11768523,2337904,390,0
860,2016-02-04,2652.25,2672.5,2644.5,2660.5,10:36:00,09:47:00,LOD_FIRST,20.25,7.75,0.76350269,0.29220473,28,1,0,2657,28,39.51474307,38.69226142,0.51246695,0.19612933,1723906,390,0
861,2016-02-05,2654.75,2656,2616.5,2624,09:31:00,15:05:00,HOD_FIRST,1.25,38.25,0.04708541,1.44081364,39.5,1,0,2660.5,44,38.69226142,39.0713856,0.0323062,0.98856977,1751366,390,0
862,2016-02-08,2602.25,2605.75,2572.5,2598.25,15:48:00,14:34:00,LOD_FIRST,3.5,29.75,0.13449899,1.14324143,33.25,3,0,2624,51.5,39.0713856,39.95914377,0.08957962,0.7614268,2120383,390,0
863,2016-02-09,2578,2614.5,2576.5,2598.75,15:09:00,09:31:00,LOD_FIRST,36.5,1.5,1.41582622,0.05818464,38,1,0,2598.25,38,39.95914377,39.81920493,0.91343299,0.03753834,2174509,390,0
864,2016-02-10,2609,2628.5,2596,2597.75,10:34:00,15:54:00,HOD_FIRST,19.5,13,0.7474128,0.4982752,32.5,1,0,2598.75,32.5,39.81920493,39.29640458,0.48971344,0.32647563,1762409,390,0
865,2016-02-11,2568,2585.5,2555.75,2575,15:41:00,14:37:00,LOD_FIRST,17.5,12.25,0.68146417,0.47702492,29.75,1,0,2597.75,42,39.29640458,39.48951854,0.44533336,0.31173335,2451074,390,0
866,2016-02-12,2594.25,2611.5,2584.25,2611.5,15:57:00,10:02:00,LOD_FIRST,17.25,10,0.66493206,0.38546786,27.25,1,0,2575,36.5,39.48951854,39.2759815,0.43682477,0.25323175,1444316,390,0
867,2016-02-16,2633,2642.75,2621,2642.5,14:31:00,11:08:00,LOD_FIRST,9.75,12,0.37030004,0.45575389,21.75,4,0,2611.5,31.25,39.2759815,38.70269711,0.24824332,0.30553024,1235457,390,0
868,2016-02-17,2656.75,2678,2654.75,2673.75,14:22:00,09:48:00,LOD_FIRST,21.25,2,0.79984944,0.07527995,23.25,1,0,2642.5,35.5,38.70269711,38.47393303,0.54905734,0.05167599,1385044,390,0
869,2016-02-18,2676.75,2677.75,2662,2665.25,09:31:00,15:52:00,HOD_FIRST,1,14.75,0.03735874,0.55104137,15.75,1,0,2673.75,15.75,38.47393303,36.85079495,0.02599162,0.38337645,1267384,390,0
870,2016-02-19,2656.75,2666.75,2649.25,2665.25,11:33:00,10:06:00,LOD_FIRST,10,7.5,0.37639974,0.2822998,17.5,1,0,2665.25,17.5,36.85079495,35.46859532,0.27136457,0.20352342,1155284,390,0
871,2016-02-22,2683.5,2694.5,2682.75,2692.5,13:43:00,09:35:00,LOD_FIRST,11,0.75,0.40991243,0.02794857,11.75,3,0,2665.25,29.25,35.46859532,35.02440994,0.31013351,0.02114547,1017584,390,0
872,2016-02-23,2685,2688,2666.5,2668.5,09:47:00,15:06:00,HOD_FIRST,3,18.5,0.11173184,0.68901304,21.5,1,0,2692.5,26,35.02440994,34.37980923,0.08565455,0.52820305,1220395,390,0
873,2016-02-24,2651,2680,2637.5,2676.75,15:29:00,10:32:00,LOD_FIRST,29,13.5,1.09392682,0.5092418,42.5,1,0,2668.5,42.5,34.37980923,34.95982285,0.84351835,0.39267234,1840380,390,0
874,2016-02-25,2682.25,2700.25,2672.75,2700.25,16:00:00,10:11:00,LOD_FIRST,18,9.5,0.67107839,0.35418026,27.5,1,0,2676.75,27.5,34.95982285,34.42697836,0.51487675,0.27174051,1351064,390,0
875,2016-02-26,2710.5,2711.75,2693.75,2696,09:32:00,14:41:00,HOD_FIRST,1.25,16.75,0.04611695,0.61796716,18,1,0,2700.25,18,34.42697836,33.25362277,0.03630873,0.48653704,1369534,390,0
876,2016-02-29,2695.5,2707,2678.5,2679.25,11:40:00,16:00:00,HOD_FIRST,11.5,17,0.42663699,0.63068076,28.5,3,0,2696,28.5,33.25362277,32.91407828,0.34582698,0.5112225,1339825,390,0
877,2016-03-01,2694.5,2726.5,2689,2726.25,15:10:00,09:48:00,LOD_FIRST,32,5.5,1.18760438,0.2041195,37.5,1,0,2679.25,47.25,32.91407828,33.93807269,0.97222835,0.16710175,1569632,390,0
878,2016-03-02,2721.75,2735.25,2717,2734.5,16:00:00,10:43:00,LOD_FIRST,13.5,4.75,0.49600441,0.17452007,18.25,1,0,2726.25,18.25,33.93807269,32.81749607,0.39778334,0.13996081,1428670,390,0
879,2016-03-03,2732.5,2742.5,2725.5,2742.25,15:56:00,10:15:00,LOD_FIRST,10,7,0.36596523,0.25617566,17,1,0,2734.5,17,32.81749607,31.68767492,0.30471551,0.21330086,1234585,390,0
880,2016-03-04,2745,2758.25,2734.75,2748.25,13:57:00,09:57:00,LOD_FIRST,13.25,10.25,0.48269581,0.37340619,23.5,1,0,2742.25,23.5,31.68767492,31.102841,0.41814365,0.32346961,1735594,390,0
881,2016-03-07,2738,2755.25,2736.75,2750.5,13:12:00,09:31:00,LOD_FIRST,17.25,1.25,0.63002191,0.04565376,18.5,3,0,2748.25,18.5,31.102841,30.20263807,0.55461172,0.04018925,1266693,390,0
882,2016-03-08,2737.5,2743.75,2726.75,2728,13:38:00,15:57:00,HOD_FIRST,6.25,10.75,0.2283105,0.39269406,17,1,0,2750.5,23.75,30.20263807,29.74173535,0.20693557,0.35592917,1414590,390,0
883,2016-03-09,2738.25,2742.5,2728.75,2738.75,12:00:00,10:56:00,LOD_FIRST,4.25,9.5,0.15520862,0.34693691,13.75,1,0,2728,14.5,29.74173535,28.65303997,0.14289684,0.31941647,1216143,390,0
884,2016-03-10,2744,2755.5,2718,2740,10:03:00,13:14:00,HOD_FIRST,11.5,26,0.41909621,0.94752187,37.5,1,0,2738.75,37.5,28.65303997,29.28496569,0.40135357,0.90740808,1752332,390,0
885,2016-03-11,2757.5,2773,2756,2772.25,16:00:00,09:33:00,LOD_FIRST,15.5,1.5,0.56210335,0.0543971,17,1,0,2740,33,29.28496569,29.55032528,0.52928182,0.05122082,485451,390,0
886,2016-03-14,2766.25,2775,2762,2769.5,15:27:00,10:01:00,LOD_FIRST,8.75,4.25,0.3163127,0.1536376,13,3,0,2772.25,13,29.55032528,28.36815919,0.29610503,0.14382244,891191,390,0
887,2016-03-15,2758,2766.75,2755,2766.5,16:00:00,10:06:00,LOD_FIRST,8.75,3,0.31725888,0.10877447,11.75,1,0,2769.5,14.5,28.36815919,27.37757639,0.30844441,0.10575237,940791,390,0
888,2016-03-16,2760.25,2782.75,2759.75,2778.5,15:41:00,13:16:00,LOD_FIRST,22.5,0.5,0.81514356,0.0181143,23,1,0,2766.5,23,27.37757639,27.06489236,0.82184046,0.01826312,1402050,390,0
889,2016-03-17,2776.75,2796.75,2772,2791.25,14:21:00,10:02:00,LOD_FIRST,20,4.75,0.7202665,0.17106329,24.75,1,0,2778.5,24.75,27.06489236,26.89954291,0.7389647,0.17550412,1338912,390,0
890,2016-03-18,2796.75,2802.75,2793,2799.25,11:20:00,13:40:00,HOD_FIRST,6,3.75,0.21453473,0.1340842,9.75,1,0,2791.25,11.5,26.89954291,25.79957556,0.22305212,0.13940757,1362525,390,0
891,2016-03-21,2795.75,2804.5,2792.75,2801.75,14:44:00,10:46:00,LOD_FIRST,8.75,3,0.31297505,0.10730573,11.75,3,0,2799.25,11.75,25.79957556,24.79603445,0.33915287,0.11628098,1031949,390,0
892,2016-03-22,2792.25,2807.5,2790.5,2801.25,13:37:00,09:51:00,LOD_FIRST,15.25,1.75,0.54615453,0.06267347,17,1,0,2801.75,17,24.79603445,24.23917484,0.6150177,0.0705758,1150169,390,0
893,2016-03-23,2796.5,2798.5,2785.25,2787.75,10:32:00,15:27:00,HOD_FIRST,2,11.25,0.07151797,0.40228858,13.25,1,0,2801.25,16,24.23917484,23.65066235,0.08251106,0.46412471,1294620,390,0
894,2016-03-24,2774.75,2786.75,2772.25,2786.75,16:00:00,09:33:00,LOD_FIRST,12,2.5,0.43247139,0.09009821,14.5,1,0,2787.75,15.5,23.65066235,23.06847219,0.50738537,0.10570528,1174205,390,0
895,2016-03-28,2791.25,2794,2782,2787.75,14:07:00,10:47:00,LOD_FIRST,2.75,9.25,0.09852217,0.33139275,12,4,0,2786.75,12,23.06847219,22.27786703,0.11921032,0.40098017,766723,390,0
896,2016-03-29,2783,2807.5,2779.25,2807,15:24:00,09:38:00,LOD_FIRST,24.5,3.75,0.88034495,0.13474668,28.25,1,0,2787.75,28.25,22.27786703,22.70444796,1.09974622,0.1683285,1227407,390,0
897,2016-03-30,2818.25,2824.5,2811.5,2816.25,11:06:00,13:33:00,HOD_FIRST,6.25,6.75,0.22176883,0.23951033,13,1,0,2807,17.5,22.70444796,22.33270167,0.27527646,0.29729857,1295123,390,0
898,2016-03-31,2814.5,2819.75,2808.75,2811,12:03:00,14:45:00,HOD_FIRST,5.25,5.75,0.18653402,0.20429917,11,1,0,2816.25,11,22.33270167,21.52322298,0.23508128,0.25746997,1344419,390,0
899,2016-04-01,2799,2827,2795.25,2824.5,15:49:00,09:42:00,LOD_FIRST,28,3.75,1.00035727,0.13397642,31.75,1,0,2811,31.75,21.52322298,22.25370705,1.30092041,0.17423041,1515292,390,0
900,2016-04-04,2824.25,2826.5,2814.25,2818,10:08:00,15:30:00,HOD_FIRST,2.25,10,0.07966717,0.3540763,12.25,3,0,2824.5,12.25,22.25370705,21.53915655,0.10110675,0.44936333,1029811,390,0
901,2016-04-05,2802,2808,2794.25,2797.5,10:08:00,15:59:00,HOD_FIRST,6,7.75,0.21413276,0.27658815,13.75,1,0,2818,23.75,21.53915655,21.69707394,0.27856244,0.35980982,1352680,390,0
902,2016-04-06,2798.25,2820.5,2795,2819.75,15:59:00,09:46:00,LOD_FIRST,22.25,3.25,0.79513982,0.11614402,25.5,1,0,2797.5,25.5,21.69707394,21.96871152,1.0254839,0.14978978,1560470,390,0
903,2016-04-07,2807,2811,2786,2794.75,10:08:00,15:01:00,HOD_FIRST,4,21,0.14250089,0.74812968,25,1,0,2819.75,33.75,21.96871152,22.81023212,0.18207713,0.95590495,1647001,390,0
904,2016-04-08,2809,2814.25,2794,2800.75,10:16:00,15:34:00,HOD_FIRST,5.25,15,0.18689925,0.53399786,20.25,1,0,2794.75,20.25,22.81023212,22.6273584,0.23015987,0.65759962,1354640,390,0
905,2016-04-11,2808.25,2816.5,2794.5,2795.25,10:09:00,15:59:00,HOD_FIRST,8.25,13.75,0.29377726,0.48962877,22,3,0,2800.75,22,22.6273584,22.58254708,0.36460288,0.60767146,1305054,390,0
906,2016-04-12,2797.75,2818.5,2792.5,2815.25,15:06:00,10:25:00,LOD_FIRST,20.75,5.25,0.74166741,0.18765079,26,1,0,2795.25,26,22.58254708,22.82665086,0.91885118,0.23248042,1483052,390,0
907,2016-04-13,2825.75,2837,2824,2836,15:58:00,10:38:00,LOD_FIRST,11.25,1.75,0.39812439,0.06193046,13,1,0,2815.25,21.75,22.82665086,22.74974723,0.49284497,0.07666477,1261097,390,0
908,2016-04-14,2836.5,2841.75,2831.75,2836,13:06:00,10:00:00,LOD_FIRST,5.25,4.75,0.18508726,0.1674599,10,1,0,2836,10,22.74974723,21.839051,0.23077179,0.20879353,1026138,390,0
909,2016-04-15,2836,2837,2829.5,2833.5,09:32:00,14:15:00,HOD_FIRST,1,6.5,0.03526093,0.22919605,7.5,1,0,2836,7.5,21.839051,20.81483307,0.04578954,0.29763198,908175,390,0
910,2016-04-18,2826.75,2848.75,2825.25,2848.5,15:48:00,09:32:00,LOD_FIRST,22,1.5,0.77827894,0.05306447,23.5,3,0,2833.5,23.5,20.81483307,21.00663071,1.05693857,0.07206399,1006355,390,0
911,2016-04-19,2853,2857.75,2845,2854.75,10:16:00,12:51:00,HOD_FIRST,4.75,8,0.16649141,0.28040659,12.75,1,0,2848.5,12.75,21.00663071,20.41687137,0.22611908,0.38083213,1215881,390,0
912,2016-04-20,2855.5,2865.25,2849.5,2856.5,15:02:00,10:46:00,LOD_FIRST,9.75,6,0.34144633,0.21012082,15.75,1,0,2854.75,15.75,20.41687137,20.08352342,0.47754623,0.2938746,1136348,390,0
913,2016-04-21,2857,2858.5,2842.25,2845.5,09:35:00,14:41:00,HOD_FIRST,1.5,14.75,0.05250263,0.51627581,16.25,1,0,2856.5,16.25,20.08352342,19.80970032,0.07468809,0.73443288,1218840,390,0
914,2016-04-22,2841.5,2849,2835,2846,10:02:00,10:46:00,HOD_FIRST,7.5,6.5,0.2639451,0.22875242,14,1,0,2845.5,14,19.80970032,19.39472172,0.3786024,0.32812208,1167026,390,0
915,2016-04-25,2838.5,2842.25,2831,2842,16:00:00,11:11:00,LOD_FIRST,3.75,7.5,0.13211203,0.26422406,11.25,3,0,2846,15,19.39472172,19.08081303,0.19335158,0.38670315,946599,390,0
916,2016-04-26,2846.5,2851.25,2839.5,2845.75,10:06:00,11:02:00,HOD_FIRST,4.75,7,0.1668716,0.24591604,11.75,1,0,2842,11.75,19.08081303,18.55718353,0.24894117,0.36686068,920459,390,0
917,2016-04-27,2840.75,2854,2836.25,2849.5,15:22:00,10:41:00,LOD_FIRST,13.25,4.5,0.46642612,0.15840887,17.75,1,0,2845.75,17.75,18.55718353,18.49952756,0.71400921,0.24249369,1164220,390,0
918,2016-04-28,2840.25,2853.5,2825.25,2830.5,11:36:00,15:58:00,HOD_FIRST,13.25,15,0.46650823,0.52812252,28.25,1,0,2849.5,28.25,18.49952756,19.19598988,0.71623451,0.81083152,1425091,390,0
919,2016-04-29,2822.75,2827,2805.75,2818.75,09:36:00,14:18:00,HOD_FIRST,4.25,17,0.15056239,0.60224958,21.25,1,0,2830.5,24.75,19.19598988,19.59270489,0.22140041,0.88560163,1940670,390,0
920,2016-05-02,2825,2837.5,2819.5,2835.25,15:44:00,09:51:00,LOD_FIRST,12.5,5.5,0.44247788,0.19469027,18,3,0,2818.75,18.75,19.59270489,19.53251168,0.63799256,0.28071673,1057182,390,0
921,2016-05-03,2820.5,2823.25,2808,2817,13:53:00,11:32:00,LOD_FIRST,2.75,12.5,0.09750044,0.44318383,15.25,1,0,2835.25,27.25,19.53251168,20.08376085,0.14079091,0.63995866,1460519,390,0
922,2016-05-04,2805,2813.5,2799,2804.75,10:12:00,14:07:00,HOD_FIRST,8.5,6,0.3030303,0.21390374,14.5,1,0,2817,18,20.08376085,19.93492079,0.42322751,0.29874883,1193728,390,0
923,2016-05-05,2810.75,2815,2799.5,2804.75,10:16:00,13:39:00,HOD_FIRST,4.25,11.25,0.15120519,0.40024904,15.5,1,0,2804.75,15.5,19.93492079,19.61814073,0.21319372,0.56433633,1145127,390,0
924,2016-05-06,2795.5,2812.75,2793.75,2812,14:55:00,10:55:00,LOD_FIRST,17.25,1.75,0.61706314,0.06260061,19,1,0,2804.75,19,19.61814073,19.57398782,0.87928822,0.08920315,1357770,390,0
925,2016-05-09,2810.5,2818.75,2808.25,2813.75,10:02:00,11:17:00,HOD_FIRST,8.25,2.25,0.29354207,0.08005693,10.5,3,0,2812,10.5,19.57398782,18.92584583,0.42147773,0.11494847,1060399,390,0
926,2016-05-10,2822.25,2839.75,2821.25,2839.5,15:58:00,09:33:00,LOD_FIRST,17.5,1,0.62007264,0.03543272,18.5,1,0,2813.75,26,18.92584583,19.43114256,0.92466145,0.0528378,1020420,390,0
927,2016-05-11,2834.25,2838.5,2819.75,2820.5,10:37:00,15:53:00,HOD_FIRST,4.25,14.5,0.14995149,0.51159919,18.75,1,0,2839.5,19.75,19.43114256,19.45391809,0.21872105,0.74622478,1174817,390,0
928,2016-05-12,2827.75,2829.75,2808.5,2820.5,09:36:00,12:01:00,HOD_FIRST,2,19.25,0.07072761,0.68075325,21.25,1,0,2820.5,21.25,19.45391809,19.58220966,0.10280705,0.98951789,1450822,390,0
929,2016-05-13,2817,2823.5,2798.5,2802.25,09:42:00,14:44:00,HOD_FIRST,6.5,18.5,0.23074192,0.65672701,25,1,0,2820.5,25,19.58220966,19.96919468,0.33193394,0.94473506,1455842,390,0
930,2016-05-16,2804.25,2828.5,2803.5,2822.75,15:10:00,09:31:00,LOD_FIRST,24.25,0.75,0.86475885,0.02674512,25,3,0,2802.25,26.25,19.96919468,20.41782363,1.21437045,0.03755785,1157992,390,0
931,2016-05-17,2819.5,2822.75,2796.75,2803.75,09:34:00,15:27:00,HOD_FIRST,3.25,22.75,0.11526866,0.80688065,26,1,0,2822.75,26,20.41782363,20.81655051,0.15917465,1.11422257,1638229,390,0
932,2016-05-18,2799.25,2817.75,2790.75,2804,13:33:00,14:32:00,HOD_FIRST,18.5,8.5,0.66089131,0.30365276,27,1,0,2803.75,27,20.81655051,21.25822548,0.88871593,0.40832894,1757341,390,0
933,2016-05-19,2795,2799.75,2782,2796.5,09:44:00,11:13:00,HOD_FIRST,4.75,13,0.16994633,0.46511628,17.75,1,0,2804,22,21.25822548,21.31120937,0.22344292,0.61152799,1727165,390,0
934,2016-05-20,2803.5,2815.5,2802.75,2809,11:38:00,09:31:00,LOD_FIRST,12,0.75,0.42803638,0.02675227,12.75,1,0,2796.5,19,21.31120937,21.14612299,0.56308395,0.03519275,1250194,390,0
935,2016-05-23,2809.5,2812.75,2804.25,2806,10:21:00,16:00:00,HOD_FIRST,3.25,5.25,0.11567895,0.18686599,8.5,3,0,2809,8.5,21.14612299,20.24282849,0.15369248,0.24827246,896191,390,0
936,2016-05-24,2816.5,2837.25,2816,2833,15:27:00,09:31:00,LOD_FIRST,20.75,0.5,0.73672998,0.01775253,21.25,1,0,2806,31.25,20.24282849,21.02905503,1.02505438,0.02470011,1284809,390,0
937,2016-05-25,2841.5,2852.5,2840.75,2846.75,15:30:00,09:31:00,LOD_FIRST,11,0.75,0.38711948,0.02639451,11.75,1,0,2833,19.5,21.02905503,20.91983681,0.5230858,0.03566494,1142118,390,0
938,2016-05-26,2849.25,2851.75,2844.25,2847.75,09:33:00,11:01:00,HOD_FIRST,2.5,5,0.08774239,0.17548478,7.5,1,0,2846.75,7.5,20.91983681,19.96127704,0.1195038,0.2390076,734032,390,0
939,2016-05-27,2849.75,2856.75,2849.25,2856.75,16:00:00,09:31:00,LOD_FIRST,7,0.5,0.24563558,0.0175454,7.5,1,0,2847.75,9,19.96127704,19.17832868,0.35067897,0.0250485,822777,390,0
940,2016-05-31,2860,2861.5,2846,2853.25,10:12:00,15:02:00,HOD_FIRST,1.5,14,0.05244755,0.48951049,15.5,4,0,2856.75,15.5,19.17832868,18.91559092,0.07821328,0.72999062,1228169,390,0
941,2016-06-01,2845.75,2859.25,2843.25,2857,15:25:00,09:36:00,LOD_FIRST,13.5,2.5,0.47439164,0.0878503,16,1,0,2853.25,16,18.91559092,18.70733442,0.71369697,0.13216611,1003813,390,0
942,2016-06-02,2852.25,2863.5,2846.75,2863.25,16:00:00,09:51:00,LOD_FIRST,11.25,5.5,0.39442545,0.19283022,16.75,1,0,2857,16.75,18.70733442,18.56752482,0.60136841,0.29400233,1005695,390,0
943,2016-06-03,2857,2861.25,2842.75,2857.25,14:55:00,10:21:00,LOD_FIRST,4.25,14.25,0.14875744,0.49877494,18.5,1,0,2863.25,20.5,18.56752482,18.70555876,0.22889427,0.76746902,1314627,390,0
944,2016-06-06,2861.25,2872.25,2859.5,2868,14:29:00,12:56:00,LOD_FIRST,11,1.75,0.38444736,0.06116208,12.75,3,0,2857.25,15,18.70555876,18.44087599,0.58806049,0.09355508,967881,390,0
945,2016-06-07,2869.75,2878,2869.25,2871.25,13:33:00,09:31:00,LOD_FIRST,8.25,0.5,0.28748149,0.01742312,8.75,1,0,2868,10,18.44087599,17.83795628,0.44737571,0.02711368,828296,390,0
946,2016-06-08,2872.75,2879.75,2871.25,2878,14:46:00,11:12:00,LOD_FIRST,7,1.5,0.24366896,0.05221478,8.5,1,0,2871.25,8.5,17.83795628,17.1709594,0.39242164,0.08409035,925341,390,0
947,2016-06-09,2869.5,2876.75,2866.25,2874.5,15:43:00,12:14:00,LOD_FIRST,7.25,3.25,0.25265726,0.11326015,10.5,1,0,2878,11.75,17.1709594,16.78374802,0.42222451,0.18927306,864405,390,0
948,2016-06-10,2859,2863,2848.5,2855.25,10:34:00,15:15:00,HOD_FIRST,4,10.5,0.13990906,0.36726128,14.5,1,0,2874.5,26,16.78374802,17.44205173,0.23832579,0.6256052,545930,390,0
949,2016-06-13,2847.75,2858,2837.5,2838.75,10:32:00,15:54:00,HOD_FIRST,10.25,10.25,0.35993328,0.35993328,20.5,3,0,2855.25,20.5,17.44205173,17.66047661,0.58766022,0.58766022,1394846,390,0
950,2016-06-14,2834,2841.5,2823.5,2835.25,09:43:00,11:20:00,HOD_FIRST,7.5,10.5,0.26464361,0.37050106,18,1,0,2838.75,18,17.66047661,17.68472828,0.4246771,0.59454794,1625400,390,0
951,2016-06-15,2840,2848.25,2829.75,2831.75,14:01:00,15:55:00,HOD_FIRST,8.25,10.25,0.29049296,0.36091549,18.5,1,0,2835.25,18.5,17.68472828,17.74296197,0.4665042,0.57959613,1190948,390,0
952,2016-06-16,2821.75,2840.25,2809.5,2838.5,15:49:00,10:39:00,LOD_FIRST,18.5,12.25,0.65562151,0.43412776,30.75,1,0,2831.75,30.75,17.74296197,18.67203612,1.04266695,0.6904146,1839208,390,0
953,2016-06-17,2836.75,2837,2822,2830.75,09:31:00,11:31:00,HOD_FIRST,0.25,14.75,0.0088129,0.51996122,15,1,0,2838.5,16.5,18.67203612,18.51689068,0.01338901,0.78995134,1397184,390,0
954,2016-06-20,2853.25,2861.25,2842.5,2843.75,10:06:00,15:55:00,HOD_FIRST,8,10.75,0.28038202,0.37676334,18.75,3,0,2830.75,30.5,18.51689068,19.37282706,0.43203798,0.58055103,1175852,390,0
955,2016-06-21,2848,2854.5,2842.75,2849,14:38:00,10:24:00,LOD_FIRST,6.5,5.25,0.22823034,0.18433989,11.75,1,0,2843.75,11.75,19.37282706,18.82833941,0.3355215,0.27099813,1085575,390,0
956,2016-06-22,2851.25,2860,2844,2845.25,10:53:00,15:59:00,HOD_FIRST,8.75,7.25,0.30688295,0.25427444,16,1,0,2849,16,18.82833941,18.62631517,0.464725,0.38505786,1171530,390,0
957,2016-06-23,2863.25,2873.75,2857.75,2873.5,16:00:00,09:54:00,LOD_FIRST,10.5,5.5,0.36671614,0.19208941,16,1,0,2845.25,28.5,18.62631517,19.33157837,0.56371858,0.29528116,864972,390,0
958,2016-06-24,2800.25,2833.5,2791,2796.25,10:12:00,15:20:00,HOD_FIRST,33.25,9.25,1.18739398,0.33032765,42.5,1,0,2873.5,82.5,19.33157837,23.84360849,1.71998372,0.47849171,2187097,390,0
959,2016-06-27,2779.5,2779.5,2750.25,2759.75,09:31:00,11:01:00,HOD_FIRST,0,29.25,0,1.05234754,29.25,3,0,2796.25,46,23.84360849,25.42620788,0,1.22674385,2246962,390,0
960,2016-06-28,2778.5,2795.75,2774.75,2795.5,16:00:00,11:30:00,LOD_FIRST,17.25,3.75,0.62083858,0.13496491,21,1,0,2759.75,36,25.42620788,26.18147875,0.67843385,0.14748562,1779352,390,0
961,2016-06-29,2812.5,2833.25,2811,2830.75,15:19:00,09:38:00,LOD_FIRST,20.75,1.5,0.73777778,0.05333333,22.25,1,0,2795.5,37.75,26.18147875,27.00780169,0.792545,0.05729241,1569373,390,0
962,2016-06-30,2836.5,2860,2829.75,2859.75,16:00:00,09:59:00,LOD_FIRST,23.5,6.75,0.82848581,0.23796933,30.25,1,0,2830.75,30.25,27.00780169,27.23938729,0.87011895,0.24992778,1777835,390,0
963,2016-07-01,2858,2869.5,2857.75,2862.5,10:41:00,09:31:00,LOD_FIRST,11.5,0.25,0.40237929,0.00874738,11.75,1,0,2859.75,11.75,27.23938729,26.13300248,0.42218277,0.00917789,1295999,390,0
964,2016-07-05,2854,2855.25,2841.25,2848.5,09:31:00,13:47:00,HOD_FIRST,1.25,12.75,0.04379818,0.44674142,14,4,0,2862.5,21.25,26.13300248,25.78421659,0.04783224,0.48788883,1360728,390,0
965,2016-07-06,2842.5,2862.5,2834.5,2861.75,15:58:00,10:31:00,LOD_FIRST,20,8,0.70360598,0.28144239,28,1,0,2848.5,28,25.78421659,25.94248683,0.77566832,0.31026733,1582670,390,0
966,2016-07-07,2863,2870.75,2850.5,2859.5,09:52:00,15:03:00,HOD_FIRST,7.75,12.5,0.27069508,0.43660496,20.25,1,0,2861.75,20.25,25.94248683,25.53588063,0.29873774,0.48183507,1347289,390,0
967,2016-07-08,2875,2894.25,2872.25,2891,14:55:00,09:36:00,LOD_FIRST,19.25,2.75,0.66956522,0.09565217,22,1,0,2859.5,34.75,25.53588063,26.19403201,0.75384124,0.10769161,1445352,390,0
968,2016-07-11,2896.25,2905.5,2894,2898.75,12:48:00,10:26:00,LOD_FIRST,9.25,2.25,0.31937851,0.07768666,11.5,3,0,2891,14.5,26.19403201,25.35874401,0.35313387,0.08589743,1115735,390,0
969,2016-07-12,2910,2918,2907,2914.25,14:52:00,10:27:00,LOD_FIRST,8,3,0.27491409,0.10309278,11,1,0,2898.75,19.25,25.35874401,24.92240515,0.31547304,0.11830239,1340761,390,0
970,2016-07-13,2919.5,2919.5,2908.25,2914,09:31:00,11:52:00,HOD_FIRST,0,11.25,0,0.38533996,11.25,1,0,2914.25,11.25,24.92240515,23.94580479,0,0.45140106,1309563,390,0
971,2016-07-14,2929,2931.75,2921.5,2925.75,10:16:00,13:30:00,HOD_FIRST,2.75,7.5,0.0938887,0.25606009,10.25,1,0,2914,17.75,23.94580479,23.5032473,0.11484266,0.31320726,1253293,390,0
972,2016-07-15,2932.5,2933,2917.75,2923,09:31:00,12:43:00,HOD_FIRST,0.5,14.75,0.0170503,0.5029838,15.25,1,0,2925.75,15.25,23.5032473,22.91372964,0.02127366,0.62757285,1025409,390,0
973,2016-07-18,2924.75,2931.25,2921.5,2929,15:19:00,09:44:00,LOD_FIRST,6.5,3.25,0.22224122,0.11112061,9.75,3,0,2923,9.75,22.91372964,21.97346323,0.28367272,0.14183636,867167,390,0
974,2016-07-19,2924,2927.25,2921,2926.5,11:07:00,13:33:00,HOD_FIRST,3.25,3,0.11114911,0.10259918,6.25,1,0,2929,8,21.97346323,20.97535872,0.14790568,0.13652832,855566,390,0
975,2016-07-20,2932.25,2938.5,2927.25,2935.5,11:29:00,09:46:00,LOD_FIRST,6.25,5,0.2131469,0.17051752,11.25,1,0,2926.5,12,20.97535872,20.33426167,0.29796868,0.23837495,860104,390,0
976,2016-07-21,2934.5,2937.25,2922.25,2927.25,09:48:00,15:10:00,HOD_FIRST,2.75,12.25,0.09371273,0.41744761,15,1,0,2935.5,15,20.33426167,19.95324298,0.13523973,0.60243151,1038324,390,0
977,2016-07-22,2929,2938,2925.75,2937,15:23:00,09:57:00,LOD_FIRST,9,3.25,0.30727211,0.11095937,12.25,1,0,2927.25,12.25,19.95324298,19.40301134,0.4510545,0.16288079,865474,390,0
978,2016-07-25,2934.75,2935.75,2924.5,2931.75,09:33:00,12:24:00,HOD_FIRST,1,10.25,0.03407445,0.34926314,11.25,3,0,2937,12.5,19.40301134,18.9099391,0.05153839,0.52826852,993689,390,0
979,2016-07-26,2930.5,2936.75,2922.5,2932.5,09:51:00,11:13:00,HOD_FIRST,6.25,8,0.21327419,0.27299096,14.25,1,0,2931.75,14.25,18.9099391,18.5770863,0.33051402,0.42305795,1322361,390,0
980,2016-07-27,2937,2938,2920.75,2930.25,09:31:00,14:02:00,HOD_FIRST,1,16.25,0.03404835,0.55328567,17.25,1,0,2932.5,17.25,18.5770863,18.48229443,0.05382975,0.87473351,1338466,390,0
981,2016-07-28,2928,2936.25,2922.25,2932.75,15:46:00,10:57:00,LOD_FIRST,8.25,5.75,0.2817623,0.19637978,14,1,0,2930.25,14,18.48229443,18.16213054,0.44637315,0.31110856,1273425,390,0
982,2016-07-29,2929.75,2940.5,2926.25,2936,12:06:00,10:05:00,LOD_FIRST,10.75,3.5,0.36692551,0.11946412,14.25,1,0,2932.75,14.25,18.16213054,17.88269264,0.59189091,0.19270867,1313681,390,0
983,2016-08-01,2936.75,2941.5,2928.5,2933.5,11:15:00,12:28:00,HOD_FIRST,4.75,8.25,0.16174342,0.28092279,13,3,0,2936,13,17.88269264,17.53392888,0.26561995,0.46133992,1372579,390,0
984,2016-08-02,2931,2932.75,2910.25,2920.25,09:37:00,13:11:00,HOD_FIRST,1.75,20.75,0.05970658,0.70794951,22.5,1,0,2933.5,23.25,17.53392888,17.94221968,0.0998065,1.18341988,1620393,390,0
985,2016-08-03,2919.5,2927,2915.75,2926.5,15:59:00,09:39:00,LOD_FIRST,7.5,3.75,0.2568933,0.12844665,11.25,1,0,2920.25,11.25,17.94221968,17.46420399,0.41800848,0.20900424,1051746,390,0
986,2016-08-04,2927.5,2932.25,2922.75,2928.75,12:07:00,10:08:00,LOD_FIRST,4.75,4.75,0.16225448,0.16225448,9.5,1,0,2926.5,9.5,17.46420399,16.89533227,0.27198491,0.27198491,953376,390,0
987,2016-08-05,2936.75,2947.25,2935.25,2946.5,15:17:00,09:33:00,LOD_FIRST,10.5,1.5,0.35753809,0.05107687,12,1,0,2928.75,18.5,16.89533227,17.0099514,0.62147342,0.08878192,1045822,390,0
988,2016-08-08,2949,2950,2942,2945,09:44:00,14:23:00,HOD_FIRST,1,7,0.0339098,0.2373686,8,3,0,2946.5,8,17.0099514,16.36638344,0.05878912,0.41152381,739208,390,0
989,2016-08-09,2946,2952.25,2942.5,2946.25,11:14:00,14:35:00,HOD_FIRST,6.25,3.5,0.21215207,0.11880516,9.75,1,0,2945,9.75,16.36638344,15.89378462,0.38188034,0.21385299,1006053,390,0
990,2016-08-10,2947.75,2948.75,2936.5,2940.75,09:31:00,14:36:00,HOD_FIRST,1,11.25,0.03392418,0.38164702,12.25,1,0,2946.25,12.25,15.89378462,15.63351429,0.06291768,0.70782386,1148302,390,0
991,2016-08-11,2947,2954,2944,2951,15:46:00,10:13:00,LOD_FIRST,7,3,0.23752969,0.10179844,10,1,0,2940.75,13.25,15.63351429,15.46326327,0.44775601,0.19189543,1075774,390,0
992,2016-08-12,2947.5,2951.75,2944.25,2948.75,11:31:00,13:07:00,HOD_FIRST,4.25,3.25,0.14418999,0.11026293,7.5,1,0,2951,7.5,15.46326327,14.89445875,0.27484496,0.21017556,1035010,390,0
993,2016-08-15,2953.5,2959.5,2953.25,2955.75,11:24:00,09:31:00,LOD_FIRST,6,0.25,0.20314881,0.00846453,6.25,3,0,2948.75,10.75,14.89445875,14.59842598,0.40283438,0.01678477,899458,390,0
994,2016-08-16,2950.25,2951.25,2944,2944,10:06:00,15:59:00,HOD_FIRST,1,6.25,0.03389543,0.21184645,7.25,1,0,2955.75,11.75,14.59842598,14.39496698,0.06850054,0.42812835,1094468,390,0
995,2016-08-17,2944.5,2949.75,2934.25,2948,15:51:00,11:39:00,LOD_FIRST,5.25,10.25,0.17829852,0.34810664,15.5,1,0,2944,15.5,14.39496698,14.47389791,0.36471081,0.71205443,1453369,390,0
996,2016-08-18,2947.5,2953.25,2946.5,2953,16:00:00,09:42:00,LOD_FIRST,5.75,1,0.19508058,0.03392706,6.75,1,0,2948,6.75,14.47389791,13.92219092,0.39726686,0.06908989,977779,390,0
997,2016-08-19,2947.5,2951.75,2941.25,2950,15:31:00,09:51:00,LOD_FIRST,4.25,6.25,0.14418999,0.21204411,10.5,1,0,2953,11.75,13.92219092,13.76703443,0.30526804,0.4489236,1162177,390,0
998,2016-08-22,2946.75,2952.25,2942.25,2949.25,12:27:00,09:36:00,LOD_FIRST,5.5,4.5,0.18664631,0.15271061,10,3,0,2950,10,13.76703443,13.49796054,0.39950507,0.32686778,1267700,390,0
999,2016-08-23,2956.5,2960.25,2953.25,2953.75,10:02:00,16:00:00,HOD_FIRST,3.75,3.25,0.12683917,0.10992728,7,1,0,2949.25,11,13.49796054,13.31953479,0.27781975,0.24077712,881408,390,0
1000,2016-08-24,2952.5,2953.5,2937.5,2943,09:36:00,15:47:00,HOD_FIRST,1,15,0.0338696,0.50804403,16,1,0,2953.75,16.25,13.31953479,13.52885373,0.0750777,1.12616546,1222454,390,0
1001,2016-08-25,2938,2946,2936.25,2940.5,11:18:00,15:06:00,HOD_FIRST,8,1.75,0.27229408,0.05956433,9.75,1,0,2943,9.75,13.52885373,13.25893561,0.59132874,0.12935316,1197649,390,0
1002,2016-08-26,2943.5,2955.5,2926.25,2936.75,10:18:00,14:32:00,HOD_FIRST,12,17.25,0.40767793,0.58603703,29.25,1,0,2940.5,29.25,13.25893561,14.40115449,0.90505002,1.30100941,2268566,390,0
1003,2016-08-29,2938.5,2951,2938,2948,13:53:00,09:31:00,LOD_FIRST,12.5,0.5,0.4253871,0.01701548,13,3,0,2936.75,14.25,14.40115449,14.39035774,0.86798597,0.03471944,996844,390,0
1004,2016-08-30,2946.75,2950.25,2937.25,2943.75,09:36:00,14:21:00,HOD_FIRST,3.5,9.5,0.11877492,0.32238907,13,1,0,2948,13,14.39035774,14.29104647,0.24321841,0.66016427,1131001,390,0
1005,2016-08-31,2940.5,2941.5,2928.25,2937.5,09:31:00,12:34:00,HOD_FIRST,1,12.25,0.03400782,0.41659582,13.25,1,0,2943.75,15.5,14.29104647,14.3774003,0.06997388,0.85718005,1551370,390,0
1006,2016-09-01,2937,2941,2923.5,2937.5,09:38:00,11:03:00,HOD_FIRST,4,13.5,0.13619339,0.45965271,17.5,1,0,2937.5,17.5,14.3774003,14.60044313,0.27821441,0.93897365,1629294,390,0
1007,2016-09-02,2947.5,2952.5,2940.5,2947.25,09:58:00,13:42:00,HOD_FIRST,5,7,0.16963528,0.2374894,12,1,0,2937.5,15,14.60044313,14.62898291,0.34245536,0.4794375,1265851,390,0
1008,2016-09-06,2950.5,2954.5,2941.75,2954.25,16:00:00,10:27:00,LOD_FIRST,4,8.75,0.13557024,0.29655991,12.75,4,0,2947.25,12.75,14.62898291,14.49476984,0.27342981,0.59812771,1159250,390,0
1009,2016-09-07,2951.75,2955.5,2946.25,2954,10:31:00,12:26:00,HOD_FIRST,3.75,5.5,0.12704328,0.18633014,9.25,1,0,2954.25,9.25,14.49476984,14.12014343,0.25871401,0.37944721,1084502,390,0
1010,2016-09-08,2949.25,2952.75,2944.5,2948.5,11:16:00,10:11:00,LOD_FIRST,3.5,4.75,0.11867424,0.1610579,8.25,1,0,2954,9.5,14.12014343,13.79013318,0.24787284,0.33639885,1145951,390,0
1011,2016-09-09,2932.75,2933.25,2895.25,2895.5,09:31:00,16:00:00,HOD_FIRST,0.5,37.5,0.01704884,1.27866337,38,1,0,2948.5,53.25,13.79013318,16.6086951,0.03625781,2.71933559,1086864,390,0
1012,2016-09-12,2886.75,2931.5,2886,2926.75,15:43:00,09:31:00,LOD_FIRST,44.75,0.75,1.5501862,0.02598077,45.5,3,0,2895.5,45.5,16.6086951,18.67235973,2.69437182,0.04515707,2126261,390,0
1013,2016-09-13,2911.25,2914.5,2887.75,2895,09:41:00,13:05:00,HOD_FIRST,3.25,23.5,0.1116359,0.8072134,26.75,1,0,2926.75,39,18.67235973,20.12433404,0.17405406,1.25854473,2595043,390,0
1014,2016-09-14,2896,2910,2887.5,2894,10:31:00,15:30:00,HOD_FIRST,14,8.5,0.48342541,0.29350829,22.5,1,0,2895,22.5,20.12433404,20.29402446,0.69567519,0.42237423,1780631,390,0
1015,2016-09-15,2892,2920,2890,2915.5,14:23:00,09:46:00,LOD_FIRST,28,2,0.96818811,0.06915629,30,1,0,2894,30,20.29402446,20.98730843,1.37971648,0.09855118,1673212,390,0
1016,2016-09-16,2906.75,2909.75,2898.5,2906,15:50:00,13:46:00,LOD_FIRST,3,8.25,0.10320805,0.28382214,11.25,1,0,2915.5,17,20.98730843,20.70250069,0.14294353,0.39309471,1563453,390,0
1017,2016-09-19,2914.5,2922.25,2903.25,2906.75,10:03:00,13:36:00,HOD_FIRST,7.75,11.25,0.26591182,0.38600103,19,3,0,2906,19,20.70250069,20.58089349,0.37435091,0.54341261,1288438,390,0
1018,2016-09-20,2917.25,2919,2906.5,2907.25,10:03:00,13:03:00,HOD_FIRST,1.75,10.75,0.059988,0.36849773,12.5,1,0,2906.75,12.5,20.58089349,20.00368682,0.08503032,0.52232912,1109561,390,0
1019,2016-09-21,2915.25,2933,2907,2930.75,15:48:00,12:36:00,LOD_FIRST,17.75,8.25,0.60886716,0.2829946,26,1,0,2907.25,26,20.00368682,20.4319949,0.88733643,0.41242397,1505803,390,0
1020,2016-09-22,2943,2948.25,2939.75,2944.25,10:35:00,14:23:00,HOD_FIRST,5.25,3.25,0.1783894,0.11043153,8.5,1,0,2930.75,17.5,20.4319949,20.22256669,0.25694995,0.15906425,1217940,390,0
1021,2016-09-23,2939.75,2941.75,2931.5,2932.75,09:37:00,14:00:00,HOD_FIRST,2,8.25,0.068033,0.28063611,10.25,1,0,2944.25,12.75,20.22256669,19.68881193,0.09889941,0.40796008,1175335,390,0
1022,2016-09-26,2923.5,2925,2912.25,2914.5,10:38:00,16:00:00,HOD_FIRST,1.5,11.25,0.05130836,0.38481272,12.75,3,0,2932.75,20.5,19.68881193,19.74675393,0.0761854,0.5713905,1271124,390,0
1023,2016-09-27,2912.75,2929.5,2908.25,2928,13:31:00,09:31:00,LOD_FIRST,16.75,4.5,0.57505793,0.15449318,21.25,1,0,2914.5,21.25,19.74675393,19.85412865,0.84824068,0.22788556,1233049,390,0
1024,2016-09-28,2931,2940.75,2919.5,2939.25,15:59:00,11:08:00,LOD_FIRST,9.75,11.5,0.33265097,0.39235756,21.25,1,0,2928,21.25,19.85412865,19.95383375,0.49108174,0.57922461,1410503,390,0
1025,2016-09-29,2936.75,2941.25,2912.75,2919.25,10:03:00,13:57:00,HOD_FIRST,4.5,24,0.15323061,0.81722993,28.5,1,0,2939.25,28.5,19.95383375,20.5642742,0.22552057,1.20277638,2022897,390,0
1026,2016-09-30,2928.75,2943.75,2926,2936,15:17:00,09:55:00,LOD_FIRST,15,2.75,0.51216389,0.09389671,17.75,1,0,2919.25,24.5,20.5642742,20.84539747,0.72942035,0.13372706,1497553,390,0
1027,2016-10-03,2930.25,2932.25,2922.25,2929,10:52:00,12:29:00,HOD_FIRST,2,8,0.06825356,0.27301425,10,3,0,2936,13.75,20.84539747,20.33858336,0.09594444,0.38377776,1165384,390,0
1028,2016-10-04,2931.25,2933.75,2911.5,2919,09:41:00,15:00:00,HOD_FIRST,2.5,19.75,0.08528785,0.67377399,22.25,1,0,2929,22.25,20.33858336,20.47511312,0.12291908,0.97106075,1870058,390,0
1029,2016-10-05,2926,2933.5,2925.25,2928.5,15:04:00,10:50:00,LOD_FIRST,7.5,0.75,0.25632262,0.02563226,8.25,1,0,2919,14.5,20.47511312,20.04831933,0.36629834,0.03662983,1072194,390,0
1030,2016-10-06,2925.5,2932.25,2918.75,2930,12:07:00,11:11:00,LOD_FIRST,6.75,6.75,0.23072979,0.23072979,13.5,1,0,2928.5,13.5,20.04831933,19.58058223,0.33668658,0.33668658,964511,390,0
1031,2016-10-07,2932.75,2934.75,2913.5,2922.25,09:31:00,11:48:00,HOD_FIRST,2,19.25,0.06819538,0.65638053,21.25,1,0,2930,21.25,19.58058223,19.69982636,0.10214201,0.98311683,1482624,390,0
1032,2016-10-10,2933.5,2939,2931.75,2933,09:51:00,15:52:00,HOD_FIRST,5.5,1.75,0.18748935,0.0596557,7.25,3,0,2922.25,16.75,19.69982636,19.48912448,0.27919028,0.08883327,695025,390,0
1033,2016-10-11,2928.25,2929.25,2897.25,2906.25,09:31:00,14:21:00,HOD_FIRST,1,31,0.03415009,1.05865278,32,1,0,2933,35.75,19.48912448,20.65061559,0.05131067,1.59063071,1922033,390,0
1034,2016-10-12,2907.5,2915,2901.75,2909,14:18:00,09:41:00,LOD_FIRST,7.5,5.75,0.25795357,0.1977644,13.25,1,0,2906.25,13.25,20.65061559,20.12200019,0.3631853,0.27844206,1136531,390,0
1035,2016-10-13,2893.25,2907.75,2883.25,2901.75,14:56:00,10:03:00,LOD_FIRST,14.5,10,0.50116651,0.34563207,24.5,1,0,2909,25.75,20.12200019,20.52400017,0.72060431,0.49696849,1733458,390,0
1036,2016-10-14,2913,2918.75,2902,2902.5,10:22:00,12:18:00,HOD_FIRST,5.75,11,0.19739101,0.37761758,16.75,1,0,2901.75,17,20.52400017,20.27228588,0.28015981,0.5359579,1480311,390,0
1037,2016-10-17,2902.5,2905.5,2893.25,2895.75,09:34:00,14:00:00,HOD_FIRST,3,9.25,0.10335917,0.31869078,12.25,3,0,2902.5,12.25,20.27228588,19.69926546,0.14798528,0.45628796,958232,390,0
1038,2016-10-18,2914.5,2914.75,2904.5,2908.5,09:31:00,10:22:00,HOD_FIRST,0.25,10,0.0085778,0.34311203,10.25,1,0,2895.75,19,19.69926546,19.64931792,0.01269083,0.50763314,833255,390,0
1039,2016-10-19,2912.25,2918,2907.75,2914.25,14:04:00,10:08:00,LOD_FIRST,5.75,4.5,0.19744184,0.1545197,10.25,1,0,2908.5,10.25,19.64931792,18.97793807,0.29263102,0.22901558,713294,390,0
1040,2016-10-20,2910.25,2916.75,2902.25,2910.5,10:06:00,10:59:00,HOD_FIRST,6.5,8,0.22334851,0.27489047,14.5,1,0,2914.25,14.5,18.97793807,18.65808535,0.34250296,0.42154211,1343064,390,0
1041,2016-10-21,2900.75,2912.25,2898.75,2911,15:08:00,09:37:00,LOD_FIRST,11.5,2,0.39644919,0.06894769,13.5,1,0,2910.5,13.5,18.65808535,18.28965068,0.61635478,0.10719213,1095920,390,0
1042,2016-10-24,2921.25,2924.5,2916,2920,09:51:00,12:41:00,HOD_FIRST,3.25,5.25,0.11125374,0.17971759,8.5,3,0,2911,13.5,18.28965068,17.94753278,0.17769612,0.28704758,779417,390,0
1043,2016-10-25,2918,2921.25,2910.75,2913.25,10:07:00,12:18:00,HOD_FIRST,3.25,7.25,0.11137766,0.24845785,10.5,1,0,2920,10.5,17.94753278,17.41556615,0.18108339,0.40395524,981661,390,0
1044,2016-10-26,2903,2915.5,2900.25,2908.75,11:07:00,09:52:00,LOD_FIRST,12.5,2.75,0.43058905,0.09472959,15.25,1,0,2913.25,15.25,17.41556615,17.26088285,0.7177487,0.15790471,1289156,390,0
1045,2016-10-27,2917.25,2917.75,2902.25,2903.25,09:31:00,10:23:00,HOD_FIRST,0.5,15,0.01713943,0.51418288,15.5,1,0,2908.75,15.5,17.26088285,17.13510551,0.02896723,0.86901696,1375923,390,0
1046,2016-10-28,2902.75,2910.75,2888,2896.75,12:27:00,14:10:00,HOD_FIRST,8,14.75,0.27560072,0.50813883,22.75,1,0,2903.25,22.75,17.13510551,17.5361694,0.46687778,0.8608059,1968871,390,0
1047,2016-10-31,2900.75,2903.25,2894.5,2896.25,11:31:00,14:51:00,HOD_FIRST,2.5,6.25,0.08618461,0.21546152,8.75,3,0,2896.75,8.75,17.5361694,16.90858587,0.14256249,0.35640623,1071061,390,0
1048,2016-11-01,2900.5,2901,2866.5,2880.75,09:31:00,14:19:00,HOD_FIRST,0.5,34,0.01723841,1.17221169,34.5,1,0,2896.25,34.5,16.90858587,18.16511545,0.02957078,2.01081275,1940711,390,0
1049,2016-11-02,2877.25,2882,2862.75,2867.5,10:05:00,14:09:00,HOD_FIRST,4.75,14.5,0.16508819,0.50395343,19.25,1,0,2880.75,19.25,18.16511545,18.24260721,0.26149022,0.7982333,1614762,390,0
1050,2016-11-03,2870.5,2873.25,2855.25,2859,09:41:00,15:42:00,HOD_FIRST,2.75,15.25,0.09580213,0.53126633,18,1,0,2867.5,18,18.24260721,18.22527812,0.150746,0.83595507,1428905,390,0
1051,2016-11-04,2859.75,2869.75,2854.5,2855.75,12:17:00,10:00:00,LOD_FIRST,10,5.25,0.34968092,0.18358248,15.25,1,0,2859,15.25,18.22527812,18.01275825,0.54868847,0.28806145,1679173,390,0
1052,2016-11-07,2885,2903,2883.5,2902,16:00:00,09:34:00,LOD_FIRST,18,1.5,0.62391681,0.05199307,19.5,3,0,2855.75,47.25,18.01275825,20.10113266,0.99929171,0.08327431,1310774,390,0
1053,2016-11-08,2898,2918.75,2894.5,2912,13:02:00,09:51:00,LOD_FIRST,20.75,3.5,0.71601104,0.12077295,24.25,1,0,2902,24.25,20.10113266,20.39748033,1.03228014,0.17411954,1400568,390,0
1054,2016-11-09,2894.25,2942.25,2893.75,2935.25,15:21:00,09:31:00,LOD_FIRST,48,0.5,1.65846074,0.01727563,48.5,1,0,2912,48.5,20.39748033,22.40480316,2.35323183,0.02451283,2613054,390,0
1055,2016-11-10,2943.75,2954,2923.25,2939.75,09:48:00,10:40:00,HOD_FIRST,10.25,20.5,0.34819533,0.69639066,30.75,1,0,2935.25,30.75,22.40480316,23.00088865,0.45749119,0.91498237,2517291,390,0
1056,2016-11-11,2932,2937.75,2924,2935.25,15:56:00,11:26:00,LOD_FIRST,5.75,8,0.19611187,0.2728513,13.75,1,0,2939.75,15.75,23.00088865,22.48296803,0.24999034,0.34781265,1430566,390,0
1057,2016-11-14,2941,2943.5,2927.75,2935.75,10:18:00,12:39:00,HOD_FIRST,2.5,13.25,0.0850051,0.45052703,15.75,3,0,2935.25,15.75,22.48296803,22.00204175,0.11119528,0.589335,1411056,390,0
1058,2016-11-15,2941,2953.5,2938.5,2953,16:00:00,09:49:00,LOD_FIRST,12.5,2.5,0.4250255,0.0850051,15,1,0,2935.75,17.75,22.00204175,21.69832448,0.56812909,0.11362582,1115478,390,0
1059,2016-11-16,2946.25,2951.75,2944.5,2949.5,10:42:00,12:20:00,HOD_FIRST,5.5,1.75,0.18667798,0.05939754,7.25,1,0,2953,8.5,21.69832448,20.75558702,0.25347579,0.08065139,1007513,390,0
1060,2016-11-17,2950.75,2961,2949.5,2959.75,12:25:00,09:31:00,LOD_FIRST,10.25,1.25,0.34736931,0.04236211,11.5,1,0,2949.5,11.5,20.75558702,20.09447366,0.49384293,0.06022475,1092133,390,0
1061,2016-11-18,2961,2963,2953,2955.25,09:35:00,11:06:00,HOD_FIRST,2,8,0.06754475,0.27017899,10,1,0,2959.75,10,20.09447366,19.37343983,0.09952985,0.39811941,972509,390,0
1062,2016-11-21,2962,2972,2960.25,2971,15:59:00,10:29:00,LOD_FIRST,10,1.75,0.33760972,0.0590817,11.75,3,0,2955.25,16.75,19.37343983,19.18605127,0.5161706,0.09032985,955077,390,0
1063,2016-11-22,2975.5,2978.25,2967.25,2975.25,15:59:00,11:37:00,LOD_FIRST,2.75,8.25,0.09242144,0.27726433,11,1,0,2971,11,19.18605127,18.60133332,0.1433333,0.42999989,993525,390,0
1064,2016-11-23,2970,2977.75,2967.5,2977.25,15:46:00,09:48:00,LOD_FIRST,7.75,2.5,0.26094276,0.08417508,10.25,1,0,2975.25,10.25,18.60133332,18.00480951,0.4166368,0.13439897,848695,390,0
1065,2016-11-28,2981.75,2985,2973.75,2975.5,10:32:00,15:54:00,HOD_FIRST,3.25,8,0.10899639,0.26829882,11.25,5,0,2977.25,11.25,18.00480951,17.52232312,0.18050732,0.44432572,1093083,390,0
1066,2016-11-29,2975.75,2985,2971.75,2979.25,14:42:00,09:51:00,LOD_FIRST,9.25,4,0.31084601,0.13441989,13.25,1,0,2975.5,13.25,17.52232312,17.21715718,0.52789804,0.22828023,1145886,390,0
1067,2016-11-30,2986.75,2988.5,2973.25,2973.5,09:41:00,16:00:00,HOD_FIRST,1.75,13.5,0.05859212,0.45199632,15.25,1,0,2979.25,15.25,17.21715718,17.07664595,0.1016428,0.78410157,1515881,390,0
1068,2016-12-01,2977.25,2977.5,2961.5,2965.25,09:31:00,15:42:00,HOD_FIRST,0.25,15.75,0.00839701,0.52901167,16,1,0,2973.5,16,17.07664595,16.99974267,0.01463988,0.92231226,1851642,390,0
1069,2016-12-02,2966.75,2972.75,2962.5,2966.5,11:22:00,14:11:00,HOD_FIRST,6,4.25,0.20224151,0.1432544,10.25,1,0,2965.25,10.25,16.99974267,16.51761819,0.35294652,0.25000378,1336022,390,0
1070,2016-12-05,2976.5,2984.25,2974.25,2979,10:04:00,09:35:00,LOD_FIRST,7.75,2.25,0.26037292,0.07559214,10,3,0,2966.5,17.75,16.51761819,16.60564547,0.46919598,0.13621819,1269819,390,0
1071,2016-12-06,2981.75,2987.5,2976.25,2986.75,15:55:00,10:13:00,LOD_FIRST,5.75,5.5,0.19283978,0.18445544,11.25,1,0,2979,11.25,16.60564547,16.22309936,0.34626778,0.33121266,1173106,390,0
1072,2016-12-07,2985,3016.75,2983.25,3015.25,15:40:00,09:31:00,LOD_FIRST,31.75,1.75,1.06365159,0.05862647,33.5,1,0,2986.75,33.5,16.22309936,17.45716369,1.95708596,0.10787088,1812843,390,0
1073,2016-12-08,3015.25,3027,3012.25,3021,13:58:00,10:13:00,LOD_FIRST,11.75,3,0.38968576,0.09949424,14.75,1,0,3015.25,14.75,17.45716369,17.26379486,0.67307612,0.17184922,1331819,390,0
1074,2016-12-09,3024,3035.25,3023.25,3035,16:00:00,09:32:00,LOD_FIRST,11.25,0.75,0.37202381,0.02480159,12,1,0,3021,14.25,17.26379486,17.0485238,0.65165279,0.04344352,354626,390,0
1075,2016-12-12,3033.5,3039.75,3027.5,3032,10:05:00,12:10:00,HOD_FIRST,6.25,6,0.20603264,0.19779133,12.25,3,0,3035,12.25,17.0485238,16.7057721,0.36660066,0.35193663,1058760,390,0
1076,2016-12-13,3040.25,3053.75,3039.75,3047.25,13:31:00,09:31:00,LOD_FIRST,13.5,0.5,0.44404243,0.01644602,14,1,0,3032,21.75,16.7057721,17.06607409,0.80810392,0.02992977,1350988,390,0
1077,2016-12-14,3044.25,3053.25,3023.75,3029.5,14:05:00,15:18:00,HOD_FIRST,9,20.5,0.29563932,0.67340067,29.5,1,0,3047.25,29.5,17.06607409,17.95421165,0.52736206,1.20121358,1574367,390,0
1078,2016-12-15,3031.75,3048.5,3030,3038,11:17:00,09:41:00,LOD_FIRST,16.75,1.75,0.55248619,0.05772244,18.5,1,0,3029.5,19,17.95421165,18.02891082,0.93292874,0.09747017,1368935,390,0
1079,2016-12-16,3042.25,3043.5,3030.25,3034.75,09:31:00,13:17:00,HOD_FIRST,1.25,12,0.04108801,0.3944449,13.25,1,0,3038,13.25,18.02891082,17.68756005,0.06933308,0.66559761,1098957,390,0
1080,2016-12-19,3036.75,3044.5,3034.75,3039.25,11:06:00,09:36:00,LOD_FIRST,7.75,2,0.25520705,0.06585988,9.75,3,0,3034.75,9.75,17.68756005,17.12059147,0.43816106,0.11307382,781091,390,0
1081,2016-12-20,3046,3050.25,3043,3047.75,09:48:00,14:35:00,HOD_FIRST,4.25,3,0.13952725,0.09848982,7.25,1,0,3039.25,11,17.12059147,16.68340637,0.24823909,0.17522759,640760,390,0
1082,2016-12-21,3046.5,3048.75,3041,3041.75,09:36:00,16:00:00,HOD_FIRST,2.25,5.5,0.07385524,0.18053504,7.75,1,0,3047.75,7.75,16.68340637,16.04530591,0.13486454,0.32966889,506132,390,0
1083,2016-12-22,3039.25,3040.75,3032.25,3037.75,09:31:00,11:51:00,HOD_FIRST,1.5,7,0.04935428,0.23031998,8.5,1,0,3041.75,9.5,16.04530591,15.57778406,0.09348529,0.43626466,675657,390,0
1084,2016-12-23,3037.25,3040,3035,3039.75,16:00:00,11:21:00,LOD_FIRST,2.75,2.25,0.09054243,0.07408017,5,1,0,3037.75,5,15.57778406,14.82222806,0.17653345,0.14443646,287565,390,0
1085,2016-12-27,3043,3050.25,3042.75,3044.75,10:09:00,09:31:00,LOD_FIRST,7.25,0.25,0.23825173,0.00821558,7.5,4,0,3039.75,10.5,14.82222806,14.51349748,0.48913024,0.01686656,394591,390,0
1086,2016-12-28,3047.75,3047.75,3024.25,3026,09:31:00,15:44:00,HOD_FIRST,0,23.5,0,0.77106062,23.5,1,0,3044.75,23.5,14.51349748,15.15539052,0,1.61918242,839345,390,0
1087,2016-12-29,3026.5,3030.75,3020.25,3025.75,09:41:00,12:12:00,HOD_FIRST,4.25,6.25,0.14042623,0.20650917,10.5,1,0,3026,10.5,15.15539052,14.82286263,0.28042827,0.41239452,737003,390,0
1088,2016-12-30,3029.5,3030.25,3008.75,3017.5,09:32:00,14:58:00,HOD_FIRST,0.75,20.75,0.02475656,0.68493151,21.5,1,0,3025.75,21.5,14.82286263,15.29980101,0.05059751,1.39986456,1037133,390,0
1089,2017-01-03,3032.75,3040.25,3020.25,3033.25,10:10:00,11:45:00,HOD_FIRST,7.5,12.5,0.24730031,0.41216718,20,4,0,3017.5,22.75,15.29980101,15.83195808,0.49020245,0.81700409,1479679,390,0
1090,2017-01-04,3037,3048,3036.75,3045.5,15:44:00,09:31:00,LOD_FIRST,11,0.25,0.36219954,0.00823181,11.25,1,0,3033.25,14.75,15.83195808,15.75467536,0.69479719,0.01579085,1159267,390,0
1091,2017-01-05,3042.5,3046,3034.75,3044.25,10:13:00,11:45:00,HOD_FIRST,3.5,7.75,0.11503698,0.25472473,11.25,1,0,3045.5,11.25,15.75467536,15.43291283,0.22215628,0.49191747,1073703,390,0
1092,2017-01-06,3045.5,3057.75,3039,3052.5,12:44:00,09:37:00,LOD_FIRST,12.25,6.5,0.4022328,0.21342965,18.75,1,0,3044.25,18.75,15.43291283,15.66984763,0.79375813,0.42117778,1329505,390,0
1093,2017-01-09,3049.5,3051,3044.25,3045.5,11:21:00,09:46:00,LOD_FIRST,1.5,5.25,0.04918839,0.17215937,6.75,3,0,3052.5,8.25,15.66984763,15.13985852,0.09572524,0.33503836,834164,390,0
1094,2017-01-10,3045.25,3054.75,3040.25,3044.5,12:18:00,09:53:00,LOD_FIRST,9.5,5,0.31196125,0.16419013,14.5,1,0,3045.5,14.5,15.13985852,15.09415434,0.62748275,0.33025408,1094144,390,0
1095,2017-01-11,3044,3051,3035.75,3051,16:00:00,11:39:00,LOD_FIRST,7,8.25,0.22996058,0.27102497,15.25,1,0,3044.5,15.25,15.09415434,15.10528617,0.46375569,0.54656921,1483606,390,0
1096,2017-01-12,3045.25,3048,3029.25,3045.75,16:00:00,11:05:00,LOD_FIRST,2.75,16,0.09030457,0.52540842,18.75,1,0,3051,21.75,15.10528617,15.57990859,0.18205547,1.05923184,1508287,390,0
1097,2017-01-13,3047.5,3054.25,3047,3050.5,09:46:00,14:30:00,HOD_FIRST,6.75,0.5,0.22149303,0.01640689,7.25,1,0,3045.75,8.5,15.57990859,15.07420083,0.4332503,0.03209261,950998,390,0
1098,2017-01-17,3043.25,3048,3038,3043,10:18:00,15:04:00,HOD_FIRST,4.75,5.25,0.15608313,0.17251294,10,4,0,3050.5,12.5,15.07420083,14.89032934,0.31510792,0.34827717,1113997,390,0
1099,2017-01-18,3045.5,3048,3039,3047.25,15:59:00,09:36:00,LOD_FIRST,2.5,6.5,0.08208833,0.21342965,9,1,0,3043,9,14.89032934,14.46959153,0.1678942,0.43652493,885921,390,0
1100,2017-01-19,3048.5,3050.25,3033.75,3039.5,09:36:00,14:21:00,HOD_FIRST,1.75,14.75,0.05740528,0.48384451,16.5,1,0,3047.25,16.5,14.46959153,14.61462071,0.12094329,1.01937916,1144692,390,0
1101,2017-01-20,3047.25,3053.5,3040.5,3047,09:41:00,12:57:00,HOD_FIRST,6.25,6.75,0.20510296,0.2215112,13,1,0,3039.5,14,14.61462071,14.57071923,0.42765393,0.46186625,1436791,390,0
1102,2017-01-23,3043.25,3048.25,3032.5,3042.25,09:41:00,11:48:00,HOD_FIRST,5,10.75,0.16429804,0.35324078,15.75,3,0,3047,15.75,14.57071923,14.65495357,0.34315396,0.73778101,1176017,390,0
1103,2017-01-24,3044.25,3061.25,3042.75,3056.25,15:12:00,09:32:00,LOD_FIRST,17,1.5,0.55842983,0.04927322,18.5,1,0,3042.25,19,14.65495357,14.96531403,1.16001732,0.10235447,1045536,390,0
1104,2017-01-25,3067.25,3076,3065,3075.25,15:51:00,09:35:00,LOD_FIRST,8.75,2.25,0.28527182,0.07335561,11,1,0,3056.25,19.75,14.96531403,15.30707731,0.58468536,0.15034766,1107904,390,0
1105,2017-01-26,3073.75,3077.25,3070.25,3073.25,10:11:00,13:22:00,HOD_FIRST,3.5,3.5,0.11386743,0.11386743,7,1,0,3075.25,7,15.30707731,14.71371465,0.2286524,0.2286524,928365,390,0
1106,2017-01-27,3074.5,3076.25,3067.75,3070,09:31:00,15:30:00,HOD_FIRST,1.75,6.75,0.05691982,0.21954789,8.5,1,0,3073.25,8.5,14.71371465,14.26987789,0.11893665,0.45875567,756334,390,0
1107,2017-01-30,3061.75,3062,3044,3056,09:31:00,10:56:00,HOD_FIRST,0.25,17.75,0.00816526,0.57973381,18,3,0,3070,26,14.26987789,15.10774375,0.01751942,1.2438789,1593545,390,0
1108,2017-01-31,3049.5,3056,3043,3055.75,16:00:00,11:36:00,LOD_FIRST,6.5,6.5,0.2131497,0.2131497,13,1,0,3056,13,15.10774375,14.95719063,0.43024293,0.43024293,1284862,390,0
1109,2017-02-01,3062.5,3065.75,3049,3055.75,09:36:00,11:51:00,HOD_FIRST,3.25,13.5,0.10612245,0.44081633,16.75,1,0,3055.75,16.75,14.95719063,15.08524844,0.21728679,0.90257591,1312660,390,0
1110,2017-02-02,3051.5,3060.5,3047.5,3057,11:01:00,09:33:00,LOD_FIRST,9,4,0.29493692,0.13108307,13,1,0,3055.75,13,15.08524844,14.93630212,0.59660933,0.2651597,1147326,390,0
1111,2017-02-03,3067.75,3074.75,3063.75,3072.75,15:48:00,09:47:00,LOD_FIRST,7,4,0.22818026,0.13038872,11,1,0,3057,17.75,14.93630212,15.13728054,0.46865683,0.2678039,1071754,390,0
1112,2017-02-06,3067.5,3072.25,3064.25,3068.75,10:27:00,13:20:00,HOD_FIRST,4.75,3.25,0.15484923,0.10594947,8,3,0,3072.75,8.5,15.13728054,14.66318907,0.31379481,0.21470171,901728,390,0
1113,2017-02-07,3073,3075.75,3066,3068.5,09:46:00,12:51:00,HOD_FIRST,2.75,7,0.0894891,0.22779043,9.75,1,0,3068.75,9.75,14.66318907,14.312247,0.18754447,0.47738592,974848,390,0
1114,2017-02-08,3065,3072.75,3061.75,3071.25,15:45:00,09:51:00,LOD_FIRST,7.75,3.25,0.25285481,0.10603589,11,1,0,3068.5,11,14.312247,14.07565793,0.54149429,0.22707825,1046762,390,0
1115,2017-02-09,3074.5,3088.5,3073.75,3084.75,14:40:00,09:31:00,LOD_FIRST,14,0.75,0.45535859,0.02439421,14.75,1,0,3071.25,17.25,14.07565793,14.30239665,0.99462491,0.05328348,1120022,390,0
1116,2017-02-10,3088.75,3096.5,3087.5,3093.5,13:48:00,09:31:00,LOD_FIRST,7.75,1.25,0.25091056,0.04046945,9,1,0,3084.75,11.75,14.30239665,14.1200826,0.54186723,0.08739794,965238,390,0
1117,2017-02-13,3099.75,3109.75,3099.25,3106.25,13:36:00,09:31:00,LOD_FIRST,10,0.5,0.32260666,0.01613033,10.5,3,0,3093.5,16.25,14.1200826,14.27221956,0.70821115,0.03541056,959872,390,0
1118,2017-02-14,3104.5,3116.5,3100.5,3116.25,15:55:00,10:39:00,LOD_FIRST,12,4,0.38653567,0.12884522,16,1,0,3106.25,16,14.27221956,14.39563245,0.84079424,0.28026475,1150596,390,0
1119,2017-02-15,3113.5,3130.5,3112.75,3127.5,15:18:00,09:31:00,LOD_FIRST,17,0.75,0.54600931,0.02408865,17.75,1,0,3116.25,17.75,14.39563245,14.63523013,1.18091373,0.05209914,1220705,390,0
1120,2017-02-16,3128.75,3130.5,3117.5,3126.5,09:34:00,11:12:00,HOD_FIRST,1.75,11.25,0.05593288,0.35956852,13,1,0,3127.5,13,14.63523013,14.51842798,0.11957448,0.76869307,1470502,390,0
1121,2017-02-17,3118.5,3129.5,3118,3129,16:00:00,09:34:00,LOD_FIRST,11,0.5,0.35273369,0.01603335,11.5,1,0,3126.5,11.5,14.51842798,14.30282598,0.75765779,0.03443899,1044192,390,0
1122,2017-02-21,3133.75,3145.75,3133.5,3143.25,15:53:00,09:31:00,LOD_FIRST,12,0.25,0.3829278,0.00797766,12.25,4,0,3129,16.75,14.30282598,14.47762412,0.83899504,0.01747906,1227434,390,0
1123,2017-02-22,3138.75,3144,3136.5,3141.25,10:40:00,09:40:00,LOD_FIRST,5.25,2.25,0.16726404,0.07168459,7.5,1,0,3143.25,7.5,14.47762412,13.9792224,0.36262856,0.15541224,1028082,390,0
1124,2017-02-23,3147.25,3147.5,3133.75,3142.75,09:31:00,11:15:00,HOD_FIRST,0.25,13.5,0.00794344,0.42894591,13.75,1,0,3141.25,13.75,13.9792224,13.96284937,0.01788368,0.96571895,1293509,390,0
1125,2017-02-24,3133,3146.5,3132.25,3146,16:00:00,09:35:00,LOD_FIRST,13.5,0.75,0.4308969,0.02393872,14.25,1,0,3142.75,14.25,13.96284937,13.98336013,0.96685137,0.05371396,1149874,390,0
1126,2017-02-27,3144.5,3151.5,3141.75,3149.5,15:31:00,09:44:00,LOD_FIRST,7,2.75,0.22261091,0.08745429,9.75,3,0,3146,9.75,13.98336013,13.68097726,0.50059499,0.19666232,832888,390,0
1127,2017-02-28,3145.25,3147.75,3138.25,3143.25,10:12:00,12:27:00,HOD_FIRST,2.5,7,0.07948494,0.22255783,9.5,1,0,3149.5,11.25,13.68097726,13.50733603,0.18273548,0.51165935,1202481,390,0
1128,2017-03-01,3162.25,3181.75,3162,3175.5,14:25:00,09:31:00,LOD_FIRST,19.5,0.25,0.61664954,0.00790576,19.75,1,0,3143.25,38.5,13.50733603,15.29252631,1.44365995,0.01850846,1591724,390,0
1129,2017-03-02,3173.5,3173.75,3160,3161,09:31:00,15:45:00,HOD_FIRST,0.25,13.5,0.00787774,0.42539783,13.75,1,0,3175.5,15.5,15.29252631,15.30734586,0.01634785,0.88278416,1401495,390,0
1130,2017-03-03,3159.5,3164,3155,3162.5,15:40:00,10:34:00,LOD_FIRST,4.5,4.5,0.1424276,0.1424276,9,1,0,3161,9,15.30734586,14.85682116,0.2939765,0.2939765,1019505,390,0
1131,2017-03-06,3152.75,3159,3147.75,3155.5,15:43:00,11:02:00,LOD_FIRST,6.25,5,0.19823963,0.15859171,11.25,3,0,3162.5,14.75,14.85682116,14.84919108,0.42068219,0.33654575,1020519,390,0
1132,2017-03-07,3151.25,3155.5,3145.25,3148,10:43:00,15:45:00,HOD_FIRST,4.25,6,0.13486712,0.19040063,10.25,1,0,3155.5,10.25,14.84919108,14.52067743,0.28621088,0.40406241,1010869,390,0
1133,2017-03-08,3150.75,3153.75,3141.5,3143.25,09:48:00,15:44:00,HOD_FIRST,3,9.25,0.09521542,0.29358089,12.25,1,0,3148,12.25,14.52067743,14.35848618,0.20660193,0.63702262,1083896,390,0
1134,2017-03-09,3144.5,3150,3134.75,3145.5,10:13:00,14:17:00,HOD_FIRST,5.5,9.75,0.17490857,0.31006519,15.25,1,0,3143.25,15.25,14.35848618,14.42216574,0.38304874,0.67904094,1004936,390,0
1135,2017-03-10,3157.25,3158,3143,3153.75,09:31:00,13:09:00,HOD_FIRST,0.75,14.25,0.02375485,0.45134215,15,1,0,3145.5,15,14.42216574,14.46343962,0.05200329,0.98806242,399090,390,0
1136,2017-03-13,3153,3155.75,3149.25,3154.75,09:33:00,11:33:00,HOD_FIRST,2.75,3.75,0.08721852,0.11893435,6.5,3,0,3153.75,6.5,14.46343962,13.8946225,0.19013458,0.25927443,637327,390,0
1137,2017-03-14,3149,3149.25,3138.5,3146.25,09:41:00,10:46:00,HOD_FIRST,0.25,10.5,0.00793903,0.33343919,10.75,1,0,3154.75,16.25,13.8946225,14.06286375,0.01799257,0.75568804,1094579,390,0
1138,2017-03-15,3152.5,3171.5,3149.5,3165.75,15:38:00,09:40:00,LOD_FIRST,19,3,0.60269627,0.09516257,22,1,0,3146.25,25.25,14.06286375,14.86194491,1.35107616,0.21332782,1108516,390,0
1139,2017-03-16,3167.5,3168.25,3157.25,3161.5,09:31:00,15:02:00,HOD_FIRST,0.75,10.25,0.02367798,0.32359905,11,1,0,3165.75,11,14.86194491,14.5860917,0.05046446,0.68968093,1104497,390,0
1140,2017-03-17,3164.25,3166,3156.5,3156.75,14:15:00,16:00:00,HOD_FIRST,1.75,7.75,0.05530536,0.24492376,9.5,1,0,3161.5,9.5,14.5860917,14.22279944,0.11997731,0.53132807,917669,390,0
1141,2017-03-20,3156.5,3159.75,3149.25,3153.75,10:52:00,14:52:00,HOD_FIRST,3.25,7.25,0.10296214,0.22968478,10.5,3,0,3156.75,10.5,14.22279944,13.95688519,0.22850635,0.50974494,893655,390,0
1142,2017-03-21,3161,3162.5,3121.75,3123.75,09:36:00,15:54:00,HOD_FIRST,1.5,39.25,0.04745334,1.24169567,40.75,1,0,3153.75,40.75,13.95688519,15.87067911,0.10747384,2.81223206,2305276,390,0
1143,2017-03-22,3124,3132.5,3116.5,3129,15:24:00,10:32:00,LOD_FIRST,8.5,7.5,0.27208707,0.24007682,16,1,0,3123.75,16,15.87067911,15.87991631,0.53557885,0.47256957,1479151,390,0
1144,2017-03-23,3126.25,3139.75,3122,3126.25,11:17:00,15:33:00,HOD_FIRST,13.5,4.25,0.43182727,0.13594562,17.75,1,0,3129,17.75,15.87991631,16.01349372,0.85013042,0.26763365,1337600,390,0
1145,2017-03-24,3130,3136.5,3115.5,3125.5,11:06:00,15:17:00,HOD_FIRST,6.5,14.5,0.20766773,0.46325879,21,1,0,3126.25,21,16.01349372,16.36967274,0.40590767,0.90548635,1351286,390,0
1146,2017-03-27,3104.75,3125.25,3101.75,3121.5,15:43:00,09:40:00,LOD_FIRST,20.5,3,0.66027861,0.09662614,23.5,3,0,3125.5,23.75,16.36967274,16.89683897,1.25231581,0.18326573,1241494,390,0
1147,2017-03-28,3118.5,3144.25,3117.25,3138.25,14:48:00,09:52:00,LOD_FIRST,25.75,1.25,0.82571749,0.04008337,27,1,0,3121.5,27,16.89683897,17.61849333,1.52395368,0.07397833,1326170,390,0
1148,2017-03-29,3135.75,3143.5,3132.5,3141.25,15:10:00,09:51:00,LOD_FIRST,7.75,3.25,0.2471498,0.10364347,11,1,0,3138.25,11,17.61849333,17.14574381,0.4398787,0.18446526,937444,390,0
1149,2017-03-30,3139.75,3150.5,3137.75,3148.25,11:02:00,09:37:00,LOD_FIRST,10.75,2,0.34238395,0.06369934,12.75,1,0,3141.25,12.75,17.14574381,16.83176211,0.62697776,0.11664702,951224,390,0
1150,2017-03-31,3144.25,3150.5,3142,3142.25,13:31:00,16:00:00,HOD_FIRST,6.25,2.25,0.19877554,0.0715592,8.5,1,0,3148.25,8.5,16.83176211,16.23663624,0.37132179,0.13367584,1218600,390,0
1151,2017-04-03,3143,3145.5,3123.75,3138.5,09:44:00,12:04:00,HOD_FIRST,2.5,19.25,0.07954184,0.61247216,21.75,3,0,3142.25,21.75,16.23663624,16.63044794,0.15397278,1.1855904,1462656,390,0
1152,2017-04-04,3134.5,3140.75,3130.25,3140,16:00:00,10:12:00,LOD_FIRST,6.25,4.25,0.19939384,0.13558781,10.5,1,0,3138.5,10.5,16.63044794,16.1925588,0.3758167,0.25555535,953625,390,0
1153,2017-04-05,3146.75,3158.75,3130,3132,10:22:00,15:35:00,HOD_FIRST,12,16.75,0.38134583,0.53229523,28.75,1,0,3140,28.75,16.1925588,17.08951889,0.74108114,1.03442576,1621684,390,0
1154,2017-04-06,3134.25,3145,3128.75,3138.25,13:36:00,09:48:00,LOD_FIRST,10.75,5.5,0.34298477,0.17548058,16.25,1,0,3132,16.25,17.08951889,17.02955325,0.62904053,0.32183469,1241874,390,0
1155,2017-04-07,3136,3144.5,3130.75,3136.25,13:31:00,10:01:00,LOD_FIRST,8.5,5.25,0.27104592,0.16741071,13.75,1,0,3138.25,13.75,17.02955325,16.79529945,0.4991323,0.30828759,1000449,390,0
1156,2017-04-10,3138,3147,3131.25,3137.5,10:36:00,12:15:00,HOD_FIRST,9,6.75,0.28680688,0.21510516,15.75,3,0,3136.25,15.75,16.79529945,16.7206352,0.53586422,0.40189816,1125933,390,0
1157,2017-04-11,3132.75,3135.5,3117,3134,09:36:00,10:58:00,HOD_FIRST,2.75,15.75,0.0877823,0.50275317,18.5,1,0,3137.5,20.5,16.7206352,16.99058983,0.16446744,0.94194986,1580105,390,0
1158,2017-04-12,3130.75,3133.25,3121.25,3124.75,10:19:00,11:52:00,HOD_FIRST,2.5,9.5,0.07985307,0.30344167,12,1,0,3134,12.75,16.99058983,16.68769056,0.14714027,0.55913303,1207143,390,0
1159,2017-04-13,3120,3128.75,3109,3109.25,11:03:00,16:00:00,HOD_FIRST,8.75,11,0.28044872,0.3525641,19.75,1,0,3124.75,19.75,16.68769056,16.90642695,0.52433858,0.6591685,1194539,390,0
1160,2017-04-17,3114.5,3129.25,3112.5,3129.25,15:50:00,09:45:00,LOD_FIRST,14.75,2,0.47359127,0.06421576,16.75,4,0,3109.25,20,16.90642695,17.12739645,0.87244928,0.11829821,780480,390,0
1161,2017-04-18,3120.5,3128.25,3114,3122,10:01:00,12:02:00,HOD_FIRST,7.75,6.5,0.24835763,0.20829995,14.25,1,0,3129.25,15.25,17.12739645,16.9932967,0.45249142,0.37950894,1116760,390,0
1162,2017-04-19,3128.75,3133,3115,3118.25,10:00:00,15:44:00,HOD_FIRST,4.25,13.75,0.135837,0.43947263,18,1,0,3122,18,16.9932967,17.06520408,0.25009862,0.80914258,1012235,390,0
1163,2017-04-20,3124.75,3142,3121,3136.25,13:57:00,09:59:00,LOD_FIRST,17.25,3.75,0.55204416,0.1200096,21,1,0,3118.25,23.75,17.06520408,17.5426895,1.01082881,0.21974539,1182632,390,0
1164,2017-04-21,3136,3136.75,3124.25,3129,09:31:00,13:12:00,HOD_FIRST,0.75,11.75,0.02391582,0.37468112,12.5,1,0,3136.25,12.5,17.5426895,17.1824974,0.04275285,0.66979467,1012948,390,0
1165,2017-04-24,3155.25,3157.75,3149.5,3154.5,15:15:00,11:27:00,LOD_FIRST,2.5,5.75,0.07923302,0.18223596,8.25,3,0,3129,28.75,17.1824974,18.00874758,0.14549689,0.33464286,1080437,390,0
1166,2017-04-25,3162.25,3173,3161.25,3168.75,15:20:00,09:32:00,LOD_FIRST,10.75,1,0.33994782,0.03162305,11.75,1,0,3154.5,18.5,18.00874758,18.04383704,0.59693213,0.05552857,1022620,390,0
1167,2017-04-26,3168.5,3178.5,3166.25,3167.25,11:29:00,15:58:00,HOD_FIRST,10,2.25,0.31560675,0.07101152,12.25,1,0,3168.75,12.25,18.04383704,17.62999154,0.55420585,0.12469632,1235878,390,0
1168,2017-04-27,3170.25,3172.5,3162.5,3169,13:01:00,11:51:00,LOD_FIRST,2.25,7.75,0.07097232,0.24446022,10,1,0,3167.25,10,17.62999154,17.08499214,0.12762343,0.43959182,878987,390,0
1169,2017-04-28,3171.75,3172,3162,3164,09:31:00,14:13:00,HOD_FIRST,0.25,9.75,0.00788208,0.30740128,10,1,0,3169,10,17.08499214,16.57892128,0.01463273,0.57067629,915589,390,0
1170,2017-05-01,3169.75,3174.5,3164.5,3169.25,14:02:00,10:11:00,LOD_FIRST,4.75,5.25,0.14985409,0.1656282,10,3,0,3164,10.5,16.57892128,16.14471261,0.28650839,0.31666717,749962,390,0
1171,2017-05-02,3171.25,3172.5,3165.5,3170.5,09:31:00,10:01:00,HOD_FIRST,1.25,5.75,0.03941663,0.18131652,7,1,0,3169.25,7,16.14471261,15.49151885,0.07742473,0.35615375,783083,390,0
1172,2017-05-03,3165.25,3169.75,3159.25,3167.25,15:56:00,10:53:00,LOD_FIRST,4.5,6,0.14216887,0.18955849,10.5,1,0,3170.5,11.25,15.49151885,15.18855322,0.29048152,0.3873087,913738,390,0
1173,2017-05-04,3170.5,3171.5,3159.75,3169.75,09:33:00,12:20:00,HOD_FIRST,1,10.75,0.03154077,0.33906324,11.75,1,0,3167.25,11.75,15.18855322,14.94294228,0.06583906,0.70776985,1004753,390,0
1174,2017-05-05,3173.75,3179.5,3168.75,3179.5,16:00:00,10:36:00,LOD_FIRST,5.75,5,0.18117369,0.15754234,10.75,1,0,3169.75,10.75,14.94294228,14.6434464,0.38479704,0.33460612,850763,390,0
1175,2017-05-08,3179.5,3181.5,3173.5,3178.75,09:36:00,11:23:00,HOD_FIRST,2,6,0.06290297,0.18870892,8,3,0,3179.5,8,14.6434464,14.16891452,0.13657987,0.40973961,666893,390,0
1176,2017-05-09,3181.5,3183.75,3172.5,3176.5,10:03:00,15:44:00,HOD_FIRST,2.25,9,0.07072136,0.28288543,11.25,1,0,3178.75,11.25,14.16891452,13.96042062,0.15879833,0.63519333,900525,390,0
1177,2017-05-10,3175.5,3180.5,3173,3180.25,16:00:00,10:30:00,LOD_FIRST,5,2.5,0.15745552,0.07872776,7.5,1,0,3176.5,7.5,13.96042062,13.49896201,0.3581554,0.1790777,769066,390,0
1178,2017-05-11,3175,3177.25,3162.75,3175.5,14:23:00,10:25:00,LOD_FIRST,2.25,12.25,0.07086614,0.38582677,14.5,1,0,3180.25,17.5,13.49896201,13.78475043,0.16667948,0.90747718,1144481,390,0
1179,2017-05-12,3172.25,3173.5,3168,3171.5,09:47:00,10:55:00,HOD_FIRST,1.25,4.25,0.03940421,0.13397431,5.5,1,0,3175.5,7.5,13.78475043,13.33583969,0.09067992,0.30831171,784580,390,0
1180,2017-05-15,3176.25,3186,3176,3184,11:11:00,09:31:00,LOD_FIRST,9.75,0.25,0.30696576,0.00787092,10,3,0,3171.5,14.5,13.33583969,13.418994,0.73111257,0.01874648,777517,390,0
1181,2017-05-16,3187.75,3188.25,3177.5,3182.5,09:31:00,10:45:00,HOD_FIRST,0.5,10.25,0.01568504,0.32154341,10.75,1,0,3184,10.75,13.418994,13.22835157,0.03726062,0.76384265,843697,390,0
1182,2017-05-17,3162.25,3167.5,3138.5,3139.75,09:36:00,15:59:00,HOD_FIRST,5.25,23.75,0.16602103,0.75104751,29,1,0,3182.5,44,13.22835157,15.42632646,0.39687485,1.79538621,2135050,390,0
1183,2017-05-18,3138,3158.75,3135.25,3148.5,14:33:00,09:33:00,LOD_FIRST,20.75,2.75,0.6612492,0.08763544,23.5,1,0,3139.75,23.5,15.42632646,16.00301742,1.34510313,0.17826668,1825971,390,0
1184,2017-05-19,3154,3171.75,3153.5,3163.75,14:41:00,09:31:00,LOD_FIRST,17.75,0.5,0.56277743,0.01585289,18.25,1,0,3148.5,23.25,16.00301742,16.52065904,1.10916582,0.03124411,1318779,390,0
1185,2017-05-22,3169.75,3178,3168.75,3176,15:42:00,10:50:00,LOD_FIRST,8.25,1,0.26027289,0.03154823,9.25,3,0,3163.75,14.25,16.52065904,16.3584691,0.49937475,0.06053027,865641,390,0
1186,2017-05-23,3180.25,3183.25,3175.75,3181.25,12:13:00,10:01:00,LOD_FIRST,3,4.5,0.09433221,0.14149831,7.5,1,0,3176,7.5,16.3584691,15.72572131,0.18339124,0.27508687,748727,390,0
1187,2017-05-24,3183.75,3187.75,3179.75,3186.25,15:53:00,14:05:00,LOD_FIRST,4,4,0.12563801,0.12563801,8,1,0,3181.25,8,15.72572131,15.17388408,0.25436035,0.25436035,778956,390,0
1188,2017-05-25,3192.25,3201.5,3189.75,3197.5,15:47:00,09:36:00,LOD_FIRST,9.25,2.5,0.28976427,0.07831467,11.75,1,0,3186.25,15.25,15.17388408,15.17932093,0.60960002,0.16475676,1030683,390,0
1189,2017-05-26,3195.75,3199.25,3194.75,3197.5,10:41:00,09:44:00,LOD_FIRST,3.5,1,0.10952046,0.03129156,4.5,1,0,3197.5,4.5,15.17932093,14.41651229,0.23057685,0.0658791,625708,390,0
1190,2017-05-30,3193.5,3198.25,3191.75,3195.5,12:32:00,10:16:00,LOD_FIRST,4.75,1.75,0.14873963,0.05479881,6.5,4,0,3197.5,6.5,14.41651229,13.85104713,0.3294833,0.12138858,732432,390,0
1191,2017-05-31,3198.25,3199,3186.5,3194,09:31:00,10:03:00,HOD_FIRST,0.75,11.75,0.02345032,0.36738842,12.5,1,0,3195.5,12.5,13.85104713,13.75454376,0.05414753,0.84831131,1422555,390,0
1192,2017-06-01,3199.5,3213.5,3196.5,3213.25,16:00:00,09:36:00,LOD_FIRST,14,3,0.43756837,0.09376465,17,1,0,3194,19.5,13.75454376,14.16493349,1.01784547,0.21810974,1105812,390,0
1193,2017-06-02,3214,3223.5,3210.75,3221,15:39:00,09:59:00,LOD_FIRST,9.5,3.25,0.29558183,0.1011201,12.75,1,0,3213.25,12.75,14.16493349,14.06386681,0.67067029,0.22943983,1261364,390,0
1194,2017-06-05,3219.5,3222.75,3217.25,3219.5,10:04:00,09:41:00,LOD_FIRST,3.25,2.25,0.10094735,0.06988663,5.5,3,0,3221,5.5,14.06386681,13.45216204,0.23108865,0.15998445,698616,390,0
1195,2017-06-06,3212.75,3219.5,3210.75,3212.5,14:36:00,09:36:00,LOD_FIRST,6.75,2,0.21010038,0.06225196,8.75,1,0,3219.5,8.75,13.45216204,13.11629332,0.50177808,0.14867499,1019315,390,0
1196,2017-06-07,3215.5,3218.75,3207.75,3216,15:46:00,12:52:00,LOD_FIRST,3.25,7.75,0.10107293,0.24102006,11,1,0,3212.5,11,13.11629332,12.96512951,0.24778342,0.59086815,1043597,390,0
1197,2017-06-08,3217,3222.75,3211,3217,12:22:00,10:29:00,LOD_FIRST,5.75,6,0.17873795,0.18650917,11.75,1,0,3216,11.75,12.96512951,12.87833455,0.44349731,0.4627798,859362,390,0
1198,2017-06-09,3220.5,3229.5,3198.5,3213.75,10:32:00,14:51:00,HOD_FIRST,9,22,0.27945971,0.68312374,31,1,0,3217,31,12.87833455,14.17273922,0.69884813,1.70829543,780355,390,0
1199,2017-06-12,3210.75,3214,3203.25,3213.25,09:37:00,10:04:00,HOD_FIRST,3.25,7.5,0.10122246,0.23359028,10.75,3,0,3213.75,10.75,14.17273922,13.92825785,0.22931347,0.52918493,1128141,390,0
1200,2017-06-13,3219.5,3225.75,3215.25,3225,15:38:00,11:01:00,LOD_FIRST,6.25,4.25,0.19412952,0.13200808,10.5,1,0,3213.25,12.5,13.92825785,13.82623943,0.44872805,0.30513507,928930,390,0
1201,2017-06-14,3228,3228.5,3212.25,3222,09:31:00,15:12:00,HOD_FIRST,0.5,15.75,0.01548947,0.48791822,16.25,1,0,3225,16.25,13.82623943,13.99936519,0.03616312,1.13913838,1147332,390,0
1202,2017-06-15,3206,3218.5,3202.75,3217.25,15:28:00,10:27:00,LOD_FIRST,12.5,3.25,0.38989395,0.10137243,15.75,1,0,3222,19.25,13.99936519,14.37441053,0.89289763,0.23215338,1241958,390,0
1203,2017-06-16,3218.25,3219,3206.75,3217,09:31:00,10:56:00,HOD_FIRST,0.75,11.5,0.02330459,0.35733706,12.25,1,0,3217.25,12.25,14.37441053,14.22266692,0.05217605,0.80003281,1015441,390,0
1204,2017-06-19,3226.5,3238,3225,3237,15:55:00,09:33:00,LOD_FIRST,11.5,1.5,0.35642337,0.04649,13,3,0,3217,21,14.22266692,14.70676214,0.80856847,0.10546545,940300,390,0
1205,2017-06-20,3232.75,3233.25,3220.5,3221,09:31:00,15:48:00,HOD_FIRST,0.5,12.25,0.01546671,0.37893434,12.75,1,0,3237,16.5,14.70676214,14.83485056,0.03399797,0.83295017,1070649,390,0
1206,2017-06-21,3224.75,3226.5,3214.5,3219.75,10:43:00,13:53:00,HOD_FIRST,1.75,10.25,0.05426777,0.3178541,12,1,0,3221,12,14.83485056,14.63236123,0.11796546,0.69094056,1068038,390,0
1207,2017-06-22,3220,3225.5,3216.5,3218.5,13:07:00,09:40:00,LOD_FIRST,5.5,3.5,0.17080745,0.10869565,9,1,0,3219.75,9,14.63236123,14.23004972,0.37587918,0.23919584,830288,390,0
1208,2017-06-23,3219.25,3225.25,3214.75,3222,12:34:00,09:46:00,LOD_FIRST,6,4.5,0.18637881,0.13978411,10.5,1,0,3218.5,10.5,14.23004972,13.9636176,0.42164294,0.31623221,975869,390,0
1209,2017-06-26,3228.75,3234,3220.5,3222.75,10:00:00,11:06:00,HOD_FIRST,5.25,8.25,0.16260163,0.25551684,13.5,3,0,3222,13.5,13.9636176,13.93050205,0.37597707,0.59082111,1060694,390,0
1210,2017-06-27,3219.75,3223.5,3203,3203.75,11:05:00,16:00:00,HOD_FIRST,3.75,16.75,0.11646867,0.52022673,20.5,1,0,3222.75,20.5,13.93050205,14.39975191,0.26919346,1.20239744,1336105,390,0
1211,2017-06-28,3214.5,3227,3212,3224.5,13:38:00,09:53:00,LOD_FIRST,12.5,2.5,0.38886296,0.07777259,15,1,0,3203.75,23.25,14.39975191,15.03191248,0.86807051,0.1736141,1145731,390,0
1212,2017-06-29,3226.25,3227,3188.75,3203.5,09:31:00,13:30:00,HOD_FIRST,0.75,37.5,0.0232468,1.16234018,38.25,1,0,3224.5,38.25,15.03191248,16.69034731,0.04989385,2.49469254,1992829,390,0
1213,2017-06-30,3212,3216.25,3205,3207,15:49:00,10:17:00,LOD_FIRST,4.25,7,0.13231631,0.21793275,11.25,1,0,3203.5,12.75,16.69034731,16.40889393,0.2546382,0.41940409,1183727,390,0
1214,2017-07-05,3215,3218.75,3205.75,3216,14:41:00,10:17:00,LOD_FIRST,3.75,9.25,0.11664075,0.28771384,13,5,0,3207,13,16.40889393,16.1654015,0.2285346,0.56371868,898894,390,0
1215,2017-07-06,3207.25,3208.75,3191.75,3194.5,09:37:00,15:45:00,HOD_FIRST,1.5,15.5,0.04676904,0.48328007,17,1,0,3216,24.25,16.1654015,16.74287283,0.09279077,0.95883792,1263663,390,0
1216,2017-07-07,3200.25,3211.5,3198.5,3209.25,13:33:00,09:49:00,LOD_FIRST,11.25,1.75,0.35153504,0.05468323,13,1,0,3194.5,17,16.74287283,16.76123905,0.6719277,0.10452209,944578,390,0
1217,2017-07-10,3207.5,3216.5,3205.75,3211.75,15:42:00,09:31:00,LOD_FIRST,9,1.75,0.28059236,0.05455963,10.75,3,0,3209.25,10.75,16.76123905,16.33186483,0.53695314,0.10440756,653783,390,0
1218,2017-07-11,3209.75,3213.75,3196.75,3209.75,15:32:00,11:27:00,LOD_FIRST,4,13,0.1246203,0.40501597,17,1,0,3211.75,17,16.33186483,16.37958877,0.24491998,0.79598993,958151,390,0
1219,2017-07-12,3221.5,3230.25,3221.25,3227.75,14:17:00,09:31:00,LOD_FIRST,8.75,0.25,0.2716126,0.00776036,9,1,0,3209.75,20.5,16.37958877,16.67390386,0.53420145,0.0152629,832700,390,0
1220,2017-07-13,3228.25,3233.5,3225.5,3231.75,15:48:00,10:32:00,LOD_FIRST,5.25,2.75,0.16262681,0.08518547,8,1,0,3227.75,8,16.67390386,16.0543393,0.31486328,0.16492838,716606,390,0
1221,2017-07-14,3232.25,3247.75,3230.75,3243.25,15:41:00,09:33:00,LOD_FIRST,15.5,1.5,0.47954211,0.0464073,17,1,0,3231.75,17,16.0543393,16.12188649,0.96547106,0.09343268,840209,390,0
1222,2017-07-17,3242.5,3247,3240.75,3243,13:13:00,09:42:00,LOD_FIRST,4.5,1.75,0.1387818,0.0539707,6.25,3,0,3243.25,6.25,16.12188649,15.41675174,0.27912366,0.10854809,661312,390,0
1223,2017-07-18,3238.5,3245,3234.5,3244.5,15:36:00,10:43:00,LOD_FIRST,6.5,4,0.20071021,0.12351397,10.5,1,0,3243,10.5,15.41675174,15.06555519,0.42161929,0.25945803,810872,390,0
1224,2017-07-19,3248,3257.5,3247.75,3257.25,15:34:00,09:31:00,LOD_FIRST,9.5,0.25,0.29248768,0.00769704,9.75,1,0,3244.5,13,15.06555519,14.91801553,0.63057749,0.01659414,729863,390,0
1225,2017-07-20,3260.5,3261.75,3252,3258,09:34:00,10:41:00,HOD_FIRST,1.25,8.5,0.03833768,0.26069621,9.75,1,0,3257.25,9.75,14.91801553,14.54887157,0.08379131,0.56978088,860299,390,0
1226,2017-07-21,3252.25,3256.75,3249.25,3256.25,16:00:00,10:02:00,LOD_FIRST,4.5,3,0.13836575,0.09224383,7.5,1,0,3258,8.75,14.54887157,14.13466646,0.30930234,0.20620156,814863,390,0
1227,2017-07-24,3255.5,3257,3250,3255.5,15:43:00,11:27:00,LOD_FIRST,1.5,5.5,0.04607587,0.16894486,7,3,0,3256.25,7,14.13466646,13.62504742,0.10612207,0.38911424,603583,390,0
1228,2017-07-25,3264.5,3265.25,3259,3261,12:05:00,10:11:00,LOD_FIRST,0.75,5.5,0.02297442,0.16847909,6.25,1,0,3255.5,9.75,13.62504742,13.34825832,0.05504568,0.40366832,820702,390,0
1229,2017-07-26,3264.75,3265,3258,3261.25,09:31:00,15:51:00,HOD_FIRST,0.25,6.75,0.00765755,0.20675396,7,1,0,3261,7,13.34825832,12.8948113,0.01872904,0.50568395,728133,390,0
1230,2017-07-27,3266.5,3267,3243.5,3259,09:31:00,13:40:00,HOD_FIRST,0.5,23,0.0153069,0.70411756,23.5,1,0,3261.25,23.5,12.8948113,13.65232478,0.03877529,1.78366317,1362664,390,0
1231,2017-07-28,3253,3257.25,3248,3255.5,15:56:00,11:09:00,LOD_FIRST,4.25,5,0.13064863,0.15370427,9.25,1,0,3259,11,13.65232478,13.46287301,0.31130229,0.36623799,830755,390,0
1232,2017-07-31,3260.5,3261.5,3251.75,3254,09:36:00,10:56:00,HOD_FIRST,1,8.75,0.03067014,0.26836375,9.75,3,0,3255.5,9.75,13.46287301,13.19766779,0.07427835,0.64993557,898316,390,0
1233,2017-08-01,3261,3261.5,3254.5,3259.5,09:31:00,11:27:00,HOD_FIRST,0.5,6.5,0.01533272,0.19932536,7,1,0,3254,7.5,13.19766779,12.79069152,0.03788548,0.49251126,742027,390,0
1234,2017-08-02,3261.25,3262.25,3249.75,3260.5,09:39:00,11:00:00,HOD_FIRST,1,11.5,0.03066309,0.35262553,12.5,1,0,3259.5,12.5,12.79069152,12.76992784,0.07818186,0.89909134,1086553,390,0
1235,2017-08-03,3259.5,3259.5,3252.5,3256,09:31:00,15:34:00,HOD_FIRST,0,7,0,0.21475686,7,1,0,3260.5,8,12.76992784,12.42921871,0,0.54816285,805215,390,0
1236,2017-08-04,3261.25,3264.25,3255.75,3260.25,09:49:00,10:09:00,HOD_FIRST,3,5.5,0.09198927,0.16864699,8.5,1,0,3256,8.5,12.42921871,12.14856023,0.24136674,0.44250569,803632,390,0
1237,2017-08-07,3260.75,3264.75,3259.5,3264.25,15:30:00,09:38:00,LOD_FIRST,4,1.25,0.12267116,0.03833474,5.25,3,0,3260.25,5.25,12.14856023,11.65580593,0.32925712,0.10289285,413088,390,0
1238,2017-08-08,3260.75,3275,3254,3258.5,12:11:00,15:37:00,HOD_FIRST,14.25,6.75,0.43701602,0.20700759,21,1,0,3264.25,21,11.65580593,12.32324836,1.22256668,0.57911053,1164957,390,0
1239,2017-08-09,3250,3258.5,3245.75,3257.5,16:00:00,09:43:00,LOD_FIRST,8.5,4.25,0.26153846,0.13076923,12.75,1,0,3258.5,12.75,12.32324836,12.35373062,0.6897532,0.3448766,1106268,390,0
1240,2017-08-10,3247.75,3249.5,3222.25,3223,09:35:00,15:50:00,HOD_FIRST,1.75,25.5,0.05388346,0.78515896,27.25,1,0,3257.5,35.25,12.35373062,13.98917843,0.14165761,2.0641538,1861243,390,0
1241,2017-08-11,3225.25,3233,3222.5,3226.25,10:42:00,09:50:00,LOD_FIRST,7.75,2.75,0.24029145,0.08526471,10.5,1,0,3223,10.5,13.98917843,13.7399514,0.55399965,0.19658052,1139361,390,0
1242,2017-08-14,3240.75,3253,3240.5,3250,10:53:00,09:31:00,LOD_FIRST,12.25,0.25,0.37799892,0.00771426,12.5,3,0,3226.25,26.75,13.7399514,14.66924059,0.89156065,0.01819512,1131337,390,0
1243,2017-08-15,3254.75,3255,3246.5,3250,09:31:00,10:33:00,HOD_FIRST,0.25,8.25,0.00768108,0.25347569,8.5,1,0,3250,8.5,14.66924059,14.22858055,0.01704246,0.5624013,763164,390,0
1244,2017-08-16,3256,3260.5,3249,3253.75,12:27:00,14:25:00,HOD_FIRST,4.5,7,0.13820639,0.21498771,11.5,1,0,3250,11.5,14.22858055,14.03368194,0.31626486,0.49196756,900395,390,0
1245,2017-08-17,3247,3250.5,3215.25,3215.75,09:46:00,16:00:00,HOD_FIRST,3.5,31.75,0.10779181,0.97782569,35.25,1,0,3253.75,38.5,14.03368194,15.78127608,0.24939998,2.26241411,1835662,390,0
1246,2017-08-18,3213,3226,3206,3210.75,12:45:00,10:00:00,LOD_FIRST,13,7,0.40460629,0.21786492,20,1,0,3215.75,20,15.78127608,16.08261351,0.82376101,0.44356362,1659603,390,0
1247,2017-08-21,3210.75,3216,3202.25,3213.25,12:33:00,10:24:00,LOD_FIRST,5.25,8.5,0.1635132,0.26473565,13.75,3,0,3210.75,13.75,16.08261351,15.91599826,0.32643948,0.52852106,1017362,390,0
1248,2017-08-22,3219.75,3240.5,3219.25,3237.75,15:48:00,09:31:00,LOD_FIRST,20.75,0.5,0.64445997,0.01552916,21.25,1,0,3213.25,27.25,15.91599826,16.72556981,1.30371967,0.03141493,1011777,390,0
1249,2017-08-23,3227,3234.25,3225.25,3229.25,11:41:00,09:31:00,LOD_FIRST,7.25,1.75,0.22466687,0.05422993,9,1,0,3237.75,12.5,16.72556981,16.42374339,0.43346804,0.10463022,878555,390,0
1250,2017-08-24,3234,3235.5,3221,3224,09:36:00,11:35:00,HOD_FIRST,1.5,13,0.04638219,0.40197897,14.5,1,0,3229.25,14.5,16.42374339,16.28633315,0.09133119,0.79153696,1113670,390,0
1251,2017-08-25,3232.75,3240,3227.5,3229,10:02:00,11:35:00,HOD_FIRST,7.25,5.25,0.22426726,0.16240043,12.5,1,0,3224,16,16.28633315,16.26588078,0.44515852,0.32235617,908760,390,0
1252,2017-08-28,3234.75,3235.75,3224.5,3229.75,09:31:00,12:45:00,HOD_FIRST,1,10.25,0.03091429,0.31687147,11.25,3,0,3229,11.25,16.26588078,15.90760358,0.06147838,0.6301534,700789,390,0
1253,2017-08-29,3214.75,3235,3212.75,3231.75,15:25:00,09:31:00,LOD_FIRST,20.25,2,0.62990901,0.06221324,22.25,1,0,3229.75,22.25,15.90760358,16.3606319,1.27297615,0.12572604,1104979,390,0
1254,2017-08-30,3231.25,3246.25,3229.25,3243.25,14:40:00,09:36:00,LOD_FIRST,15,2,0.46421663,0.06189555,17,1,0,3231.75,17,16.3606319,16.40630105,0.916835,0.12224467,975542,390,0
1255,2017-08-31,3250.25,3260.75,3249,3257.25,15:44:00,09:31:00,LOD_FIRST,10.5,1.25,0.32305207,0.03845858,11.75,1,0,3243.25,17.5,16.40630105,16.4844224,0.63999801,0.07619024,1363748,390,0
1256,2017-09-01,3262,3266.25,3259.5,3261.5,13:03:00,09:57:00,LOD_FIRST,4.25,2.5,0.13028817,0.0766401,6.75,1,0,3257.25,9,16.4844224,15.9498208,0.25781916,0.15165833,719432,390,0
1257,2017-09-05,3255.25,3257.75,3232,3243.5,09:33:00,13:13:00,HOD_FIRST,2.5,23.25,0.07679902,0.71423086,25.75,4,0,3261.5,29.5,15.9498208,16.91769075,0.15674157,1.45769663,1573292,390,0
1258,2017-09-06,3251.25,3255.5,3244.75,3251.75,15:26:00,11:14:00,LOD_FIRST,4.25,6.5,0.13071895,0.19992311,10.75,1,0,3243.5,12,16.91769075,16.56642712,0.25121632,0.38421319,1092789,390,0
1259,2017-09-07,3255,3255.25,3246,3251.25,09:31:00,12:35:00,HOD_FIRST,0.25,9,0.00768049,0.2764977,9.25,1,0,3251.75,9.25,16.56642712,16.04382518,0.01509076,0.54326741,799651,390,0
1260,2017-09-08,3247.25,3253,3245,3247.5,11:04:00,09:33:00,LOD_FIRST,5.75,2.25,0.17707291,0.0692894,8,1,0,3251.25,8,16.04382518,15.46926624,0.35839333,0.14024087,403755,390,0
1261,2017-09-11,3262.5,3275,3262,3273.5,12:43:00,09:31:00,LOD_FIRST,12.5,0.5,0.38314176,0.01532567,13,3,0,3247.5,27.5,15.46926624,16.32860437,0.80805384,0.03232215,734897,390,0
1262,2017-09-12,3277.75,3282.5,3275.75,3282.25,16:00:00,10:47:00,LOD_FIRST,4.75,2,0.14491648,0.06101747,6.75,1,0,3273.5,9,16.32860437,15.80513263,0.29090055,0.12248444,780512,390,0
1263,2017-09-13,3278.5,3283.5,3277.25,3283.25,15:56:00,09:32:00,LOD_FIRST,5,1.25,0.15250877,0.03812719,6.25,1,0,3282.25,6.25,15.80513263,15.12262315,0.31635293,0.07908823,719133,390,0
1264,2017-09-14,3278.75,3284.25,3277,3282.5,11:17:00,09:40:00,LOD_FIRST,5.5,1.75,0.16774685,0.053374,7.25,1,0,3283.25,7.25,15.12262315,14.56029293,0.36369352,0.11572066,804459,390,0
1265,2017-09-15,3280,3286,3278.5,3285.5,15:57:00,10:07:00,LOD_FIRST,6,1.5,0.18292683,0.04573171,7.5,1,0,3282.5,7.5,14.56029293,14.05598629,0.41207962,0.10301991,921582,390,0
1266,2017-09-18,3289,3294,3285.75,3290.25,09:52:00,14:38:00,HOD_FIRST,5,3.25,0.15202189,0.09881423,8.25,3,0,3285.5,8.5,14.05598629,13.65913013,0.35572032,0.23121821,840947,390,0
1267,2017-09-19,3293,3294,3289.25,3293,15:39:00,11:03:00,LOD_FIRST,1,3.75,0.03036745,0.11387792,4.75,1,0,3290.25,4.75,13.65913013,13.02276369,0.0732111,0.27454164,741264,390,0
1268,2017-09-20,3294,3295.25,3282,3294,09:31:00,14:25:00,HOD_FIRST,1.25,12,0.03794778,0.36429872,13.25,1,0,3293,13.25,13.02276369,13.03899485,0.09598577,0.92146339,1023171,390,0
1269,2017-09-21,3291.75,3292.5,3284.5,3287,09:33:00,10:25:00,HOD_FIRST,0.75,7.25,0.02278423,0.22024759,8,1,0,3294,9.5,13.03899485,12.78620951,0.05751977,0.55602445,901651,390,0
1270,2017-09-22,3283.25,3289,3282.75,3287,15:57:00,09:31:00,LOD_FIRST,5.75,0.5,0.17513135,0.01522881,6.25,1,0,3287,6.25,12.78620951,12.3193374,0.44970325,0.03910463,708202,390,0
1271,2017-09-25,3283.75,3288,3273,3282.25,10:22:00,11:05:00,HOD_FIRST,4.25,10.75,0.1294252,0.32736962,15,3,0,3287,15,12.3193374,12.5108133,0.34498609,0.87261187,1230641,390,0
1272,2017-09-26,3286.5,3289.25,3280.25,3283,09:54:00,11:28:00,HOD_FIRST,2.75,6.25,0.08367564,0.19017192,9,1,0,3282.25,9,12.5108133,12.26004092,0.21980985,0.49956784,888203,390,0
1273,2017-09-27,3291.5,3297.25,3281,3292.5,15:22:00,10:56:00,LOD_FIRST,5.75,10.5,0.17469239,0.31900349,16.25,1,0,3283,16.25,12.26004092,12.545038,0.46900333,0.85644086,1276649,390,0
1274,2017-09-28,3289.25,3296.25,3288,3295.25,14:01:00,10:19:00,LOD_FIRST,7,1.25,0.21281447,0.03800258,8.25,1,0,3292.5,8.25,12.545038,12.23824957,0.55798954,0.09964099,859336,390,0
1275,2017-09-29,3294.75,3305,3292.75,3303.75,16:00:00,09:53:00,LOD_FIRST,10.25,2,0.31110099,0.06070263,12.25,1,0,3295.25,12.25,12.23824957,12.23908889,0.83753808,0.16342206,1011916,390,0
1276,2017-10-02,3306.25,3314.75,3305.5,3314.25,16:00:00,09:31:00,LOD_FIRST,8.5,0.75,0.25708885,0.02268431,9.25,3,0,3303.75,11,12.23908889,12.15058254,0.69449614,0.06127907,866810,390,0
1277,2017-10-03,3315.75,3320.5,3313.75,3319.75,15:40:00,11:14:00,LOD_FIRST,4.75,2,0.14325567,0.06031818,6.75,1,0,3314.25,6.75,12.15058254,11.76482664,0.39092776,0.16460116,648258,390,0
1278,2017-10-04,3318,3326,3317,3323.25,12:19:00,09:48:00,LOD_FIRST,8,1,0.2411091,0.03013864,9,1,0,3319.75,9,11.76482664,11.56733902,0.67999302,0.08499913,747380,390,0
1279,2017-10-05,3326.5,3338,3325.25,3337.5,15:04:00,09:31:00,LOD_FIRST,11.5,1.25,0.3457087,0.03757703,12.75,1,0,3323.25,14.75,11.56733902,11.79467195,0.99417852,0.10806288,863274,390,0
1280,2017-10-06,3332.25,3335.5,3329.5,3334.75,10:30:00,11:44:00,HOD_FIRST,3.25,2.75,0.0975317,0.08252682,6,1,0,3337.5,8,11.79467195,11.52362395,0.27554815,0.23315612,845150,390,0
1281,2017-10-09,3337,3338,3327.25,3330.5,09:36:00,15:14:00,HOD_FIRST,1,9.75,0.02996704,0.2921786,10.75,3,0,3334.75,10.75,11.52362395,11.4683651,0.08677826,0.846088,546806,390,0
1282,2017-10-10,3337,3341.25,3330.75,3337,09:43:00,12:13:00,HOD_FIRST,4.25,6.25,0.1273599,0.18729398,10.5,1,0,3330.5,10.75,11.4683651,11.41705331,0.37058464,0.54497742,949916,390,0
1283,2017-10-11,3336,3341.25,3334,3341.25,16:00:00,09:55:00,LOD_FIRST,5.25,2,0.1573741,0.05995204,7.25,1,0,3337,7.25,11.41705331,11.11940664,0.45983844,0.17517655,618929,390,0
1284,2017-10-12,3337.25,3341.25,3334.25,3336.75,12:09:00,15:53:00,HOD_FIRST,4,3,0.11985917,0.08989437,7,1,0,3341.25,7,11.11940664,10.82516331,0.35973143,0.26979857,753916,390,0
1285,2017-10-13,3342,3343.5,3338.25,3340,10:31:00,09:46:00,LOD_FIRST,1.5,3.75,0.0448833,0.11220826,5.25,1,0,3336.75,6.75,10.82516331,10.53408022,0.13856604,0.3464151,652166,390,0
1286,2017-10-16,3342.75,3345.75,3338.75,3343.5,09:46:00,12:17:00,HOD_FIRST,3,4,0.08974647,0.11966195,7,3,0,3340,7,10.53408022,10.28164592,0.28478993,0.37971991,626513,390,0
1287,2017-10-17,3342.75,3345.75,3340.25,3345.25,15:56:00,10:46:00,LOD_FIRST,3,2.5,0.08974647,0.07478872,5.5,1,0,3343.5,5.5,10.28164592,9.94009978,0.29178208,0.24315173,559036,390,0
1288,2017-10-18,3349.5,3350,3345.25,3347.5,14:07:00,10:13:00,LOD_FIRST,0.5,4.25,0.0149276,0.12688461,4.75,1,0,3345.25,4.75,9.94009978,9.56937837,0.05030131,0.4275611,560413,390,0
1289,2017-10-19,3338.25,3348.5,3333.25,3348.5,16:00:00,10:11:00,LOD_FIRST,10.25,5,0.30704711,0.14977908,15.25,1,0,3347.5,15.25,9.56937837,9.97513705,1.07112496,0.52249998,914670,390,0
1290,2017-10-20,3357,3361.25,3354,3360.75,14:25:00,09:39:00,LOD_FIRST,4.25,3,0.12660113,0.0893655,7.25,1,0,3348.5,12.75,9.97513705,10.17334155,0.42605931,0.30074775,820181,390,0
1291,2017-10-23,3364.75,3364.75,3350,3351.75,09:31:00,15:38:00,HOD_FIRST,0,14.75,0,0.43836838,14.75,3,0,3360.75,14.75,10.17334155,10.50024573,0,1.44986777,933014,390,0
1292,2017-10-24,3355.75,3358.25,3351.25,3355.5,14:25:00,09:59:00,LOD_FIRST,2.5,4.5,0.07449899,0.13409819,7,1,0,3351.75,7,10.50024573,10.25022817,0.23808967,0.4285614,773785,390,0
1293,2017-10-25,3351.75,3353,3329.5,3342.75,09:35:00,12:31:00,HOD_FIRST,1.25,22.25,0.03729395,0.66383233,23.5,1,0,3355.5,26,10.25022817,11.37521188,0.1219485,2.17068339,1773931,390,0
1294,2017-10-26,3349.75,3353,3345.25,3345.5,11:01:00,10:21:00,LOD_FIRST,3.25,4.5,0.09702217,0.13433838,7.75,1,0,3342.75,10.25,11.37521188,11.2948396,0.28570896,0.39559703,998623,390,0
1295,2017-10-27,3354.5,3368.75,3351.25,3366.75,14:21:00,09:50:00,LOD_FIRST,14.25,3.25,0.4248025,0.09688478,17.5,1,0,3345.5,23.25,11.2948396,12.14877963,1.2616381,0.28774202,1161173,390,0
1296,2017-10-30,3360.25,3365.5,3353.5,3357,10:44:00,12:20:00,HOD_FIRST,5.25,6.75,0.15623838,0.20087791,12,3,0,3366.75,13.25,12.14877963,12.22743823,0.43214217,0.55561136,926542,390,0
1297,2017-10-31,3361,3363.5,3357,3360,15:15:00,10:13:00,LOD_FIRST,2.5,4,0.07438262,0.1190122,6.5,1,0,3357,6.5,12.22743823,11.8183355,0.2044582,0.32713312,824077,390,0
1298,2017-11-01,3369.5,3373.5,3359.5,3364,09:54:00,13:20:00,HOD_FIRST,4,10,0.11871198,0.29677994,14,1,0,3360,14,11.8183355,11.97416867,0.33845714,0.84614284,991677,390,0
1299,2017-11-02,3362.5,3366.25,3350.25,3364.75,15:43:00,10:14:00,LOD_FIRST,3.75,12.25,0.11152416,0.36431227,16,1,0,3364,16,11.97416867,12.26172805,0.31317414,1.02303553,1002916,390,0
1300,2017-11-03,3366.25,3373.5,3361.5,3373,14:28:00,09:50:00,LOD_FIRST,7.25,4.75,0.21537319,0.14110657,12,1,0,3364.75,12,12.26172805,12.24303319,0.59127066,0.38738422,738183,390,0
1301,2017-11-06,3371,3378,3370.25,3376,15:04:00,09:32:00,LOD_FIRST,7,0.75,0.20765352,0.02224859,7.75,3,0,3373,7.75,12.24303319,11.92210225,0.57175374,0.06125933,590606,390,0
1302,2017-11-07,3377.75,3381.5,3368.75,3375.25,09:51:00,12:12:00,HOD_FIRST,3.75,9,0.11102065,0.26644956,12.75,1,0,3376,12.75,11.92210225,11.9812378,0.31454184,0.75490042,907283,390,0
1303,2017-11-08,3372.5,3380.5,3369.5,3379.5,15:40:00,09:52:00,LOD_FIRST,8,3,0.23721275,0.08895478,11,1,0,3375.25,11,11.9812378,11.91114939,0.66771064,0.25039149,772365,390,0
1304,2017-11-09,3365,3371.75,3351.25,3370,11:00:00,12:35:00,HOD_FIRST,6.75,13.75,0.20059435,0.40861813,20.5,1,0,3379.5,28.25,11.91114939,13.07821015,0.56669594,1.15438062,1706210,390,0
1305,2017-11-10,3365,3369.75,3361,3368.25,15:03:00,10:35:00,LOD_FIRST,4.75,4,0.14115899,0.11887073,8.75,1,0,3370,9,13.07821015,12.78690942,0.36319955,0.30585225,810694,390,0
1306,2017-11-13,3360.5,3373.5,3360,3371,15:26:00,09:31:00,LOD_FIRST,13,0.5,0.3868472,0.01487874,13.5,3,0,3368.25,13.5,12.78690942,12.83784446,1.01666474,0.03910249,721046,390,0
1307,2017-11-14,3361.5,3366.25,3352.25,3365,10:56:00,10:07:00,LOD_FIRST,4.75,9.25,0.14130596,0.27517477,14,1,0,3371,18.75,12.83784446,13.26014129,0.36999981,0.72052594,1270256,390,0
1308,2017-11-15,3354.25,3359.5,3343.5,3351.75,11:27:00,09:40:00,LOD_FIRST,5.25,10.75,0.15651785,0.32048893,16,1,0,3365,21.5,13.26014129,13.84870262,0.39592338,0.81070026,1392637,390,0
1309,2017-11-16,3362,3377.5,3361.75,3372.75,14:16:00,09:31:00,LOD_FIRST,15.5,0.25,0.4610351,0.00743605,15.75,1,0,3351.75,25.75,13.84870262,14.69879529,1.11923842,0.01805223,1145068,390,0
1310,2017-11-17,3368.75,3371.25,3364.25,3365.75,10:09:00,15:47:00,HOD_FIRST,2.5,4.5,0.0742115,0.13358071,7,1,0,3372.75,8.5,14.69879529,14.2560242,0.17008197,0.30614754,841249,390,0
1311,2017-11-20,3368,3372,3365,3369.5,15:08:00,09:31:00,LOD_FIRST,4,3,0.11876485,0.08907363,7,3,0,3365.75,7,14.2560242,13.73773676,0.28058314,0.21043735,655283,390,0
1312,2017-11-21,3378.25,3388.5,3377.25,3386,13:55:00,09:31:00,LOD_FIRST,10.25,1,0.30341153,0.02960112,11.25,1,0,3369.5,19,13.73773676,14.1136127,0.74611999,0.07279219,796537,390,0
1313,2017-11-22,3386.25,3387.75,3381.75,3383.5,09:35:00,13:24:00,HOD_FIRST,1.5,4.5,0.04429679,0.13289037,6,1,0,3386,6,14.1136127,13.53406894,0.10628037,0.31884111,531462,390,0
1314,2017-11-27,3389.75,3393.5,3385.75,3388.5,09:50:00,11:40:00,HOD_FIRST,3.75,4,0.11062763,0.1180028,7.75,5,0,3383.5,10,13.53406894,13.28163544,0.27707854,0.29555044,634425,390,0
1315,2017-11-28,3393.75,3415,3392.25,3414.5,15:23:00,09:49:00,LOD_FIRST,21.25,1.5,0.62615101,0.0441989,22.75,1,0,3388.5,26.5,13.28163544,14.22580434,1.59995357,0.1129379,1220609,390,0
1316,2017-11-29,3416,3422.25,3407.75,3413.25,09:59:00,12:05:00,HOD_FIRST,6.25,8.25,0.18296253,0.24151054,14.5,1,0,3414.5,14.5,14.22580434,14.24538975,0.43934247,0.57993206,1357961,390,0
1317,2017-11-30,3423.25,3446.5,3422.5,3434.75,12:49:00,09:54:00,LOD_FIRST,23.25,0.75,0.67917914,0.021909,24,1,0,3413.25,33.25,14.24538975,15.60286191,1.63210698,0.05264861,1814285,390,0
1318,2017-12-01,3433.25,3438.75,3393,3430,10:22:00,11:34:00,HOD_FIRST,5.5,40.25,0.16019806,1.17235855,45.75,1,0,3434.75,45.75,15.60286191,17.75622891,0.35249943,2.57965495,1937446,390,0
1319,2017-12-04,3448.25,3453.25,3426.25,3426.5,09:44:00,16:00:00,HOD_FIRST,5,22,0.14500109,0.63800479,27,3,0,3430,27,17.75622891,18.41649828,0.28159132,1.23900182,1309835,390,0
1320,2017-12-05,3429.75,3436.75,3415.5,3417,11:13:00,15:54:00,HOD_FIRST,7,14.25,0.20409651,0.41548218,21.25,1,0,3426.5,21.25,18.41649828,18.61889126,0.38009397,0.77376273,936449,390,0
1321,2017-12-06,3413.75,3422.5,3412,3417.25,14:37:00,10:40:00,LOD_FIRST,8.75,1.75,0.25631637,0.05126327,10.5,1,0,3417,10.5,18.61889126,18.03897045,0.4699528,0.09399056,750588,390,0
1322,2017-12-07,3415.75,3429.25,3414.25,3425.5,13:01:00,09:33:00,LOD_FIRST,13.5,1.5,0.39522799,0.04391422,15,1,0,3417.25,15,18.03897045,17.82190113,0.74837974,0.0831533,637689,390,0
1323,2017-12-08,3434.75,3440.25,3432,3439.75,16:00:00,10:18:00,LOD_FIRST,5.5,2.75,0.1601281,0.08006405,8.25,1,0,3425.5,14.75,17.82190113,17.60247963,0.30860905,0.15430453,319024,390,0
1324,2017-12-11,3440.5,3449,3439.5,3448.5,16:00:00,09:40:00,LOD_FIRST,8.5,1,0.24705711,0.02906554,9.5,3,0,3439.75,9.5,17.60247963,17.02373108,0.48288651,0.05681018,529305,390,0
1325,2017-12-12,3450.5,3458,3448.25,3452.5,12:16:00,09:37:00,LOD_FIRST,7.5,2.25,0.2173598,0.06520794,9.75,1,0,3448.5,9.75,17.02373108,16.50417886,0.44056147,0.13216844,732065,390,0
1326,2017-12-13,3455.25,3460.5,3451.25,3452,11:51:00,15:55:00,HOD_FIRST,5.25,4,0.1519427,0.11576586,9.25,1,0,3452.5,9.25,16.50417886,15.98602323,0.31810125,0.24236286,798971,390,0
1327,2017-12-14,3455.25,3456.25,3439.75,3440.25,09:36:00,14:30:00,HOD_FIRST,1,15.5,0.02894147,0.44859272,16.5,1,0,3452,16.5,15.98602323,16.02273585,0.06255464,0.96959699,959811,390,0
1328,2017-12-15,3451.75,3467.75,3451,3462.5,15:18:00,09:41:00,LOD_FIRST,16,0.75,0.46353299,0.02172811,16.75,1,0,3440.25,27.5,16.02273585,16.84254044,0.99858103,0.04680849,991574,390,0
1329,2017-12-18,3477.5,3483,3476.5,3479.75,09:41:00,09:31:00,LOD_FIRST,5.5,1,0.1581596,0.02875629,6.5,3,0,3462.5,20.5,16.84254044,17.10378755,0.32655406,0.05937347,769835,390,0
1330,2017-12-19,3482.25,3482.5,3468,3469.25,09:31:00,16:00:00,HOD_FIRST,0.25,14.25,0.00717927,0.40921818,14.5,1,0,3479.75,14.5,17.10378755,16.91780272,0.01461665,0.8331488,805713,390,0
1331,2017-12-20,3479.5,3480.5,3464,3467.75,09:31:00,10:45:00,HOD_FIRST,1,15.5,0.02873976,0.4454663,16.5,1,0,3469.25,16.5,16.91780272,16.88795967,0.05910933,0.91619463,748846,390,0
1332,2017-12-21,3474.25,3481,3469.75,3473.25,13:13:00,09:56:00,LOD_FIRST,6.75,4.5,0.19428654,0.12952436,11.25,1,0,3467.75,13.25,16.88795967,16.62810541,0.39969304,0.26646203,634089,390,0
1333,2017-12-22,3473.25,3474.5,3467.25,3473.75,16:00:00,11:34:00,LOD_FIRST,1.25,6,0.03598935,0.17274887,7.25,1,0,3473.25,7.25,16.62810541,15.95824074,0.07517393,0.36083485,452339,390,0
1334,2017-12-26,3470.5,3473.25,3469.25,3472,09:39:00,09:31:00,LOD_FIRST,2.75,1.25,0.0792393,0.03601786,4,4,0,3473.75,4.5,15.95824074,15.13979497,0.17232476,0.07832944,289712,390,0
1335,2017-12-27,3473.25,3476,3466.5,3469.75,11:02:00,15:39:00,HOD_FIRST,2.75,6.75,0.07917656,0.19434247,9.5,1,0,3472,9.5,15.13979497,14.73695247,0.1816405,0.44584488,489336,390,0
1336,2017-12-28,3473.25,3474,3468,3471.75,09:31:00,14:12:00,HOD_FIRST,0.75,5.25,0.02159361,0.15115526,6,1,0,3469.75,6,14.73695247,14.11288444,0.05089248,0.35624733,406292,390,0
1337,2017-12-29,3478.75,3479,3459.25,3462.5,09:31:00,16:00:00,HOD_FIRST,0.25,19.5,0.00718649,0.56054617,19.75,1,0,3471.75,19.75,14.11288444,14.51553555,0.01771431,1.38171613,740822,390,0
1338,2018-01-02,3472,3481,3466.75,3480.75,16:00:00,09:37:00,LOD_FIRST,9,5.25,0.25921659,0.15120968,14.25,4,0,3462.5,18.5,14.51553555,14.80014015,0.62002535,0.36168145,697102,390,0
1339,2018-01-03,3482.25,3499.25,3482,3497.5,15:47:00,09:31:00,LOD_FIRST,17,0.25,0.48819011,0.00717927,17.25,1,0,3480.75,18.5,14.80014015,15.06441586,1.14863777,0.01689173,874448,390,0
1340,2018-01-04,3504.25,3514,3503.25,3509,10:43:00,09:31:00,LOD_FIRST,9.75,1,0.27823357,0.02853678,10.75,1,0,3497.5,16.5,15.06441586,15.16695758,0.64722058,0.0663816,908056,390,0
1341,2018-01-05,3517.25,3528,3511.5,3526.25,16:00:00,09:40:00,LOD_FIRST,10.75,5.75,0.30563651,0.16347999,16.5,1,0,3509,19,15.16695758,15.44074633,0.70877761,0.37911361,825564,390,0
1342,2018-01-08,3525,3533.5,3522,3531.5,15:54:00,09:40:00,LOD_FIRST,8.5,3,0.24113475,0.08510638,11.5,3,0,3526.25,11.5,15.44074633,15.15926445,0.55049153,0.19429113,647086,390,0
1343,2018-01-09,3536,3545,3533,3538,14:01:00,09:53:00,LOD_FIRST,9,3,0.25452489,0.08484163,12,1,0,3531.5,13.5,15.15926445,15.04074556,0.59369635,0.19789878,899275,390,0
1344,2018-01-10,3529,3536.75,3521.5,3533.75,13:55:00,09:54:00,LOD_FIRST,7.75,7.5,0.21960895,0.21252479,15.25,1,0,3538,16.5,15.04074556,15.14497802,0.51526701,0.49864549,925434,390,0
1345,2018-01-11,3539.25,3553.5,3537.75,3553.25,16:00:00,09:35:00,LOD_FIRST,14.25,1.5,0.40262768,0.04238186,15.75,1,0,3533.75,19.75,15.14497802,15.47390816,0.94090595,0.09904273,761234,390,0
1346,2018-01-12,3556.25,3573.75,3555,3571.5,15:51:00,09:33:00,LOD_FIRST,17.5,1.25,0.49209139,0.03514938,18.75,1,0,3553.25,20.5,15.47390816,15.83291472,1.13093601,0.08078114,953986,390,0
1347,2018-01-16,3585.75,3593.5,3554.25,3562.75,09:56:00,14:47:00,HOD_FIRST,7.75,31.5,0.21613331,0.87847731,39.25,4,0,3571.5,39.25,15.83291472,17.50556367,0.48948663,1.98952628,1483048,390,0
1348,2018-01-17,3573.75,3594.5,3565.5,3589.5,15:07:00,09:49:00,LOD_FIRST,20.75,8.25,0.5806226,0.23084995,29,1,0,3562.75,31.75,17.50556367,18.52302341,1.18533744,0.47127874,1107925,390,0
1349,2018-01-18,3587.75,3592.75,3578.75,3585.25,14:37:00,11:46:00,LOD_FIRST,5,9,0.13936311,0.2508536,14,1,0,3589.5,14,18.52302341,18.1999503,0.26993433,0.4858818,919189,390,0
1350,2018-01-19,3591,3597.75,3584.5,3597.5,16:00:00,11:07:00,LOD_FIRST,6.75,6.5,0.18796992,0.18100808,13.25,1,0,3585.25,13.25,18.1999503,17.84638243,0.37088013,0.35714383,893780,390,0
1351,2018-01-22,3594.5,3620.5,3594.25,3620,16:00:00,09:31:00,LOD_FIRST,26,0.25,0.72332731,0.00695507,26.25,3,0,3597.5,26.25,17.84638243,18.44664082,1.45687789,0.01400844,849223,390,0
1352,2018-01-23,3620.5,3629.75,3617,3625.5,11:03:00,09:58:00,LOD_FIRST,9.25,3.5,0.25548957,0.09667173,12.75,1,0,3620,12.75,18.44664082,18.03973791,0.50144631,0.18973644,902391,390,0
1353,2018-01-24,3633,3640.25,3610.5,3624.25,10:38:00,13:20:00,HOD_FIRST,7.25,22.5,0.19955959,0.61932287,29.75,1,0,3625.5,29.75,18.03973791,18.8761852,0.40189054,1.2472465,1503106,390,0
1354,2018-01-25,3633.5,3635,3615.75,3624.75,09:31:00,15:13:00,HOD_FIRST,1.5,17.75,0.04128251,0.4885097,19.25,1,0,3624.25,19.25,18.8761852,18.90288626,0.07946521,0.94033831,1059072,390,0
1355,2018-01-26,3634.75,3658.25,3631.5,3658,16:00:00,09:35:00,LOD_FIRST,23.5,3.25,0.6465369,0.08941468,26.75,1,0,3624.75,33.5,18.90288626,19.94553724,1.24319639,0.17193142,903420,390,0
1356,2018-01-29,3651.25,3656.25,3636.5,3638,09:43:00,15:51:00,HOD_FIRST,5,14.75,0.1369394,0.40397124,19.75,3,0,3658,21.5,19.94553724,20.05657029,0.25068264,0.7395138,1045870,390,0
1357,2018-01-30,3616.75,3624.5,3603.5,3608.5,09:36:00,10:08:00,HOD_FIRST,7.75,13.25,0.21428078,0.36635101,21,1,0,3638,34.5,20.05657029,21.08824384,0.38640704,0.66063139,1535487,390,0
1358,2018-01-31,3618.75,3624.75,3598,3610.75,09:39:00,14:51:00,HOD_FIRST,6,20.75,0.16580311,0.57340242,26.75,1,0,3608.5,26.75,21.08824384,21.492655,0.28451871,0.98396055,1331879,390,0
1359,2018-02-01,3602,3621.75,3597.5,3607,13:07:00,15:42:00,HOD_FIRST,19.75,4.5,0.5483065,0.12493059,24.25,1,0,3610.75,24.25,21.492655,21.68960821,0.91891858,0.20937385,1167565,390,0
1360,2018-02-02,3591,3592.75,3543.75,3545,09:32:00,16:00:00,HOD_FIRST,1.75,47.25,0.04873294,1.31578947,49,1,0,3607,63.25,21.68960821,24.65820763,0.0806838,2.17846259,1865564,390,0
1361,2018-02-05,3524.25,3548,3420.5,3430.25,10:27:00,15:11:00,HOD_FIRST,23.75,103.75,0.67390225,2.94388877,127.5,3,0,3545,127.5,24.65820763,32.00404994,0.96316814,4.20752398,3038264,390,0
1362,2018-02-06,3386.75,3484.75,3374,3479.75,15:42:00,09:32:00,LOD_FIRST,98,12.75,2.89362959,0.37646711,110.75,1,0,3430.25,110.75,32.00404994,37.62876066,3.06211246,0.39838708,3162541,390,0
1363,2018-02-07,3472.25,3511.75,3463.75,3464,11:16:00,16:00:00,HOD_FIRST,39.5,8.5,1.1375909,0.24479804,48,1,0,3479.75,48,37.62876066,38.36956347,1.04972897,0.22589104,1874955,390,0
1364,2018-02-08,3467,3469,3362,3363.25,09:31:00,16:00:00,HOD_FIRST,2,105,0.05768676,3.02855495,107,1,0,3464,107,38.36956347,43.27173751,0.05212465,2.73654403,2496596,390,0
1365,2018-02-09,3394.5,3422.75,3315.25,3403.5,15:52:00,13:39:00,LOD_FIRST,28.25,79.25,0.83222861,2.33465901,107.5,1,0,3363.25,107.5,43.27173751,47.85947054,0.65285107,1.83144945,3104436,390,0
1366,2018-02-12,3424.5,3456.5,3405,3439,15:23:00,10:28:00,LOD_FIRST,32,19.5,0.93444298,0.56942619,51.5,3,0,3403.5,53,47.85947054,48.22665122,0.6686242,0.40744287,1636243,390,0
1367,2018-02-13,3425.75,3452.5,3419.25,3446.75,15:39:00,09:36:00,LOD_FIRST,26.75,6.5,0.78085091,0.18973947,33.25,1,0,3439,33.25,48.22665122,47.15689042,0.55467256,0.13478025,1094547,390,0
1368,2018-02-14,3430.25,3486.75,3427.75,3483.75,15:54:00,09:31:00,LOD_FIRST,56.5,2.5,1.64711027,0.07288099,59,1,0,3446.75,59,47.15689042,48.00282681,1.1981282,0.05301452,1446584,390,0
1369,2018-02-15,3501.75,3516.75,3473.5,3516.75,16:00:00,11:04:00,LOD_FIRST,15,28.25,0.42835725,0.80673949,43.25,1,0,3483.75,43.25,48.00282681,47.66333918,0.3124816,0.58850701,1226927,390,0
1370,2018-02-16,3509,3539.75,3508.75,3517.5,12:38:00,09:31:00,LOD_FIRST,30.75,0.25,0.87631804,0.00712454,31,1,0,3516.75,31,47.66333918,46.47310067,0.64514993,0.00524512,1308103,390,0
1371,2018-02-20,3505.75,3522.75,3490.75,3500.25,12:01:00,15:22:00,HOD_FIRST,17,15,0.48491764,0.4278685,32,4,0,3517.5,32,46.47310067,45.43930777,0.36580301,0.32276736,950676,390,0
1372,2018-02-21,3504.25,3532.75,3485.25,3485.25,14:26:00,16:00:00,HOD_FIRST,28.5,19,0.81329814,0.54219876,47.5,1,0,3500.25,47.5,45.43930777,45.58650007,0.62721026,0.41814017,1282763,390,0
1373,2018-02-22,3496.5,3516,3481.5,3488.25,12:05:00,15:51:00,HOD_FIRST,19.5,15,0.55770056,0.42900043,34.5,1,0,3485.25,34.5,45.58650007,44.79460721,0.42775822,0.32904478,1234110,390,0
1374,2018-02-23,3503.25,3532.5,3497.75,3532.5,16:00:00,10:32:00,LOD_FIRST,29.25,5.5,0.83493899,0.15699707,34.75,1,0,3488.25,44.25,44.79460721,44.75570669,0.65298039,0.12278264,908978,390,0
1375,2018-02-26,3544.5,3565.5,3537.75,3564.25,15:41:00,10:37:00,LOD_FIRST,21,6.75,0.5924672,0.19043589,27.75,3,0,3532.5,33,44.75570669,43.91601336,0.46921391,0.15081876,950158,390,0
1376,2018-02-27,3566.75,3574.75,3528.5,3528.5,10:25:00,16:00:00,HOD_FIRST,8,38.25,0.22429382,1.07240485,46.25,1,0,3564.25,46.25,43.91601336,44.08272669,0.1821659,0.8709807,1348829,390,0
1377,2018-02-28,3542.25,3547,3497.5,3498.5,10:01:00,16:00:00,HOD_FIRST,4.75,44.75,0.13409556,1.26332134,49.5,1,0,3528.5,49.5,44.08272669,44.46967478,0.10775196,1.01513684,1381162,390,0
1378,2018-03-01,3498.5,3516,3443.5,3461,10:37:00,14:16:00,HOD_FIRST,17.5,55,0.50021438,1.57210233,72.5,1,0,3498.5,72.5,44.46967478,46.47184087,0.3935266,1.23679789,2301190,390,0
1379,2018-03-02,3441.5,3481,3432,3474.75,15:58:00,09:46:00,LOD_FIRST,39.5,9.5,1.14775534,0.27604242,49,1,0,3461,49,46.47184087,46.65242366,0.84997709,0.20442487,1652238,390,0
1380,2018-03-05,3461,3512.75,3459.5,3506.25,15:46:00,10:15:00,LOD_FIRST,51.75,1.5,1.49523259,0.04334008,53.25,3,0,3474.75,53.25,46.65242366,47.12367912,1.10926713,0.03215267,1322889,390,0
1381,2018-03-06,3516.5,3517.75,3495.25,3512.5,09:31:00,11:42:00,HOD_FIRST,1.25,21.25,0.03554671,0.60429404,22.5,1,0,3506.25,22.5,47.12367912,45.36484489,0.02652594,0.45094102,1080963,390,0
1382,2018-03-07,3487.5,3515.25,3485.25,3511,15:46:00,09:31:00,LOD_FIRST,27.75,2.25,0.79569892,0.06451613,30,1,0,3512.5,30,45.36484489,44.26735597,0.61170715,0.04959788,1204846,390,0
1383,2018-03-08,3518.5,3525.5,3507,3524,15:21:00,13:46:00,LOD_FIRST,7,11.5,0.19894842,0.32684383,18.5,1,0,3511,18.5,44.26735597,42.42683055,0.15813007,0.25978511,869536,390,0
1384,2018-03-09,3540,3572,3536.5,3571.5,16:00:00,09:38:00,LOD_FIRST,32,3.5,0.9039548,0.09887006,35.5,1,0,3524,48,42.42683055,42.82491408,0.7542397,0.08249497,587009,390,0
1385,2018-03-12,3575,3582.25,3564,3567.75,09:51:00,11:29:00,HOD_FIRST,7.25,11,0.2027972,0.30769231,18.25,3,0,3571.5,18.25,42.82491408,41.06956307,0.16929398,0.25685983,322439,390,0
1386,2018-03-13,3581.25,3587,3542.25,3549,09:49:00,15:50:00,HOD_FIRST,5.75,39,0.16055846,1.08900524,44.75,1,0,3567.75,44.75,41.06956307,41.33245143,0.14000636,0.94960835,1200852,390,0
1387,2018-03-14,3560,3562.25,3528,3534,09:31:00,15:42:00,HOD_FIRST,2.25,32,0.06320225,0.8988764,34.25,1,0,3549,34.25,41.33245143,40.82656204,0.05443665,0.77421007,1262800,390,0
1388,2018-03-15,3539.75,3547,3525.5,3531,11:27:00,14:01:00,HOD_FIRST,7.25,14.25,0.20481672,0.4025708,21.5,1,0,3534,21.5,40.82656204,39.44609332,0.17758047,0.34903747,946442,390,0
1389,2018-03-16,3536,3546,3533.25,3533.5,11:34:00,16:00:00,HOD_FIRST,10,2.75,0.28280543,0.07777149,12.75,1,0,3531,15,39.44609332,37.6999438,0.25351053,0.0697154,839178,390,0
1390,2018-03-19,3524.75,3525,3477,3496,09:31:00,14:43:00,HOD_FIRST,0.25,47.75,0.0070927,1.35470601,48,3,0,3533.5,56.5,37.6999438,39.04280495,0.00663131,1.26658014,1654579,390,0
1391,2018-03-20,3500.25,3507.5,3492.5,3500.25,09:46:00,14:01:00,HOD_FIRST,7.25,7.75,0.20712806,0.22141276,15,1,0,3496,15,39.04280495,37.32546174,0.18569363,0.19850008,840264,390,0
1392,2018-03-21,3500,3523.75,3492.25,3494.5,14:01:00,14:52:00,HOD_FIRST,23.75,7.75,0.67857143,0.22142857,31.5,1,0,3500.25,31.5,37.32546174,36.90935733,0.63629487,0.20763306,1192725,390,0
1393,2018-03-22,3468.25,3478,3421.75,3425.25,10:15:00,15:47:00,HOD_FIRST,9.75,46.5,0.2811216,1.3407338,56.25,1,0,3494.5,72.75,36.90935733,39.46940324,0.26416065,1.25984312,2043034,390,0
1394,2018-03-23,3429.75,3438.5,3365.75,3367.5,09:35:00,15:54:00,HOD_FIRST,8.75,64,0.25512064,1.86602522,72.75,1,0,3425.25,72.75,39.46940324,41.84658872,0.22169071,1.62150919,2188888,390,0
1395,2018-03-26,3409.5,3442.5,3381.75,3439.75,15:51:00,11:22:00,LOD_FIRST,33,27.75,0.96788385,0.81390233,60.75,3,0,3367.5,75,41.84658872,44.21468953,0.78859475,0.66313649,1751899,390,0
1396,2018-03-27,3450.25,3455.75,3375.75,3393,12:05:00,15:48:00,HOD_FIRST,5.5,74.5,0.15940874,2.15926382,80,1,0,3439.75,80,44.21468953,46.77078313,0.12439305,1.68496038,2034848,390,0
1397,2018-03-28,3394.5,3413.5,3372.75,3384.75,12:21:00,10:48:00,LOD_FIRST,19,21.75,0.55972897,0.64074238,40.75,1,0,3393,40.75,46.77078313,46.34072719,0.40623652,0.46503391,2247013,390,0
1398,2018-03-29,3397.25,3439.25,3389,3421.5,15:14:00,09:58:00,LOD_FIRST,42,8.25,1.23629406,0.24284348,50.25,1,0,3384.75,54.5,46.34072719,46.92353239,0.90633019,0.17802914,1619765,390,0
1399,2018-04-02,3411.75,3417.75,3331.75,3359.5,09:40:00,14:06:00,HOD_FIRST,6,80,0.17586283,2.34483769,86,4,0,3421.5,89.75,46.92353239,49.98256579,0.12786761,1.70490148,2100043,390,0
1400,2018-04-03,3373.75,3398.5,3353.25,3393.75,15:12:00,10:21:00,LOD_FIRST,24.75,20.5,0.73360504,0.60763246,45.25,1,0,3359.5,45.25,49.98256579,49.64452538,0.49517266,0.41014301,1821032,390,0
1401,2018-04-04,3352.25,3429.5,3351,3423,15:54:00,09:31:00,LOD_FIRST,77.25,1.25,2.3044224,0.03728839,78.5,1,0,3393.75,78.5,49.64452538,51.70563071,1.55606282,0.02517901,1681667,390,0
1402,2018-04-05,3440.5,3452,3428.75,3442.25,12:00:00,13:44:00,HOD_FIRST,11.5,11.75,0.33425374,0.34152013,23.25,1,0,3423,29,51.70563071,50.08379995,0.22241291,0.22724798,1247899,390,0
1403,2018-04-06,3419.25,3436.5,3364.25,3382.5,09:54:00,15:07:00,HOD_FIRST,17.25,55,0.5044966,1.60853988,72.25,1,0,3442.25,78,50.08379995,52.07781424,0.34442275,1.09815949,1940728,390,0
1404,2018-04-09,3398.5,3433.5,3390.25,3393.5,13:58:00,15:59:00,HOD_FIRST,35,8.25,1.02986612,0.24275416,43.25,3,0,3382.5,51,52.07781424,52.0008275,0.67207122,0.15841679,1380554,390,0
1405,2018-04-10,3427.5,3446,3414.75,3436.25,15:21:00,12:28:00,LOD_FIRST,18.5,12.75,0.53975201,0.37199125,31.25,1,0,3393.5,52.5,52.0008275,52.03648268,0.35576357,0.24518841,1519821,390,0
1406,2018-04-11,3419.25,3441,3418.25,3422.25,12:12:00,09:31:00,LOD_FIRST,21.75,1,0.63610441,0.02924618,22.75,1,0,3436.25,22.75,52.03648268,49.94459106,0.41797598,0.01921729,1237283,390,0
1407,2018-04-12,3436.75,3454.75,3434.75,3443.5,15:27:00,09:32:00,LOD_FIRST,18,2,0.52375064,0.05819452,20,1,0,3422.25,32.5,49.94459106,48.69854884,0.36039939,0.04004438,1042019,390,0
1408,2018-04-13,3458.5,3460.25,3424.5,3436,09:33:00,15:20:00,HOD_FIRST,1.75,34,0.05059997,0.98308515,35.75,1,0,3443.5,35.75,48.69854884,47.7736525,0.03593536,0.69817275,1392040,390,0
1409,2018-04-16,3455,3466.75,3445.75,3457.75,13:16:00,09:43:00,LOD_FIRST,11.75,9.25,0.34008683,0.26772793,21,3,0,3436,30.75,47.7736525,46.55767732,0.24595147,0.19362137,917023,390,0
1410,2018-04-17,3478,3493.5,3472.25,3486.25,15:38:00,09:38:00,LOD_FIRST,15.5,5.75,0.44565842,0.1653249,21.25,1,0,3457.75,35.75,46.55767732,45.78570037,0.33292039,0.12350272,960453,390,0
1411,2018-04-18,3491.5,3497.75,3483.5,3488.5,11:10:00,10:15:00,LOD_FIRST,6.25,8,0.17900616,0.22912788,14.25,1,0,3486.25,14.25,45.78570037,43.53315034,0.1365055,0.17472704,795973,390,0
1412,2018-04-19,3480.5,3483.25,3461.25,3473,10:36:00,13:37:00,HOD_FIRST,2.75,19.25,0.07901164,0.55308145,22,1,0,3488.5,27.25,43.53315034,42.37006817,0.06317025,0.44219175,1292523,390,0
1413,2018-04-20,3472,3474.5,3439.5,3450.5,09:31:00,15:20:00,HOD_FIRST,2.5,32.5,0.07200461,0.93605991,35,1,0,3473,35,42.37006817,41.84363473,0.05900392,0.76705093,1305885,390,0
1414,2018-04-23,3456.75,3462.75,3437,3449.5,11:14:00,14:56:00,HOD_FIRST,6,19.75,0.17357344,0.57134592,25.75,3,0,3450.5,25.75,41.84363473,40.6940894,0.14339098,0.47199533,975466,390,0
1415,2018-04-24,3460.75,3463.5,3395.75,3413.5,09:48:00,14:40:00,HOD_FIRST,2.75,65,0.07946254,1.87820559,67.75,1,0,3449.5,67.75,40.6940894,42.62665444,0.06757738,1.59728356,2044380,390,0
1416,2018-04-25,3412,3424,3391,3418.5,15:02:00,09:46:00,LOD_FIRST,12,21,0.35169988,0.61547479,33,1,0,3413.5,33,42.62665444,41.93903626,0.281514,0.4926495,1512410,390,0
1417,2018-04-26,3430.75,3455.25,3425.25,3446,15:05:00,09:37:00,LOD_FIRST,24.5,5.5,0.71412956,0.1603148,30,1,0,3418.5,36.75,41.93903626,41.56839082,0.58418128,0.13114274,978606,390,0
1418,2018-04-27,3452.5,3456,3437.5,3448.75,09:33:00,10:56:00,HOD_FIRST,3.5,15,0.10137581,0.43446778,18.5,1,0,3446,18.5,41.56839082,39.92064862,0.08419859,0.36085111,916818,390,0
1419,2018-04-30,3454.75,3461.5,3425.5,3426.25,09:48:00,16:00:00,HOD_FIRST,6.75,29.25,0.19538317,0.8466604,36,3,0,3448.75,36,39.92064862,39.64060229,0.16908543,0.73270353,1049288,390,0
1420,2018-05-01,3421,3432.75,3403,3431.5,15:58:00,13:10:00,LOD_FIRST,11.75,18,0.34346682,0.52616194,29.75,1,0,3426.25,29.75,39.64060229,38.93413069,0.29641326,0.45407988,1093061,390,0
1421,2018-05-02,3429,3438.25,3408.75,3413,14:13:00,15:54:00,HOD_FIRST,9.25,20.25,0.26975795,0.59055118,29.5,1,0,3431.5,29.5,38.93413069,38.26026422,0.23758075,0.52010921,1118301,390,0
1422,2018-05-03,3403.25,3414.5,3371,3407.25,14:39:00,10:57:00,LOD_FIRST,11.25,32.25,0.33056637,0.9476236,43.5,1,0,3413,43.5,38.26026422,38.63453106,0.29403874,0.84291106,1818721,390,0
1423,2018-05-04,3395.5,3449.25,3392,3441.5,14:46:00,09:34:00,LOD_FIRST,53.75,3.5,1.58297747,0.1030776,57.25,1,0,3407.25,57.25,38.63453106,39.96420741,1.39124246,0.09059253,1262359,390,0
1424,2018-05-07,3450.25,3461.25,3442.25,3450.5,14:35:00,15:24:00,HOD_FIRST,11,8,0.31881748,0.23186726,19,3,0,3441.5,19.75,39.96420741,38.52033545,0.27524629,0.20017912,903751,390,0
1425,2018-05-08,3446,3454,3432,3449.25,11:17:00,14:43:00,HOD_FIRST,8,14,0.23215322,0.40626814,22,1,0,3450.5,22,38.52033545,37.34031149,0.20768251,0.36344439,1045754,390,0
1426,2018-05-09,3457.25,3479.75,3451.75,3476,14:14:00,10:59:00,LOD_FIRST,22.5,5.5,0.65080628,0.15908598,28,1,0,3449.25,30.5,37.34031149,36.85171781,0.60256594,0.1472939,977198,390,0
1427,2018-05-10,3483.75,3504.75,3482.75,3501.25,13:12:00,09:35:00,LOD_FIRST,21,1,0.60279871,0.0287047,22,1,0,3476,28.75,36.85171781,36.27302368,0.56985132,0.02713578,936422,390,0
1428,2018-05-11,3502,3512.25,3496.5,3506.5,11:01:00,14:15:00,HOD_FIRST,10.25,5.5,0.29268989,0.15705311,15.75,1,0,3501.25,15.75,36.27302368,34.80709342,0.28257914,0.15162783,813793,390,0
1429,2018-05-14,3513.75,3521,3504,3509.5,10:36:00,14:18:00,HOD_FIRST,7.25,9.75,0.20633227,0.27748132,17,3,0,3506.5,17,34.80709342,33.53515818,0.20829088,0.28011532,718124,390,0
1430,2018-05-15,3495.5,3496.75,3480.25,3489.25,09:31:00,15:28:00,HOD_FIRST,1.25,15.25,0.03576026,0.43627521,16.5,1,0,3509.5,29.25,33.53515818,33.22907545,0.03727431,0.45474663,1190877,390,0
1431,2018-05-16,3490.75,3507.75,3490.75,3502,15:00:00,09:31:00,LOD_FIRST,17,0,0.48700136,0,17,1,0,3489.25,18.5,33.22907545,32.17699863,0.51160015,0,812816,390,0
1432,2018-05-17,3499.25,3511.75,3490.75,3499.25,10:55:00,14:05:00,HOD_FIRST,12.5,8.5,0.3572194,0.24290919,21,1,0,3502,21,32.17699863,31.37864159,0.38847626,0.26416385,870134,390,0
1433,2018-05-18,3496.25,3499.5,3488.5,3492.75,11:45:00,10:41:00,LOD_FIRST,3.25,7.75,0.09295674,0.22166607,11,1,0,3499.25,11,31.37864159,29.92302433,0.10357364,0.24698329,756124,390,0
1434,2018-05-21,3508.75,3519,3505,3512.25,10:43:00,11:36:00,HOD_FIRST,10.25,3.75,0.29212683,0.10687567,14,3,0,3492.75,26.25,29.92302433,29.66066545,0.34254559,0.12532156,736256,390,0
1435,2018-05-22,3518.75,3521.5,3501.25,3504.25,09:37:00,15:54:00,HOD_FIRST,2.75,17.5,0.07815275,0.4973357,20.25,1,0,3512.25,20.25,29.66066545,28.98847506,0.09271538,0.59000699,707894,390,0
1436,2018-05-23,3490,3512.5,3488.25,3512,16:00:00,10:54:00,LOD_FIRST,22.5,1.75,0.64469914,0.05014327,24.25,1,0,3504.25,24.25,28.98847506,28.65001256,0.77617053,0.06036882,949110,390,0
1437,2018-05-24,3507,3510.25,3485.5,3506.5,09:44:00,11:02:00,HOD_FIRST,3.25,21.5,0.0926718,0.6130596,24.75,1,0,3512,26.5,28.65001256,28.49644023,0.113438,0.75043597,1004616,390,0
1438,2018-05-25,3499.75,3506.75,3493.5,3499.5,10:32:00,14:46:00,HOD_FIRST,7,6.25,0.20001429,0.17858418,13.25,1,0,3506.5,13.25,28.49644023,27.40740879,0.24564472,0.21932564,715330,390,0
1439,2018-05-29,3480.5,3489.25,3454.75,3468,10:10:00,15:01:00,HOD_FIRST,8.75,25.75,0.25140066,0.73983623,34.5,4,0,3499.5,44.75,27.40740879,28.6461653,0.31925674,0.93952698,1437396,390,0
1440,2018-05-30,3483,3509,3481.5,3503.25,14:35:00,10:03:00,LOD_FIRST,26,1.5,0.74648292,0.04306632,27.5,1,0,3468,41,28.6461653,29.52858207,0.90762585,0.05236303,1032645,390,0
1441,2018-05-31,3499.5,3502.25,3479.5,3485.25,11:43:00,14:03:00,HOD_FIRST,2.75,20,0.07858265,0.57151022,22.75,1,0,3503.25,23.75,29.52858207,29.1158262,0.09313011,0.67730987,1290437,390,0
1442,2018-06-01,3501.25,3516.75,3500.25,3513.5,13:26:00,09:31:00,LOD_FIRST,15.5,1,0.44269904,0.02856123,16.5,1,0,3485.25,31.5,29.1158262,29.28612433,0.53235652,0.03434558,869222,390,0
1443,2018-06-04,3522,3529,3519.5,3526.25,09:44:00,09:31:00,LOD_FIRST,7,2.5,0.19875071,0.0709824,9.5,3,0,3513.5,15.5,29.28612433,28.30140117,0.23902104,0.08536466,591129,390,0
1444,2018-06-05,3527.25,3532.25,3518.75,3528.75,10:08:00,11:49:00,HOD_FIRST,5,8.5,0.14175349,0.24098093,13.5,1,0,3526.25,13.5,28.30140117,27.24415822,0.1766697,0.30033849,749928,390,0
1445,2018-06-06,3534.5,3551.75,3527.75,3551.5,16:00:00,10:48:00,LOD_FIRST,17.25,6.75,0.4880464,0.19097468,24,1,0,3528.75,24,27.24415822,27.01243264,0.63316326,0.24775954,908915,390,0
1446,2018-06-07,3556,3559.25,3539.75,3549.25,09:54:00,13:42:00,HOD_FIRST,3.25,16.25,0.09139483,0.45697413,19.5,1,0,3551.5,19.5,27.01243264,26.47583031,0.12031497,0.60157485,1041041,390,0
1447,2018-06-08,3545,3559,3543,3557.5,15:51:00,09:53:00,LOD_FIRST,14,2,0.39492243,0.05641749,16,1,0,3549.25,16,26.47583031,25.72755671,0.52878417,0.0755406,498758,390,0
1448,2018-06-11,3560.5,3570.25,3559,3561,13:15:00,09:32:00,LOD_FIRST,9.75,1.5,0.27383794,0.04212891,11.25,3,0,3557.5,12.75,25.72755671,24.80058838,0.37897108,0.05830324,259310,390,0
1449,2018-06-12,3566.5,3569.75,3558.5,3566.5,12:03:00,15:01:00,HOD_FIRST,3.25,8,0.09112575,0.22430955,11.25,1,0,3561,11.25,24.80058838,23.83268921,0.13104528,0.32257299,599105,390,0
1450,2018-06-13,3568.25,3571.75,3554.5,3555.5,11:33:00,16:00:00,HOD_FIRST,3.5,13.75,0.0980873,0.38534296,17.25,1,0,3566.5,17.25,23.83268921,23.36249712,0.14685712,0.57693867,814026,390,0
1451,2018-06-14,3566,3569.75,3556.75,3564,10:07:00,11:02:00,HOD_FIRST,3.75,9.25,0.10515984,0.25939428,13,1,0,3555.5,14.25,23.36249712,22.71160447,0.16051366,0.3959337,811638,390,0
1452,2018-06-15,3554.75,3563.25,3541.25,3560,14:35:00,10:39:00,LOD_FIRST,8.5,13.5,0.23911667,0.37977354,22,1,0,3564,22.75,22.71160447,22.71434701,0.37425801,0.59440979,1022601,390,0
1453,2018-06-18,3542.25,3554.75,3537,3553.5,15:51:00,09:36:00,LOD_FIRST,12.5,5.25,0.35288305,0.14821088,17.75,3,0,3560,23,22.71434701,22.73475079,0.55031298,0.23113145,720150,390,0
1454,2018-06-19,3526.25,3544.75,3522,3542,14:59:00,10:41:00,LOD_FIRST,18.5,4.25,0.52463665,0.12052464,22.75,1,0,3553.5,31.5,22.73475079,23.36084002,0.81373225,0.18693849,1119552,390,0
1455,2018-06-20,3549.75,3554,3542.75,3547.25,12:51:00,10:33:00,LOD_FIRST,4.25,7,0.11972674,0.19719699,11.25,1,0,3542,12,23.36084002,22.54935145,0.18192839,0.29964676,769761,390,0
1456,2018-06-21,3545.75,3546.25,3522.75,3528,09:31:00,15:46:00,HOD_FIRST,0.5,23,0.01410139,0.64866389,23.5,1,0,3547.25,24.5,22.54935145,22.68868349,0.02217359,1.01998499,1136231,390,0
1457,2018-06-22,3543,3544.25,3531,3532.75,09:31:00,16:00:00,HOD_FIRST,1.25,12,0.03528084,0.33869602,13.25,1,0,3528,16.25,22.68868349,22.22877752,0.05509354,0.52889803,818578,390,0
1458,2018-06-25,3520.25,3522,3476.25,3494.25,09:35:00,14:55:00,HOD_FIRST,1.75,44,0.04971238,1.24991123,45.75,3,0,3532.75,56.5,22.22877752,24.67672199,0.07872678,1.97941609,1809616,390,0
1459,2018-06-26,3501.25,3511,3493,3500.75,13:21:00,10:48:00,LOD_FIRST,9.75,8.25,0.27847197,0.23563013,18,1,0,3494.25,18,24.67672199,24.19981327,0.3951092,0.33432317,1071530,390,0
1460,2018-06-27,3507.5,3523.75,3476.75,3476.75,10:41:00,16:00:00,HOD_FIRST,16.25,30.75,0.46329294,0.8766928,47,1,0,3500.75,47,24.19981327,25.82839804,0.67149278,1.27067096,1540408,390,0
1461,2018-06-28,3477,3502,3469.25,3494.5,15:15:00,10:38:00,LOD_FIRST,25,7.75,0.71901064,0.2228933,32.75,1,0,3476.75,32.75,25.82839804,26.32279818,0.96792685,0.30005732,1234109,390,0
1462,2018-06-29,3505.25,3521.25,3496.25,3497,11:12:00,16:00:00,HOD_FIRST,16,9,0.45645817,0.25675772,25,1,0,3494.5,26.75,26.32279818,26.3533126,0.60783811,0.34190894,1114847,390,0
1463,2018-07-02,3478.75,3504.25,3476.25,3503.75,16:00:00,09:32:00,LOD_FIRST,25.5,2.5,0.73302192,0.07186489,28,3,0,3497,28,26.3533126,26.47093312,0.96762029,0.09486473,872936,390,0
1464,2018-07-05,3505.5,3515.25,3492.75,3514.25,15:55:00,10:57:00,LOD_FIRST,9.75,12.75,0.27813436,0.36371416,22.5,3,0,3503.75,22.5,26.47093312,26.18729504,0.36832853,0.48166039,797988,390,0
1465,2018-07-06,3514.75,3542,3510.25,3537.25,15:27:00,09:33:00,LOD_FIRST,27.25,4.5,0.77530408,0.12803187,31.75,1,0,3514.25,31.75,26.18729504,26.58463111,1.04058094,0.17183905,901820,390,0
1466,2018-07-09,3549.25,3563,3548.5,3562.25,16:00:00,10:19:00,LOD_FIRST,13.75,0.75,0.38740579,0.02113122,14.5,3,0,3537.25,25.75,26.58463111,26.5250146,0.51721613,0.02821179,735759,390,0
1467,2018-07-10,3567.5,3573.5,3564.25,3572,10:47:00,13:49:00,HOD_FIRST,6,3.25,0.168185,0.09110021,9.25,1,0,3562.25,11.25,26.5250146,25.43394213,0.22620157,0.12252585,666673,390,0
1468,2018-07-11,3554.25,3563.5,3548,3551.75,10:31:00,14:12:00,HOD_FIRST,9.25,6.25,0.26025181,0.17584582,15.5,1,0,3572,24,25.43394213,25.33151769,0.36368723,0.24573462,918902,390,0
1469,2018-07-12,3565.25,3576.75,3558.5,3575.5,16:00:00,09:48:00,LOD_FIRST,11.5,6.75,0.32255803,0.18932754,18.25,1,0,3551.75,25,25.33151769,25.30783786,0.45397991,0.26646647,825551,390,0
1470,2018-07-13,3574.5,3582,3569,3578.5,11:26:00,09:57:00,LOD_FIRST,7.5,5.5,0.20981956,0.15386767,13,1,0,3575.5,13,25.30783786,24.42870658,0.29635088,0.21732398,705951,390,0
1471,2018-07-16,3578.75,3580.5,3570.75,3575,09:33:00,11:01:00,HOD_FIRST,1.75,8,0.04889976,0.22354174,9.75,3,0,3578.5,9.75,24.42870658,23.38022754,0.07163703,0.32748357,589651,390,0
1472,2018-07-17,3567.25,3591.5,3566.5,3587.25,15:45:00,09:31:00,LOD_FIRST,24.25,0.75,0.67979536,0.0210246,25,1,0,3575,25,23.38022754,23.49592557,1.0372012,0.03207839,811429,390,0
1473,2018-07-18,3587.5,3594,3582.5,3593,15:58:00,10:17:00,LOD_FIRST,6.5,5,0.18118467,0.13937282,11.5,1,0,3587.25,11.5,23.49592557,22.63907375,0.27664371,0.21280285,637219,390,0
1474,2018-07-19,3584.5,3589,3576,3580.75,14:08:00,09:57:00,LOD_FIRST,4.5,8.5,0.12554052,0.2371321,13,1,0,3593,17,22.63907375,22.23628277,0.19877138,0.37545706,845819,390,0
1475,2018-07-20,3579,3586.25,3576.5,3578.5,11:32:00,14:36:00,HOD_FIRST,7.25,2.5,0.20257055,0.06985191,9.75,1,0,3580.75,9.75,22.23628277,21.34440543,0.3260437,0.11242886,632115,390,0
1476,2018-07-23,3575.75,3585.25,3571.75,3583.75,14:19:00,10:32:00,LOD_FIRST,9.5,4,0.26567853,0.11186464,13.5,3,0,3578.5,13.5,21.34440543,20.78409075,0.4450815,0.18740274,603733,390,0
1477,2018-07-24,3599,3607,3587.75,3596.25,10:26:00,14:06:00,HOD_FIRST,8,11.25,0.22228397,0.31258683,19.25,1,0,3583.75,23.25,20.78409075,20.96022713,0.38490979,0.54127939,1074235,390,0
1478,2018-07-25,3594.75,3625.25,3594,3622.75,15:51:00,09:31:00,LOD_FIRST,30.5,0.75,0.84845956,0.02086376,31.25,1,0,3596.25,31.25,20.96022713,21.6952109,1.4551369,0.03578206,1004808,390,0
1479,2018-07-26,3612.75,3622.25,3611.75,3613.5,12:02:00,09:31:00,LOD_FIRST,9.5,1,0.26295758,0.02767975,10.5,1,0,3622.75,11,21.6952109,20.93126727,0.43788466,0.04609312,730555,390,0
1480,2018-07-27,3617.5,3619,3584.5,3595,09:31:00,13:02:00,HOD_FIRST,1.5,33,0.0414651,0.9122322,34.5,1,0,3613.5,34.5,20.93126727,21.90046246,0.07166312,1.57658873,1230031,390,0
1481,2018-07-30,3595.5,3597.5,3574,3578.75,09:32:00,12:50:00,HOD_FIRST,2,21.5,0.05562509,0.59796968,23.5,3,0,3595,23.5,21.90046246,22.01471514,0.09132227,0.98171443,932602,390,0
1482,2018-07-31,3588.75,3600.75,3584.25,3592.25,12:26:00,10:22:00,LOD_FIRST,12,4.5,0.33437827,0.12539185,16.5,1,0,3578.75,22,22.01471514,22.01366406,0.54508995,0.20440873,974520,390,0
1483,2018-08-01,3595.25,3601.5,3581.25,3589,10:47:00,14:13:00,HOD_FIRST,6.25,14,0.17384048,0.38940268,20.25,1,0,3592.25,20.25,22.01366406,21.88768806,0.28391457,0.63596864,804755,390,0
1484,2018-08-02,3573.25,3605.25,3570.75,3602.25,15:49:00,09:31:00,LOD_FIRST,32,2.5,0.89554327,0.06996432,34.5,1,0,3589,34.5,21.88768806,22.78856748,1.46200914,0.11421946,892554,390,0
1485,2018-08-03,3604.75,3616,3602.75,3615.5,15:23:00,09:56:00,LOD_FIRST,11.25,2,0.31208822,0.05548235,13.25,1,0,3602.25,13.75,22.78856748,22.14295552,0.49366859,0.08776331,618841,390,0
1486,2018-08-06,3614.5,3629.25,3611.25,3626.25,13:17:00,09:37:00,LOD_FIRST,14.75,3.25,0.40807857,0.08991562,18,3,0,3615.5,18,22.14295552,21.84703013,0.66612607,0.14677354,591771,390,0
1487,2018-08-07,3632.75,3639.5,3631.5,3634.5,10:40:00,09:31:00,LOD_FIRST,6.75,1.25,0.18580965,0.03440919,8,1,0,3626.25,13.25,21.84703013,21.23295654,0.30896648,0.05721601,593516,390,0
1488,2018-08-08,3632.75,3638.25,3628.75,3633.5,15:35:00,10:36:00,LOD_FIRST,5.5,4,0.15140045,0.11010942,9.5,1,0,3634.5,9.5,21.23295654,20.39488822,0.25903128,0.18838639,545242,390,0
1489,2018-08-09,3633.75,3638.5,3628,3629.25,10:45:00,15:54:00,HOD_FIRST,4.75,5.75,0.13071895,0.15823873,10.5,1,0,3633.5,10.5,20.39488822,19.68811049,0.2329015,0.28193339,528578,390,0
1490,2018-08-10,3612.75,3618.75,3601.75,3609.5,11:36:00,15:03:00,HOD_FIRST,6,11,0.16607847,0.3044772,17,1,0,3629.25,27.5,19.68811049,20.2461026,0.30475245,0.55871283,1013484,390,0
1491,2018-08-13,3612.75,3619.5,3595.75,3598.5,10:26:00,13:04:00,HOD_FIRST,6.75,17,0.18683828,0.47055567,23.75,3,0,3609.5,23.75,20.2461026,20.49638098,0.3333975,0.83966778,931075,390,0
1492,2018-08-14,3606.75,3619.25,3602.5,3616.5,14:01:00,10:06:00,LOD_FIRST,12.5,4.25,0.3465724,0.11783462,16.75,1,0,3598.5,20.75,20.49638098,20.51449663,0.60986376,0.20735368,760983,390,0
1493,2018-08-15,3601,3602.5,3578.75,3595,09:40:00,10:57:00,HOD_FIRST,1.5,22.25,0.0416551,0.61788392,23.75,1,0,3616.5,37.75,20.51449663,21.74560401,0.07311903,1.08459888,1491560,390,0
1494,2018-08-16,3610.75,3627.5,3610.5,3618.25,12:14:00,09:31:00,LOD_FIRST,16.75,0.25,0.46389254,0.00692377,17,1,0,3595,32.5,21.74560401,22.51377515,0.77027063,0.01149658,920066,390,0
1495,2018-08-17,3615.25,3632.75,3610.75,3627.5,14:56:00,10:27:00,LOD_FIRST,17.5,4.5,0.48406058,0.12447272,22,1,0,3618.25,22,22.51377515,22.47707693,0.77730189,0.19987763,918866,390,0
1496,2018-08-20,3632.5,3636.5,3627.25,3633.75,15:45:00,10:56:00,LOD_FIRST,4,5.25,0.110117,0.14452856,9.25,3,0,3627.5,9.25,22.47707693,21.53228572,0.17795908,0.2335713,597981,390,0
1497,2018-08-21,3639.25,3649.75,3637.75,3639.25,12:53:00,15:51:00,HOD_FIRST,10.5,1.5,0.28852099,0.04121728,12,1,0,3633.75,16,21.53228572,21.13712245,0.48763982,0.06966283,825134,390,0
1498,2018-08-22,3635.25,3644,3632,3638.5,11:44:00,10:03:00,LOD_FIRST,8.75,3.25,0.24069871,0.08940238,12,1,0,3639.25,12,21.13712245,20.48447085,0.41396363,0.15375792,682873,390,0
1499,2018-08-23,3635.5,3645.5,3630.5,3633.75,10:33:00,11:41:00,HOD_FIRST,10,5,0.27506533,0.13753266,15,1,0,3638.5,15,20.48447085,20.09272293,0.48817468,0.24408734,860179,390,0
1500,2018-08-24,3640.5,3653,3639.75,3651.25,13:06:00,09:47:00,LOD_FIRST,12.5,0.75,0.34335943,0.02060157,13.25,1,0,3633.75,19.25,20.09272293,20.03252844,0.62211578,0.03732695,802591,390,0
1501,2018-08-27,3664.25,3675,3662.75,3673.5,12:42:00,09:39:00,LOD_FIRST,10.75,1.5,0.29337518,0.04093607,12.25,3,0,3651.25,23.75,20.03252844,20.29806212,0.53662722,0.07487822,729301,390,0
1502,2018-08-28,3679,3680.25,3670,3675,09:40:00,12:02:00,HOD_FIRST,1.25,9,0.03397662,0.24463169,10.25,1,0,3673.5,10.25,20.29806212,19.5803434,0.06158223,0.44339208,699586,390,0
1503,2018-08-29,3677.5,3693.25,3674.5,3690.25,15:39:00,09:47:00,LOD_FIRST,15.75,3,0.42828008,0.08157716,18.75,1,0,3675,18.75,19.5803434,19.52103315,0.80437813,0.15321488,863337,390,0
1504,2018-08-30,3684.75,3688.75,3671.25,3677.25,10:36:00,15:03:00,HOD_FIRST,4,13.5,0.10855553,0.36637492,17.5,1,0,3690.25,19,19.52103315,19.4838165,0.20490719,0.69156176,1071520,390,0
1505,2018-08-31,3673.25,3683.25,3667.5,3677,10:16:00,12:35:00,HOD_FIRST,10,5.75,0.27223848,0.15653713,15.75,1,0,3677.25,15.75,19.4838165,19.21711532,0.51324647,0.29511672,1000668,390,0
1506,2018-09-04,3673.25,3676.75,3661.25,3673,10:56:00,12:25:00,HOD_FIRST,3.5,12,0.09528347,0.32668618,15.5,4,0,3677,15.75,19.21711532,18.96946423,0.18212931,0.62444336,1172179,390,0
1507,2018-09-05,3668.75,3670.75,3653.25,3665,09:50:00,10:24:00,HOD_FIRST,2,15.5,0.05451448,0.42248722,17.5,1,0,3673,19.75,18.96946423,19.02521678,0.1054326,0.81710268,1273655,390,0
1508,2018-09-06,3665.5,3668.75,3643.75,3655.75,10:00:00,13:05:00,HOD_FIRST,3.25,21.75,0.08866458,0.59337062,25,1,0,3665,25,19.02521678,19.45198701,0.17082591,1.14321956,1324613,390,0
1509,2018-09-07,3643.25,3660.75,3640.75,3649.5,11:41:00,09:33:00,LOD_FIRST,17.5,2.5,0.48034036,0.06862005,20,1,0,3655.75,20,19.45198701,19.4911308,0.89965102,0.12852157,1283865,390,0
1510,2018-09-10,3661,3664,3652.25,3654.5,09:51:00,12:42:00,HOD_FIRST,3,8.75,0.08194482,0.23900574,11.75,3,0,3649.5,14.5,19.4911308,19.13462145,0.15391616,0.44892213,953870,390,0
1511,2018-09-11,3647,3668.75,3643,3664.75,12:10:00,09:36:00,LOD_FIRST,21.75,4,0.59638059,0.10967919,25.75,1,0,3654.5,25.75,19.13462145,19.60714849,1.13668306,0.20904516,925199,390,0
1512,2018-09-12,3663.75,3671,3655.25,3664.5,11:34:00,10:36:00,LOD_FIRST,7.25,8.5,0.19788468,0.23200273,15.75,1,0,3664.75,15.75,19.60714849,19.33163789,0.3697631,0.43351536,1211039,390,0
1513,2018-09-13,3675.5,3682.75,3672.25,3681,10:09:00,10:44:00,HOD_FIRST,7.25,3.25,0.19725207,0.08842334,10.5,1,0,3664.5,18.25,19.33163789,19.25437804,0.37503289,0.16811819,931429,390,0
1514,2018-09-14,3682.75,3685.25,3672.5,3681.5,11:53:00,13:11:00,HOD_FIRST,2.5,10.25,0.06788405,0.27832462,12.75,1,0,3681,12.75,19.25437804,18.78977961,0.1298406,0.53234646,480343,390,0
1515,2018-09-17,3680,3680.75,3662.75,3665.5,09:32:00,15:42:00,HOD_FIRST,0.75,17.25,0.02038043,0.46875,18,3,0,3681.5,18.75,18.78977961,18.78693821,0.03991532,0.91805228,832218,390,0
1516,2018-09-18,3668.25,3688.25,3667.75,3681.75,14:37:00,09:31:00,LOD_FIRST,20,0.5,0.54521911,0.01363048,20.5,1,0,3665.5,22.75,18.78693821,19.07001405,1.06456942,0.02661424,889446,390,0
1517,2018-09-19,3682,3689.25,3680.5,3684.75,11:17:00,10:19:00,LOD_FIRST,7.25,1.5,0.19690386,0.04073873,8.75,1,0,3681.75,8.75,19.07001405,18.33287019,0.38017801,0.07865752,788858,390,0
1518,2018-09-20,3698.25,3711.25,3696.75,3707.25,15:18:00,09:54:00,LOD_FIRST,13,1.5,0.35151761,0.04055972,14.5,1,0,3684.75,26.5,18.33287019,18.9162366,0.70910882,0.08182025,995514,390,0
1519,2018-09-21,3715.75,3717,3703,3705,09:49:00,15:59:00,HOD_FIRST,1.25,12.75,0.03364058,0.34313396,14,1,0,3707.25,14,18.9162366,18.56507685,0.0660808,0.67402413,1061600,390,0
1520,2018-09-24,3698,3699.5,3688.25,3695,09:46:00,10:41:00,HOD_FIRST,1.5,9.75,0.04056247,0.26365603,11.25,3,0,3705,16.75,18.56507685,18.4354285,0.08079686,0.52517962,909763,390,0
1521,2018-09-25,3699.5,3700.75,3688.75,3691.25,09:31:00,13:44:00,HOD_FIRST,1.25,10.75,0.03378835,0.29057981,12,1,0,3695,12,18.4354285,17.97575504,0.06780423,0.58311636,832125,390,0
1522,2018-09-26,3692.75,3706.5,3678,3682.5,14:18:00,15:49:00,HOD_FIRST,13.75,14.75,0.37235123,0.39943132,28.5,1,0,3691.25,28.5,17.97575504,18.72748682,0.76491919,0.82054968,1051575,390,0
1523,2018-09-27,3688,3702.5,3684.5,3690.25,12:51:00,09:38:00,LOD_FIRST,14.5,3.5,0.39316703,0.09490239,18,1,0,3682.5,20,18.72748682,18.81838062,0.77426299,0.18689107,928404,390,0
1524,2018-09-28,3683,3696,3682.5,3689.5,11:25:00,09:31:00,LOD_FIRST,13,0.5,0.35297312,0.01357589,13.5,1,0,3690.25,13.5,18.81838062,18.43849629,0.69081396,0.02656977,1033214,390,0
1525,2018-10-01,3704.25,3712.5,3693,3699.75,10:33:00,15:45:00,HOD_FIRST,8.25,11.25,0.22271715,0.3037052,19.5,3,0,3689.5,23,18.43849629,18.76431798,0.44743345,0.61013652,938418,390,0
1526,2018-10-02,3698.5,3706.5,3694.5,3698.75,12:03:00,10:39:00,LOD_FIRST,8,4,0.21630391,0.10815195,12,1,0,3699.75,12,18.76431798,18.28115241,0.4263411,0.21317055,875923,390,0
1527,2018-10-03,3710,3715.25,3696,3700.75,10:24:00,15:28:00,HOD_FIRST,5.25,14,0.14150943,0.37735849,19.25,1,0,3698.75,19.25,18.28115241,18.35035581,0.28718102,0.76581605,1004741,390,0
1528,2018-10-04,3694.25,3694.5,3658.25,3676.75,09:31:00,14:22:00,HOD_FIRST,0.25,36,0.00676727,0.97448738,36.25,1,0,3700.75,42.5,18.35035581,20.0753304,0.01362371,1.96181482,1764819,390,0
1529,2018-10-05,3678.5,3684.5,3643.75,3660.75,09:38:00,13:30:00,HOD_FIRST,6,34.75,0.16310996,0.94467854,40.75,1,0,3676.75,40.75,20.0753304,21.55209251,0.29887428,1.73098023,1815339,390,0
1530,2018-10-08,3651.75,3664.25,3636.5,3660.25,15:46:00,11:47:00,LOD_FIRST,12.5,15.25,0.34230164,0.417608,27.75,3,0,3660.75,27.75,21.55209251,21.99480019,0.57999009,0.70758791,1426206,390,0
1531,2018-10-09,3656,3670.5,3649.5,3656.25,10:46:00,09:47:00,LOD_FIRST,14.5,6.5,0.39660832,0.17778993,21,1,0,3660.25,21,21.99480019,21.92374303,0.65924673,0.29552439,1411517,390,0
1532,2018-10-10,3650,3650.5,3560,3563,09:31:00,15:57:00,HOD_FIRST,0.5,90,0.01369863,2.46575342,90.5,1,0,3656.25,96.25,21.92374303,27.23276139,0.02280632,4.10513843,2927047,390,0
1533,2018-10-11,3551.25,3569.25,3482.75,3502.25,10:00:00,14:47:00,HOD_FIRST,18,68.5,0.50686378,1.92889828,86.5,1,0,3563,86.5,27.23276139,31.46613557,0.66096859,2.5153527,2943004,390,0
1534,2018-10-12,3546.75,3549.75,3502.75,3539.25,09:31:00,12:51:00,HOD_FIRST,3,44,0.08458448,1.24057235,47,1,0,3502.25,47.5,31.46613557,32.6114116,0.09534059,1.39832869,2129598,390,0
1535,2018-10-15,3533.75,3549.25,3521.75,3523.5,14:55:00,10:20:00,LOD_FIRST,15.5,12,0.43862752,0.3395826,27.5,3,0,3539.25,27.5,32.6114116,32.24631077,0.47529375,0.36796935,1286753,390,0
1536,2018-10-16,3544.25,3586.75,3539,3581.5,15:51:00,09:52:00,LOD_FIRST,42.5,5.25,1.19912534,0.14812725,47.75,1,0,3523.5,63.25,32.24631077,34.46086001,1.31798023,0.16280932,1308706,390,0
1537,2018-10-17,3582.75,3589.75,3553.75,3582.75,13:07:00,10:48:00,LOD_FIRST,7,29,0.19538064,0.80943409,36,1,0,3581.5,36,34.46086001,34.57079858,0.203129,0.84153442,1548627,390,0
1538,2018-10-18,3571.75,3578.5,3527,3542.5,10:59:00,13:44:00,HOD_FIRST,6.75,44.75,0.18898299,1.25288724,51.5,1,0,3582.75,55.75,34.57079858,36.08359868,0.19525149,1.29444508,1870325,390,0
1539,2018-10-19,3548.75,3571,3532.75,3539.5,10:06:00,14:07:00,HOD_FIRST,22.25,16,0.62698133,0.45086298,38.25,1,0,3542.5,38.25,36.08359868,36.23834163,0.61662364,0.44341475,1518229,390,0
1540,2018-10-22,3547.5,3551,3521.5,3528,09:35:00,10:29:00,HOD_FIRST,3.5,26,0.09866103,0.7329105,29.5,3,0,3539.5,29.5,36.23834163,35.75703151,0.09658279,0.71747213,1258428,390,0
1541,2018-10-23,3486,3525.25,3462.75,3512,15:25:00,10:19:00,LOD_FIRST,39.25,23.25,1.1259323,0.66695353,62.5,1,0,3528,65.25,35.75703151,37.86367212,1.0976862,0.65022176,2163579,390,0
1542,2018-10-24,3509.5,3514,3422.75,3428.25,09:43:00,16:00:00,HOD_FIRST,4.5,86.75,0.12822339,2.47186209,91.25,1,0,3512,91.25,37.86367212,41.67698125,0.11884743,2.29111428,2211479,390,0
1543,2018-10-25,3449.75,3494.25,3438,3477.25,15:19:00,09:42:00,LOD_FIRST,44.5,11.75,1.28994855,0.34060439,56.25,1,0,3428.25,66,41.67698125,43.41433974,1.06773568,0.28193021,1822014,390,0
1544,2018-10-26,3434.25,3463.25,3397.75,3427.75,13:06:00,11:00:00,LOD_FIRST,29,36.5,0.84443474,1.06282303,65.5,1,0,3477.25,79.5,43.41433974,45.9918869,0.66798206,0.84073604,2687797,390,0
1545,2018-10-29,3462.75,3477.5,3373.5,3413.5,10:05:00,15:46:00,HOD_FIRST,14.75,89.25,0.42596202,2.57743123,104,3,0,3427.75,104,45.9918869,50.13532355,0.32070874,1.94055965,2256214,390,0
1546,2018-10-30,3411.75,3457,3406.25,3453.75,15:59:00,09:31:00,LOD_FIRST,45.25,5.5,1.32629882,0.16120759,50.75,1,0,3413.5,50.75,50.13532355,50.17922901,0.90255726,0.10970309,1953342,390,0
1547,2018-10-31,3482.25,3507.75,3476.75,3482.25,15:04:00,09:37:00,LOD_FIRST,25.5,5.5,0.73228516,0.15794386,31,1,0,3453.75,54,50.17922901,50.45214122,0.50817839,0.1096071,1867589,390,0
1548,2018-11-01,3491,3511.75,3478.25,3509.25,15:45:00,10:09:00,LOD_FIRST,20.75,12.75,0.59438556,0.36522486,33.5,1,0,3482.25,33.5,50.45214122,49.24127399,0.41128086,0.25271474,1412358,390,0
1549,2018-11-02,3521.75,3527,3470,3492.25,09:45:00,13:06:00,HOD_FIRST,5.25,51.75,0.14907361,1.46943991,57,1,0,3509.25,57,49.24127399,49.79546871,0.10661788,1.05094763,1772210,390,0
1550,2018-11-05,3498.25,3514.25,3487.5,3508.5,14:46:00,10:24:00,LOD_FIRST,16,10.75,0.45737154,0.30729651,26.75,3,0,3492.25,26.75,49.79546871,48.1493638,0.32131438,0.2158831,1024895,390,0
1551,2018-11-06,3507.25,3527,3506.25,3525,16:00:00,09:31:00,LOD_FIRST,19.75,1,0.56311925,0.02851237,20.75,1,0,3508.5,20.75,48.1493638,46.19226638,0.41018195,0.02076871,993029,390,0
1552,2018-11-07,3549.75,3585.5,3544.75,3583.75,16:00:00,10:06:00,LOD_FIRST,35.75,5,1.00711318,0.14085499,40.75,1,0,3525,60.5,46.19226638,47.21424736,0.77393908,0.10824323,1272050,390,0
1553,2018-11-08,3575,3585.75,3565.5,3578,12:17:00,14:44:00,HOD_FIRST,10.75,9.5,0.3006993,0.26573427,20.25,1,0,3583.75,20.25,47.21424736,45.28822969,0.22768551,0.20121045,982415,390,0
1554,2018-11-09,3563.5,3565.75,3535,3551.5,09:34:00,14:22:00,HOD_FIRST,2.25,28.5,0.06314017,0.7997755,30.75,1,0,3578,43,45.28822969,45.12478471,0.04968178,0.62930258,1355631,390,0
1555,2018-11-12,3544.75,3548,3492.75,3498.25,09:32:00,15:55:00,HOD_FIRST,3.25,52,0.09168489,1.46695818,55.25,3,0,3551.5,58.75,45.12478471,46.09801437,0.0720225,1.15236007,1561960,390,0
1556,2018-11-13,3503.75,3526.25,3485,3493,11:20:00,15:33:00,HOD_FIRST,22.5,18.75,0.6421691,0.53514092,41.25,1,0,3498.25,41.25,46.09801437,45.75172763,0.48809044,0.40674203,1669905,390,0
1557,2018-11-14,3514.5,3518.75,3456.75,3474,09:46:00,14:07:00,HOD_FIRST,4.25,57.75,0.12092759,1.64319249,62,1,0,3493,62,45.75172763,46.91231852,0.09289267,1.26224742,1807744,390,0
1558,2018-11-15,3459.5,3507.25,3441.75,3502.25,14:33:00,10:38:00,LOD_FIRST,47.75,17.75,1.38025726,0.51307992,65.5,1,0,3474,65.5,46.91231852,48.24001005,1.01785632,0.37836544,1903791,390,0
1559,2018-11-16,3489.5,3519.25,3483.75,3508.5,12:49:00,09:38:00,LOD_FIRST,29.75,5.75,0.85255767,0.16478005,35.5,1,0,3502.25,35.5,48.24001005,47.33000933,0.616708,0.11919566,1428947,390,0
1560,2018-11-19,3501.75,3505.25,3452,3463,09:43:00,14:16:00,HOD_FIRST,3.5,49.75,0.09995002,1.42071821,53.25,3,0,3508.5,56.5,47.33000933,47.98500867,0.07394886,1.05113015,1649483,390,0
1561,2018-11-20,3424.75,3441.25,3402.25,3413,12:05:00,15:07:00,HOD_FIRST,16.5,22.5,0.48178699,0.65698226,39,1,0,3463,60.75,47.98500867,48.89679376,0.34385739,0.46889645,2007243,390,0
1562,2018-11-21,3428.75,3441.75,3420.25,3421,11:26:00,16:00:00,HOD_FIRST,13,8.5,0.37914692,0.24790376,21.5,1,0,3413,28.75,48.89679376,47.45773706,0.2658661,0.17383553,1008858,390,0
1563,2018-11-26,3427.75,3445,3423,3444.25,15:46:00,12:36:00,LOD_FIRST,17.25,4.75,0.50324557,0.13857487,22,5,0,3421,24,47.45773706,45.78218442,0.3634813,0.10008905,1020665,390,0
1564,2018-11-27,3432.75,3453.5,3425.75,3453,16:00:00,09:42:00,LOD_FIRST,20.75,7,0.60447163,0.20391814,27.75,1,0,3444.25,27.75,45.78218442,44.49417124,0.45323307,0.1528979,1136467,390,0
1565,2018-11-28,3465.75,3515.5,3454.75,3515,16:00:00,10:32:00,LOD_FIRST,49.75,11,1.43547573,0.31739162,60.75,1,0,3453,62.5,44.49417124,45.78030187,1.11812398,0.24722339,1511988,390,0
1566,2018-11-29,3506.75,3525,3493.75,3509.25,15:00:00,10:54:00,LOD_FIRST,18.25,13,0.52042489,0.37071362,31.25,1,0,3515,31.25,45.78030187,44.74242317,0.39864307,0.28396493,1188671,390,0
1567,2018-11-30,3507.25,3532,3503.75,3527,15:58:00,09:36:00,LOD_FIRST,24.75,3.5,0.70568109,0.09979329,28.25,1,0,3509.25,28.25,44.74242317,43.56439294,0.55316628,0.07822554,1101526,390,0
1568,2018-12-03,3571.75,3573,3544,3561.25,09:31:00,11:46:00,HOD_FIRST,1.25,27.75,0.03499685,0.77693008,29,3,0,3527,46,43.56439294,43.73836487,0.02869316,0.6369881,1403513,390,0
1569,2018-12-04,3552.75,3557.75,3467.75,3474,09:40:00,15:58:00,HOD_FIRST,5,85,0.14073605,2.39251284,90,1,0,3561.25,93.5,43.73836487,47.29276738,0.11431612,1.94337397,2250878,390,0
1570,2018-12-06,3427.25,3467.75,3391.75,3467.25,16:00:00,11:29:00,LOD_FIRST,40.5,35.5,1.18170545,1.03581589,76,2,0,3474,82.25,47.29276738,49.78971257,0.85636773,0.75064332,2539204,390,0
1571,2018-12-07,3462.25,3480.25,3393.75,3404,09:43:00,15:05:00,HOD_FIRST,18,68.5,0.51989313,1.9784822,86.5,1,0,3467.25,86.5,49.78971257,52.41187596,0.36152046,1.37578621,2085306,390,0
1572,2018-12-10,3401.25,3419,3353.5,3408,15:39:00,11:04:00,LOD_FIRST,17.75,47.75,0.52186696,1.40389563,65.5,3,0,3404,65.5,52.41187596,53.34674196,0.3386637,0.91105306,2076631,390,0
1573,2018-12-11,3443.75,3446,3391.75,3408.25,09:38:00,14:17:00,HOD_FIRST,2.25,52,0.06533575,1.50998185,54.25,1,0,3408,54.25,53.34674196,53.41126039,0.0421769,0.97475494,1770159,390,0
1574,2018-12-12,3442,3457,3420.75,3422,13:13:00,16:00:00,HOD_FIRST,15,21.25,0.43579314,0.61737362,36.25,1,0,3408.25,48.75,53.41126039,53.07831322,0.28083966,0.39785618,1338441,390,0
1575,2018-12-13,3431.75,3441.5,3407.75,3420,10:13:00,14:29:00,HOD_FIRST,9.75,24,0.2841116,0.69935164,33.75,1,0,3422,33.75,53.07831322,51.69771942,0.18369084,0.45216207,1341498,390,0
1576,2018-12-14,3395.75,3407,3364.5,3371.25,10:17:00,15:47:00,HOD_FIRST,11.25,31.25,0.33129647,0.92026798,42.5,1,0,3420,55.5,51.69771942,51.96931089,0.21761115,0.60447541,702783,390,0
1577,2018-12-17,3360.25,3372.75,3300.75,3318.75,11:11:00,15:50:00,HOD_FIRST,12.5,59.5,0.37199613,1.77070158,72,3,0,3371.25,72,51.96931089,53.4000744,0.24052657,1.14490646,1868061,390,0
1578,2018-12-18,3337.25,3345,3298.25,3316,10:00:00,15:10:00,HOD_FIRST,7.75,39,0.23222713,1.16862686,46.75,1,0,3318.75,46.75,53.4000744,52.92506908,0.14513088,0.73033606,1616170,390,0
1579,2018-12-19,3316.5,3359.25,3256.75,3273.5,14:01:00,15:06:00,HOD_FIRST,42.75,59.75,1.2890095,1.80159807,102.5,1,0,3316,102.5,52.92506908,56.46613558,0.80774576,1.1289546,2114252,390,0
1580,2018-12-20,3261.5,3279.25,3208.75,3233.25,10:09:00,14:14:00,HOD_FIRST,17.75,52.75,0.54422812,1.61735398,70.5,1,0,3273.5,70.5,56.46613558,57.46855446,0.3143477,0.93418824,2751076,390,0
1581,2018-12-21,3243.75,3275.25,3176.5,3182.5,10:19:00,15:41:00,HOD_FIRST,31.5,67.25,0.97109827,2.07321773,98.75,1,0,3233.25,98.75,57.46855446,60.41722915,0.54812585,1.17020518,2307770,390,0
1582,2018-12-26,3135.5,3235.75,3112.75,3235.5,16:00:00,10:55:00,LOD_FIRST,100.25,22.75,3.19725722,0.72556211,123,5,0,3182.5,123,60.41722915,64.88742706,1.6592949,0.37654822,1495739,390,0
1583,2018-12-27,3200.5,3258.5,3164.25,3258.25,16:00:00,14:19:00,LOD_FIRST,58,36.25,1.81221684,1.13263553,94.25,1,0,3235.5,94.25,64.88742706,66.9847537,0.89385575,0.55865985,1678221,390,0
1584,2018-12-28,3271.5,3290.25,3240,3253.5,14:54:00,10:39:00,LOD_FIRST,18.75,31.5,0.57313159,0.96286107,50.25,1,0,3258.25,50.25,66.9847537,65.78941415,0.27991444,0.47025626,1548552,390,0
1585,2018-12-31,3270.75,3277.25,3250,3276.75,09:36:00,11:35:00,HOD_FIRST,6.5,20.75,0.19873118,0.63441107,27.25,3,0,3253.5,27.25,65.78941415,63.03659886,0.09880009,0.31540029,1091852,390,0
1586,2019-01-02,3235.25,3287.75,3234.25,3278.25,14:00:00,09:31:00,LOD_FIRST,52.5,1,1.6227494,0.03090951,53.5,2,0,3276.75,53.5,63.03659886,62.35541322,0.8328495,0.0158638,1506504,390,0
1587,2019-01-03,3257.75,3260.75,3210.5,3215.5,09:32:00,16:00:00,HOD_FIRST,3,47.25,0.0920881,1.45038754,50.25,1,0,3278.25,67.75,62.35541322,62.74074085,0.0481113,0.75775298,1807593,390,0
1588,2019-01-04,3250.25,3306.5,3246,3300,13:10:00,09:32:00,LOD_FIRST,56.25,4.25,1.7306361,0.13075917,60.5,1,0,3215.5,91,62.74074085,64.75925936,0.89654663,0.06773908,1767426,390,0
1589,2019-01-07,3301.75,3334.75,3291.75,3317.75,13:13:00,09:55:00,LOD_FIRST,33,10,0.99946998,0.30286969,43,3,0,3300,43,64.75925936,63.20502655,0.50957964,0.15441807,1235960,390,0
1590,2019-01-08,3343.25,3348.5,3314.75,3341.75,09:45:00,10:55:00,HOD_FIRST,5.25,28.5,0.15703283,0.85246392,33.75,1,0,3317.75,33.75,63.20502655,61.10109608,0.08306301,0.4509135,1311618,390,0
1591,2019-01-09,3350.25,3364,3336.25,3353.5,14:10:00,10:47:00,LOD_FIRST,13.75,14,0.41041713,0.41787926,27.75,1,0,3341.75,27.75,61.10109608,58.71887493,0.22503688,0.22912846,1249309,390,0
1592,2019-01-10,3337,3366,3329.25,3364,15:46:00,09:56:00,LOD_FIRST,29,7.75,0.86904405,0.23224453,36.75,1,0,3353.5,36.75,58.71887493,57.14966958,0.49387867,0.13198482,1176761,390,0
1593,2019-01-11,3351,3364,3344.25,3363.5,15:51:00,09:56:00,LOD_FIRST,13,6.75,0.3879439,0.20143241,19.75,1,0,3364,19.75,57.14966958,54.47826461,0.22747288,0.11811092,888104,390,0
1594,2019-01-14,3342.75,3357,3338,3348.5,13:46:00,09:36:00,LOD_FIRST,14.25,4.75,0.42629571,0.14209857,19,3,0,3363.5,25.5,54.47826461,52.40838857,0.26157221,0.08719074,858131,390,0
1595,2019-01-15,3352,3381,3351.5,3377.75,12:23:00,09:31:00,LOD_FIRST,29,0.5,0.86515513,0.01491647,29.5,1,0,3348.5,32.5,52.40838857,50.98636081,0.55334653,0.00954046,1172383,390,0
1596,2019-01-16,3382,3393.5,3379.75,3383.75,14:35:00,10:46:00,LOD_FIRST,11.5,2.25,0.34003548,0.06652868,13.75,1,0,3377.75,15.75,50.98636081,48.4694779,0.22555052,0.04412945,1004954,390,0
1597,2019-01-17,3373,3412.75,3372.75,3403.25,14:49:00,09:32:00,LOD_FIRST,39.75,0.25,1.17847613,0.0074118,40,1,0,3383.75,40,48.4694779,47.86451519,0.82010374,0.00515789,1165498,390,0
1598,2019-01-18,3423.25,3443.75,3414.25,3437.75,12:43:00,10:04:00,LOD_FIRST,20.5,9,0.59884613,0.26290806,29.5,1,0,3403.25,40.5,47.86451519,47.33847839,0.42829223,0.18803074,1321114,390,0
1599,2019-01-22,3421.5,3423.75,3383.75,3403.25,09:39:00,15:07:00,HOD_FIRST,2.25,37.75,0.06576063,1.10331726,40,4,0,3437.75,54,47.33847839,47.81430136,0.04753004,0.79744853,1393550,390,0
1600,2019-01-23,3413.5,3421,3379.75,3406.5,10:05:00,12:20:00,HOD_FIRST,7.5,33.75,0.21971583,0.98872125,41.25,1,0,3403.25,41.25,47.81430136,47.34542269,0.15685684,0.70585576,1273649,390,0
1601,2019-01-24,3404.75,3414.75,3393.25,3408.75,10:29:00,13:17:00,HOD_FIRST,10,11.5,0.29370732,0.33776342,21.5,1,0,3406.5,21.5,47.34542269,45.49932107,0.21121366,0.24289571,932224,390,0
1602,2019-01-25,3428.5,3439.75,3423.75,3430.5,12:30:00,09:44:00,LOD_FIRST,11.25,4.75,0.32813184,0.13854455,16,1,0,3408.75,31,45.49932107,44.46365528,0.24725644,0.10439716,1028824,390,0
1603,2019-01-28,3405.75,3410.5,3389.5,3410,16:00:00,12:04:00,LOD_FIRST,4.75,16.25,0.13947001,0.47713426,21,3,0,3430.5,41,44.46365528,44.21625133,0.10682882,0.36546703,1092496,390,0
1604,2019-01-29,3410.75,3417.25,3396.5,3406,10:04:00,10:59:00,HOD_FIRST,6.5,14.25,0.19057392,0.41779667,20.75,1,0,3410,20.75,44.21625133,42.54009052,0.14700477,0.3222797,923191,390,0
1605,2019-01-30,3422.5,3457,3413.75,3447.5,15:00:00,10:06:00,LOD_FIRST,34.5,8.75,1.00803506,0.25566107,43.25,1,0,3406,51,42.54009052,43.14436977,0.81099968,0.20568833,1219323,390,0
1606,2019-01-31,3446.25,3475.25,3443.75,3470,11:59:00,09:37:00,LOD_FIRST,29,2.5,0.84149438,0.07254262,31.5,1,0,3447.5,31.5,43.14436977,42.31262907,0.67216186,0.05794499,1445147,390,0
1607,2019-02-01,3472.25,3483.25,3462.75,3471.75,10:26:00,15:12:00,HOD_FIRST,11,9.5,0.31679747,0.27359781,20.5,1,0,3470,20.5,42.31262907,40.75458414,0.25996966,0.22451926,1097175,390,0
1608,2019-02-04,3472,3491.25,3464.25,3491,16:00:00,10:02:00,LOD_FIRST,19.25,7.75,0.55443548,0.22321429,27,3,0,3471.75,27,40.75458414,39.77211384,0.4723395,0.19016266,785131,390,0
1609,2019-02-05,3495.25,3505,3489.5,3502.25,15:41:00,13:10:00,LOD_FIRST,9.75,5.75,0.27895,0.16450898,15.5,1,0,3491,15.5,39.77211384,38.03839143,0.24514664,0.14457366,982670,390,0
1610,2019-02-06,3498.5,3503.75,3489.5,3498.25,09:34:00,10:24:00,HOD_FIRST,5.25,9,0.15006431,0.25725311,14.25,1,0,3502.25,14.25,38.03839143,36.33922061,0.13801845,0.23660307,946825,390,0
1611,2019-02-07,3479,3485.75,3452.75,3471.75,10:31:00,12:04:00,HOD_FIRST,6.75,26.25,0.19402127,0.75452716,33,1,0,3498.25,45.5,36.33922061,36.993562,0.18574972,0.72236002,1586270,390,0
1612,2019-02-08,3457.25,3475,3448,3474.75,16:00:00,11:48:00,LOD_FIRST,17.75,9.25,0.51341384,0.26755369,27,1,0,3471.75,27,36.993562,36.27973614,0.47981322,0.25004351,1189200,390,0
1613,2019-02-11,3481.75,3484.75,3470,3476,09:39:00,14:49:00,HOD_FIRST,3,11.75,0.08616357,0.33747397,14.75,3,0,3474.75,14.75,36.27973614,34.74189784,0.08269079,0.32387226,849619,390,0
1614,2019-02-12,3494,3515.25,3493.25,3511.25,13:55:00,09:31:00,LOD_FIRST,21.25,0.75,0.60818546,0.02146537,22,1,0,3476,39.25,34.74189784,35.06390514,0.6116534,0.02158777,983516,390,0
1615,2019-02-13,3520.25,3529.25,3515.25,3519.25,09:49:00,11:36:00,HOD_FIRST,9,5,0.25566366,0.14203537,14,1,0,3511.25,18,35.06390514,33.84505477,0.25667421,0.14259678,908260,390,0
1616,2019-02-14,3506.75,3525.5,3497.5,3512.75,15:08:00,09:47:00,LOD_FIRST,18.75,9.25,0.53468311,0.263777,28,1,0,3519.25,28,33.84505477,33.42755086,0.55399526,0.27330433,1289924,390,0
1617,2019-02-15,3532.25,3543,3530.25,3543,16:00:00,11:22:00,LOD_FIRST,10.75,2,0.30433859,0.05662113,12.75,1,0,3512.75,30.25,33.42755086,33.20058294,0.32159101,0.05983089,1062795,390,0
1618,2019-02-19,3533.5,3554.75,3533.25,3547.5,14:56:00,09:31:00,LOD_FIRST,21.25,0.25,0.60138673,0.00707514,21.5,4,0,3543,21.5,33.20058294,32.36482702,0.640049,0.00752999,779552,390,0
1619,2019-02-20,3546.75,3558,3541,3553.25,14:08:00,14:23:00,HOD_FIRST,11.25,5.75,0.3171918,0.16212025,17,1,0,3547.5,17,32.36482702,31.26733937,0.34759957,0.177662,1030715,390,0
1620,2019-02-21,3545,3549,3531.5,3542.5,13:01:00,14:53:00,HOD_FIRST,4,13.5,0.11283498,0.38081805,17.5,1,0,3553.25,21.75,31.26733937,30.58752942,0.12792902,0.43176043,1067057,390,0
1621,2019-02-22,3549,3561.75,3546,3559.5,12:05:00,09:44:00,LOD_FIRST,12.75,3,0.35925613,0.08453085,15.75,1,0,3542.5,19.25,30.58752942,29.77770589,0.41683654,0.09807919,900575,390,0
1622,2019-02-25,3575,3581.25,3562.25,3563.75,11:08:00,15:56:00,HOD_FIRST,6.25,12.75,0.17482517,0.35664336,19,3,0,3559.5,21.75,29.77770589,29.20429832,0.20988857,0.42817268,942103,390,0
1623,2019-02-26,3558.75,3570.75,3556.75,3561,15:18:00,11:01:00,LOD_FIRST,12,2,0.33719705,0.05619951,14,1,0,3563.75,14,29.20429832,28.11827702,0.41089842,0.06848307,890223,390,0
1624,2019-02-27,3552.75,3563.5,3542.25,3560,14:43:00,10:29:00,LOD_FIRST,10.75,10.5,0.30258251,0.2955457,21.25,1,0,3561,21.25,28.11827702,27.6276858,0.38231361,0.3734226,904771,390,0
1625,2019-02-28,3556.5,3561.5,3550,3552.25,12:26:00,15:58:00,HOD_FIRST,5,6.5,0.14058766,0.18276395,11.5,1,0,3560,11.5,27.6276858,26.47570824,0.18097788,0.23527124,984211,390,0
1626,2019-03-01,3571,3575.5,3554.75,3571.75,09:46:00,11:57:00,HOD_FIRST,4.5,16.25,0.12601512,0.45505461,20.75,1,0,3552.25,23.25,26.47570824,26.24530051,0.16996712,0.61377017,972716,390,0
1627,2019-03-04,3582.75,3585.25,3534.75,3560.5,09:31:00,13:09:00,HOD_FIRST,2.5,48,0.0697788,1.33975298,50.5,3,0,3571.75,50.5,26.24530051,27.97777905,0.09525515,1.82889885,1502954,390,0
1628,2019-03-05,3562,3564,3550.5,3557.25,15:49:00,09:54:00,LOD_FIRST,2,11.5,0.05614823,0.32285233,13.5,1,0,3560.5,13.5,27.97777905,26.94365197,0.0714853,0.41104049,924762,390,0
1629,2019-03-06,3557.75,3558,3535.75,3539.25,09:31:00,15:29:00,HOD_FIRST,0.25,22,0.00702691,0.61836835,22.25,1,0,3557.25,22.25,26.94365197,26.60839112,0.00927862,0.81651886,1122584,390,0
1630,2019-03-07,3533.5,3535,3505.75,3516.25,09:34:00,15:05:00,HOD_FIRST,1.5,27.75,0.04245083,0.78534031,29.25,1,0,3539.25,33.5,26.60839112,27.10064889,0.05637319,1.04290409,1279796,390,0
1631,2019-03-08,3494.5,3511.75,3489.25,3510.5,15:58:00,10:07:00,LOD_FIRST,17.25,5.25,0.49363285,0.15023609,22.5,1,0,3516.25,27,27.10064889,27.09345969,0.63651612,0.1937223,593517,390,0
1632,2019-03-11,3517.5,3551.5,3517.25,3550.25,15:39:00,09:31:00,LOD_FIRST,34,0.25,0.96659559,0.00710732,34.25,3,0,3510.5,41,27.09345969,28.086784,1.25491541,0.00922732,829486,390,0
1633,2019-03-12,3555.75,3565.5,3553.25,3559.5,14:20:00,09:35:00,LOD_FIRST,9.75,2.5,0.27420375,0.07030865,12.25,1,0,3550.25,15.25,28.086784,27.16987085,0.34713836,0.08900983,902098,390,0
1634,2019-03-13,3569.75,3588.75,3567.75,3578.5,14:07:00,09:34:00,LOD_FIRST,19,2,0.53225016,0.05602633,21,1,0,3559.5,29.25,27.16987085,27.31845151,0.69930402,0.07361095,1034788,390,0
1635,2019-03-14,3577.75,3583,3570.75,3576.25,11:53:00,10:10:00,LOD_FIRST,5.25,7,0.14674027,0.19565369,12.25,1,0,3578.5,12.25,27.31845151,26.24213354,0.1921778,0.25623707,812016,390,0
1636,2019-03-15,3581.5,3598.75,3579.5,3590.5,12:54:00,10:17:00,LOD_FIRST,17.25,2,0.48164177,0.05584252,19.25,1,0,3576.25,22.5,26.24213354,25.97483829,0.65733985,0.07621332,1006174,390,0
1637,2019-03-18,3592.25,3603.25,3589.75,3600.75,10:54:00,11:39:00,HOD_FIRST,11,2.5,0.30621477,0.06959427,13.5,3,0,3590.5,13.5,25.97483829,25.08377841,0.42348676,0.09624699,827114,390,0
1638,2019-03-19,3612,3621,3591.25,3602.25,12:03:00,15:44:00,HOD_FIRST,9,20.75,0.24916944,0.57447398,29.75,1,0,3600.75,29.75,25.08377841,25.41707995,0.35879762,0.82722785,1239406,390,0
1639,2019-03-20,3598.75,3611.5,3579.5,3591.75,14:47:00,12:33:00,LOD_FIRST,12.75,19.25,0.35428968,0.53490795,32,1,0,3602.25,32,25.41707995,25.88728853,0.50163119,0.75736473,1395976,390,0
1640,2019-03-21,3582.5,3628.25,3582,3623.25,15:09:00,09:31:00,LOD_FIRST,45.75,0.5,1.27704117,0.01395673,46.25,1,0,3591.75,46.25,25.88728853,27.34176792,1.76727663,0.0193145,1335003,390,0
1641,2019-03-22,3607.75,3614,3567.5,3568.25,09:34:00,16:00:00,HOD_FIRST,6.25,40.25,0.17323817,1.1156538,46.5,1,0,3623.25,55.75,27.34176792,29.37092735,0.228588,1.47210671,1820182,390,0
1642,2019-03-25,3564,3577.5,3551.75,3565.75,11:30:00,14:28:00,HOD_FIRST,13.5,12.25,0.37878788,0.34371493,25.75,3,0,3568.25,25.75,29.37092735,29.11228968,0.45963819,0.4170791,1397830,390,0
1643,2019-03-26,3585,3597.25,3570.75,3585.5,10:57:00,14:33:00,HOD_FIRST,12.25,14.25,0.34170153,0.39748954,26.5,1,0,3565.75,31.5,29.11228968,29.28284042,0.42078449,0.489484,1152106,390,0
1644,2019-03-27,3586.5,3592.75,3554,3572.25,09:35:00,11:55:00,HOD_FIRST,6.25,32.5,0.1742646,0.90617594,38.75,1,0,3585.5,38.75,29.28284042,29.95906611,0.21343558,1.10986501,1396383,390,0
1645,2019-03-28,3577.75,3586.5,3564.75,3582.25,10:35:00,12:15:00,HOD_FIRST,8.75,13,0.24456712,0.36335686,21.75,1,0,3572.25,21.75,29.95906611,29.37270424,0.29206518,0.43392541,876196,390,0
1646,2019-03-29,3598,3602.75,3585.5,3600.25,15:59:00,10:55:00,LOD_FIRST,4.75,12.5,0.13201779,0.34741523,17.25,1,0,3582.25,20.5,29.37270424,28.73893965,0.16171477,0.42556517,1145557,390,0
1647,2019-04-01,3621.25,3635.75,3618.25,3633.25,15:57:00,09:39:00,LOD_FIRST,14.5,3,0.40041422,0.08284432,17.5,3,0,3600.25,35.5,28.73893965,29.22187253,0.50454193,0.10438798,921484,390,0
1648,2019-04-02,3634,3636,3624.5,3633.75,15:41:00,11:13:00,LOD_FIRST,2,9.5,0.05503577,0.26141992,11.5,1,0,3633.25,11.5,29.22187253,27.9560245,0.06844188,0.32509895,662055,390,0
1649,2019-04-03,3647,3651.5,3631.25,3638.75,11:53:00,15:22:00,HOD_FIRST,4.5,15.75,0.12338909,0.4318618,20.25,1,0,3633.75,20.25,27.9560245,27.40559418,0.16096709,0.56338483,948561,390,0
1650,2019-04-04,3641,3648,3633.25,3645.25,09:49:00,12:48:00,HOD_FIRST,7,7.75,0.19225488,0.21285361,14.75,1,0,3638.75,14.75,27.40559418,26.50162316,0.2554223,0.28278898,852665,390,0
1651,2019-04-05,3652.25,3659.5,3649,3658.5,16:00:00,09:41:00,LOD_FIRST,7.25,3.25,0.19850777,0.08898624,10.5,1,0,3645.25,14.25,26.50162316,25.62650722,0.27356815,0.122634,858636,390,0
1652,2019-04-08,3653.75,3662,3646.5,3661,15:56:00,09:46:00,LOD_FIRST,8.25,7.25,0.22579542,0.19842627,15.5,3,0,3658.5,15.5,25.62650722,24.90318528,0.32193228,0.28291019,775702,390,0
1653,2019-04-09,3649.5,3653.25,3639.5,3646,12:21:00,15:56:00,HOD_FIRST,3.75,10,0.1027538,0.27401014,13.75,1,0,3661,21.5,24.90318528,24.66010062,0.15058315,0.40155506,956304,390,0
1654,2019-04-10,3650,3656.5,3645.5,3655.75,15:11:00,10:08:00,LOD_FIRST,6.5,4.5,0.17808219,0.12328767,11,1,0,3646,11,24.66010062,23.68437914,0.26358368,0.18248101,746888,390,0
1655,2019-04-11,3660.25,3660.75,3647.5,3654.5,09:31:00,11:42:00,HOD_FIRST,0.5,12.75,0.01366027,0.34833686,13.25,1,0,3655.75,13.25,23.68437914,22.93906635,0.02111096,0.5383295,744740,390,0
1656,2019-04-12,3672.25,3677,3664.75,3674.25,09:46:00,11:19:00,HOD_FIRST,4.75,7.5,0.12934849,0.20423446,12.25,1,0,3654.5,22.5,22.93906635,22.90770446,0.20707033,0.32695315,858481,390,0
1657,2019-04-15,3674.5,3675.75,3662.75,3672.25,09:31:00,10:46:00,HOD_FIRST,1.25,11.75,0.03401823,0.3197714,13,3,0,3674.25,13,22.90770446,22.20001129,0.05456679,0.51292787,748357,390,0
1658,2019-04-16,3681.5,3682.25,3666.75,3674,09:36:00,15:37:00,HOD_FIRST,0.75,14.75,0.02037213,0.40065191,15.5,1,0,3672.25,15.5,22.20001129,21.72143905,0.03378377,0.66441408,832750,390,0
1659,2019-04-17,3685.25,3685.75,3660.75,3665.75,09:31:00,14:30:00,HOD_FIRST,0.5,24.5,0.0135676,0.66481243,25,1,0,3674,25,21.72143905,21.95562198,0.02301873,1.1279179,1108400,390,0
1660,2019-04-18,3671.75,3673.75,3657.25,3670.75,15:25:00,10:42:00,LOD_FIRST,2,14.5,0.05446994,0.39490706,16.5,1,0,3665.75,16.5,21.95562198,21.56593469,0.09109284,0.6604231,937785,390,0
1661,2019-04-22,3662.25,3675,3661.25,3673.75,15:54:00,09:33:00,LOD_FIRST,12.75,1,0.34814663,0.02730562,13.75,4,0,3670.75,13.75,21.56593469,21.00765364,0.59121017,0.04636943,523631,390,0
1662,2019-04-23,3677.5,3702,3674.5,3699,12:09:00,09:33:00,LOD_FIRST,24.5,3,0.66621346,0.08157716,27.5,1,0,3673.75,28.25,21.00765364,21.5249641,1.16624162,0.1428051,938080,390,0
1663,2019-04-24,3698.25,3701.75,3690.75,3692.5,11:03:00,13:15:00,HOD_FIRST,3.5,7.5,0.09463936,0.20279862,11,1,0,3699,11,21.5249641,20.77318095,0.1626019,0.34843264,829671,390,0
1664,2019-04-25,3691,3697.25,3676.5,3690.25,11:58:00,10:33:00,LOD_FIRST,6.25,14.5,0.1693308,0.39284747,20.75,1,0,3692.5,20.75,20.77318095,20.77152517,0.3008687,0.69801539,1108206,390,0
1665,2019-04-26,3690.25,3704.5,3681.5,3704,16:00:00,10:03:00,LOD_FIRST,14.25,8.75,0.3861527,0.23711131,23,1,0,3690.25,23,20.77152517,20.93070194,0.68603532,0.42124976,910611,390,0
1666,2019-04-29,3704.25,3713.75,3703.25,3707.25,14:20:00,10:09:00,LOD_FIRST,9.5,1,0.25646217,0.02699602,10.5,3,0,3704,10.5,20.93070194,20.1856518,0.45387871,0.04777671,713727,390,0
1667,2019-04-30,3703.75,3712.5,3688.25,3708.75,16:00:00,11:09:00,LOD_FIRST,8.75,15.5,0.23624705,0.41849477,24.25,1,0,3707.25,24.25,20.1856518,20.47596239,0.43347622,0.76787216,1150912,390,0
1668,2019-05-01,3716.25,3718.25,3686.75,3687,11:45:00,16:00:00,HOD_FIRST,2,29.5,0.05381769,0.79381097,31.5,1,0,3708.75,31.5,20.47596239,21.26339365,0.09767551,1.44071372,1229042,390,0
1669,2019-05-02,3685,3695,3663.25,3681,10:15:00,11:48:00,HOD_FIRST,10,21.75,0.27137042,0.59023066,31.75,1,0,3687,31.75,21.26339365,22.01243696,0.47029182,1.0228847,1506969,390,0
1670,2019-05-03,3696,3711.25,3693.5,3708,13:53:00,09:46:00,LOD_FIRST,15.25,2.5,0.41260823,0.06764069,17.75,1,0,3681,30.25,22.01243696,22.60083432,0.69279017,0.11357216,951546,390,0
1671,2019-05-06,3659.75,3700.5,3656.25,3696.25,15:37:00,09:31:00,LOD_FIRST,40.75,3.5,1.11346403,0.09563495,44.25,3,0,3708,51.75,22.60083432,24.68291758,1.80303078,0.15486154,1273416,390,0
1672,2019-05-07,3668.25,3675.25,3624.75,3647.25,09:40:00,15:39:00,HOD_FIRST,7,43.5,0.19082669,1.18585156,50.5,1,0,3696.25,71.5,24.68291758,28.0269949,0.28359694,1.76235244,2199707,390,0
1673,2019-05-08,3642,3661,3635.25,3642.5,11:09:00,09:39:00,LOD_FIRST,19,6.75,0.52169138,0.18533773,25.75,1,0,3647.25,25.75,28.0269949,27.8643524,0.67791785,0.24083923,1376193,390,0
1674,2019-05-09,3618.5,3639.25,3598.5,3633.25,13:50:00,11:30:00,LOD_FIRST,20.75,20,0.57344203,0.55271521,40.75,1,0,3642.5,44,27.8643524,29.01689866,0.74467907,0.71776296,2129373,390,0
1675,2019-05-10,3622.5,3655.25,3588.25,3646.25,15:30:00,11:04:00,LOD_FIRST,32.75,34.25,0.90407177,0.94547964,67,1,0,3633.25,67,29.01689866,31.72997733,1.12865266,1.18034668,2100916,390,0
1676,2019-05-13,3589,3600,3564.25,3575,09:42:00,13:21:00,HOD_FIRST,11,24.75,0.30649206,0.68960713,35.75,3,0,3646.25,82,31.72997733,35.32069323,0.34667532,0.78001947,2163851,390,0
1677,2019-05-14,3585,3616,3583.25,3598,13:51:00,09:31:00,LOD_FIRST,31,1.75,0.86471409,0.0488145,32.75,1,0,3575,41,35.32069323,35.726358,0.87767247,0.04954603,1284155,390,0
1678,2019-05-15,3580.5,3622.25,3578,3615.25,14:51:00,09:33:00,LOD_FIRST,41.75,2.5,1.16603826,0.06982265,44.25,1,0,3598,44.25,35.726358,36.33518957,1.16860498,0.06997635,1201339,390,0
1679,2019-05-16,3622,3656.25,3621.5,3640.25,12:19:00,09:31:00,LOD_FIRST,34.25,0.5,0.94561016,0.01380453,34.75,1,0,3615.25,41,36.33518957,36.66839032,0.94261239,0.01376076,1238339,390,0
1680,2019-05-17,3615.25,3649.75,3614.75,3623,11:09:00,09:31:00,LOD_FIRST,34.5,0.5,0.95429085,0.0138303,35,1,0,3640.25,35,36.66839032,36.54921958,0.94086486,0.01363572,1445240,390,0
1681,2019-05-20,3604.25,3618,3594.75,3603.5,10:37:00,15:14:00,HOD_FIRST,13.75,9.5,0.38149407,0.26357772,23.25,3,0,3623,28.25,36.54921958,35.95641818,0.37620502,0.25992347,1196527,390,0
1682,2019-05-21,3621.5,3633,3618.75,3628.5,10:58:00,09:52:00,LOD_FIRST,11.5,2.75,0.31754798,0.07593539,14.25,1,0,3603.5,29.5,35.95641818,35.49524545,0.31983163,0.07648148,919284,390,0
1683,2019-05-22,3617.75,3630.25,3614.25,3619.75,10:16:00,13:11:00,HOD_FIRST,12.5,3.5,0.34551862,0.09674521,16,1,0,3628.5,16,35.49524545,34.10272792,0.35215984,0.09860476,897267,390,0
1684,2019-05-23,3594.25,3594.5,3568,3585,09:31:00,15:04:00,HOD_FIRST,0.25,26.25,0.00695555,0.73033317,26.5,1,0,3619.75,51.75,34.10272792,35.36324736,0.00733079,0.76973314,1523831,390,0
1685,2019-05-24,3599.75,3604.25,3583,3590.25,09:37:00,11:18:00,HOD_FIRST,4.5,16.75,0.12500868,0.46531009,21.25,1,0,3585,21.25,35.36324736,34.35515826,0.12725076,0.4736556,827649,390,0
1686,2019-05-28,3593,3603.5,3563.25,3563.5,09:43:00,16:00:00,HOD_FIRST,10.5,29.75,0.2922349,0.82799889,40.25,4,0,3590.25,40.25,34.35515826,34.77621838,0.30563096,0.86595439,1105530,390,0
1687,2019-05-29,3550.75,3555,3528.5,3545,10:33:00,11:54:00,HOD_FIRST,4.25,22.25,0.11969302,0.62662818,26.5,1,0,3563.5,35,34.77621838,34.79220278,0.12220995,0.63980505,1624820,390,0
1688,2019-05-30,3552,3561.25,3538.75,3551.5,10:37:00,14:40:00,HOD_FIRST,9.25,13.25,0.26041667,0.37302928,22.5,1,0,3545,22.5,34.79220278,33.9141883,0.26586417,0.38083245,990828,390,0
1689,2019-05-31,3522.75,3531.75,3512.75,3514.25,11:30:00,15:39:00,HOD_FIRST,9,10,0.25548222,0.28386914,19,1,0,3551.5,38.75,33.9141883,34.25960342,0.26537566,0.29486184,1508450,390,0
1690,2019-06-03,3513.25,3526,3491,3506,10:44:00,15:33:00,HOD_FIRST,12.75,22.25,0.36291183,0.63331673,35,3,0,3514.25,35,34.25960342,34.31248889,0.37215842,0.64945294,1803795,390,0
1691,2019-06-04,3531.5,3567.25,3526.25,3565.5,15:59:00,09:52:00,LOD_FIRST,35.75,5.25,1.01231771,0.14866204,41,1,0,3506,61.25,34.31248889,36.23659683,1.04189469,0.15300551,1351482,390,0
1692,2019-06-05,3583.5,3590.25,3563.25,3589.5,15:58:00,10:53:00,LOD_FIRST,6.75,20.25,0.18836333,0.56509,27,1,0,3565.5,27,36.23659683,35.57683991,0.18627577,0.55882731,1239927,390,0
1693,2019-06-06,3593,3615.25,3585.5,3607.25,15:39:00,10:31:00,LOD_FIRST,22.25,7.5,0.61925967,0.20873922,29.75,1,0,3589.5,29.75,35.57683991,35.16063706,0.62540687,0.2108113,1148548,390,0
1694,2019-06-07,3619,3648.5,3617,3635.75,11:03:00,09:32:00,LOD_FIRST,29.5,2,0.8151423,0.05526389,31.5,1,0,3607.25,41.25,35.16063706,35.59559156,0.83900641,0.05688179,1180137,390,0
1695,2019-06-10,3653,3668,3648.5,3649,11:56:00,15:58:00,HOD_FIRST,15,4.5,0.41062141,0.12318642,19.5,3,0,3635.75,32.25,35.59559156,35.35662073,0.4214005,0.12642015,1035957,390,0
1696,2019-06-11,3669.25,3673.75,3641.5,3648.5,09:36:00,13:00:00,HOD_FIRST,4.5,27.75,0.12264087,0.75628534,32.25,1,0,3649,32.25,35.35662073,35.13471925,0.12727461,0.78486008,1037976,390,0
1697,2019-06-12,3645.75,3652,3637.5,3643,09:31:00,12:16:00,HOD_FIRST,6.25,8.25,0.17143249,0.22629089,14.5,1,0,3648.5,14.5,35.13471925,33.66081073,0.17788672,0.23481047,815882,390,0
1698,2019-06-13,3652.75,3658.75,3645,3655.5,09:46:00,11:07:00,HOD_FIRST,6,7.75,0.1642598,0.21216891,13.75,1,0,3643,15.75,33.66081073,32.38146711,0.17824883,0.23023807,796491,390,0
1699,2019-06-14,3651.25,3658,3642.75,3650.75,15:39:00,09:56:00,LOD_FIRST,6.75,8.5,0.1848682,0.23279699,15.25,1,0,3655.5,15.25,32.38146711,31.15779089,0.20845257,0.26249583,430105,390,0
1700,2019-06-17,3653.25,3660.5,3649.75,3652.5,10:42:00,09:34:00,LOD_FIRST,7.25,3.5,0.19845343,0.09580511,10.75,3,0,3650.75,10.75,31.15779089,29.70009154,0.23268659,0.11233146,637503,390,0
1701,2019-06-18,3671.75,3694.25,3668,3681.25,11:03:00,09:33:00,LOD_FIRST,22.5,3.75,0.61278682,0.10213114,26.25,1,0,3652.5,41.75,29.70009154,30.56079928,0.75757342,0.12626224,1243006,390,0
1702,2019-06-19,3683.25,3694.5,3673,3688.75,15:55:00,14:01:00,LOD_FIRST,11.25,10.25,0.30543677,0.27828684,21.5,1,0,3681.25,21.5,30.56079928,29.91359934,0.36811864,0.33539699,1040332,390,0
1703,2019-06-20,3718.25,3721,3693.5,3716.25,15:56:00,12:20:00,LOD_FIRST,2.75,24.75,0.07395952,0.66563572,27.5,1,0,3688.75,32.25,29.91359934,30.0804851,0.09193143,0.82738288,1234232,390,0
1704,2019-06-21,3713.25,3727,3709.5,3712.75,11:09:00,09:51:00,LOD_FIRST,13.75,3.75,0.37029556,0.1009897,17.5,1,0,3716.25,17.5,30.0804851,29.18187902,0.45710699,0.12466554,1023434,390,0
1705,2019-06-24,3714,3717.75,3706.5,3708.75,10:31:00,15:58:00,HOD_FIRST,3.75,7.5,0.10096931,0.20193861,11.25,3,0,3712.75,11.25,29.18187902,27.90103052,0.1285044,0.25700881,681841,390,0
1706,2019-06-25,3708.75,3709,3677.75,3679.75,09:31:00,15:56:00,HOD_FIRST,0.25,31,0.00674082,0.83586114,31.25,1,0,3708.75,31.25,27.90103052,28.14024262,0.00896024,1.11107007,1118648,390,0
1707,2019-06-26,3689,3694.5,3674.75,3676.5,09:39:00,14:55:00,HOD_FIRST,5.5,14.25,0.14909189,0.38628355,19.75,1,0,3679.75,19.75,28.14024262,27.54093958,0.19544963,0.50639222,859208,390,0
1708,2019-06-27,3684,3691.25,3679.75,3685.75,13:35:00,11:20:00,LOD_FIRST,7.25,4.25,0.19679696,0.11536374,11.5,1,0,3676.5,14.75,27.54093958,26.62730104,0.26324447,0.15431572,704828,390,0
1709,2019-06-28,3696.25,3706.25,3690.5,3701,15:59:00,09:52:00,LOD_FIRST,10,5.75,0.27054447,0.15556307,15.75,1,0,3685.75,20.5,26.62730104,26.18963668,0.3755544,0.21594378,932481,390,0
1710,2019-07-01,3737,3739.5,3713.25,3726,09:42:00,14:31:00,HOD_FIRST,2.5,23.75,0.06689858,0.63553653,26.25,3,0,3701,38.5,26.18963668,27.06894834,0.09545761,0.90684725,1057525,390,0
1711,2019-07-02,3725.75,3734.75,3716.25,3734.5,16:00:00,12:35:00,LOD_FIRST,9,9.5,0.2415621,0.25498222,18.5,1,0,3726,18.5,27.06894834,26.4568806,0.33248429,0.35095564,851695,390,0
1712,2019-07-05,3743.5,3755.5,3729,3752.75,14:59:00,10:47:00,LOD_FIRST,12,14.5,0.32055563,0.38733805,26.5,3,0,3734.5,26.5,26.4568806,26.45996056,0.45356821,0.54806159,879992,390,0
1713,2019-07-08,3739.25,3742.5,3731,3737.5,10:17:00,14:26:00,HOD_FIRST,3.25,8.25,0.08691583,0.22063248,11.5,3,0,3752.75,21.75,26.45996056,26.12353481,0.12282709,0.31179185,736034,390,0
1714,2019-07-09,3724,3744,3723.5,3741.25,15:55:00,09:31:00,LOD_FIRST,20,0.5,0.53705693,0.01342642,20.5,1,0,3737.5,20.5,26.12353481,25.72185375,0.76559318,0.01913983,667197,390,0
1715,2019-07-10,3752.25,3765.25,3746.25,3754.5,09:55:00,11:21:00,HOD_FIRST,13,6,0.34645879,0.15990406,19,1,0,3741.25,24,25.72185375,25.5988642,0.50540681,0.23326468,1053659,390,0
1716,2019-07-11,3761.25,3764,3750.25,3761.25,09:46:00,14:22:00,HOD_FIRST,2.75,11,0.07311399,0.29245597,13.75,1,0,3754.5,13.75,25.5988642,24.75251675,0.10742664,0.42970656,877541,390,0
1717,2019-07-12,3766.75,3775.75,3763.25,3774.75,16:00:00,10:45:00,LOD_FIRST,9,3.5,0.23893277,0.0929183,12.5,1,0,3761.25,14.5,24.75251675,24.02019413,0.36359939,0.14139976,665179,390,0
1718,2019-07-15,3779.25,3779.25,3770.25,3775.75,09:31:00,12:47:00,HOD_FIRST,0,9,0,0.23814249,9,3,0,3774.75,9,24.02019413,22.94732312,0,0.37468473,584631,390,0
1719,2019-07-16,3774.5,3776.5,3762.25,3765.25,10:48:00,12:21:00,HOD_FIRST,2,12.25,0.05298715,0.3245463,14.25,1,0,3775.75,14.25,22.94732312,22.32608575,0.08715614,0.53383133,720645,390,0
1720,2019-07-17,3765,3767,3744.75,3745,09:36:00,16:00:00,HOD_FIRST,2,20.25,0.05312085,0.53784861,22.25,1,0,3765.25,22.25,22.32608575,22.32065106,0.08958131,0.90701076,766218,390,0
1721,2019-07-18,3738.5,3759.25,3733.5,3755.25,15:03:00,11:50:00,LOD_FIRST,20.75,5,0.55503544,0.13374348,25.75,1,0,3745,25.75,22.32065106,22.56560455,0.92963238,0.2240078,981984,390,0
1722,2019-07-19,3767,3767.5,3735.5,3737.5,09:31:00,16:00:00,HOD_FIRST,0.5,31.5,0.01327316,0.83620919,32,1,0,3755.25,32,22.56560455,23.23948994,0.02215762,1.39592981,1051668,390,0
1723,2019-07-22,3742.25,3751.25,3736.25,3745.5,15:04:00,10:54:00,LOD_FIRST,9,6,0.24049703,0.16033135,15,3,0,3737.5,15,23.23948994,22.65095495,0.38727184,0.25818123,779946,390,0
1724,2019-07-23,3757.75,3766,3748,3765.25,15:42:00,12:05:00,LOD_FIRST,8.25,9.75,0.21954627,0.25946377,18,1,0,3745.5,20.5,22.65095495,22.49731531,0.36422305,0.43044543,784163,390,0
1725,2019-07-24,3757.25,3779.75,3756.5,3779.25,15:56:00,09:31:00,LOD_FIRST,22.5,0.75,0.59884224,0.01996141,23.25,1,0,3765.25,23.25,22.49731531,22.5510785,1.00011933,0.03333731,758337,390,0
1726,2019-07-25,3774.75,3775.5,3755.75,3764.5,09:31:00,12:42:00,HOD_FIRST,0.75,19,0.01986887,0.50334459,19.75,1,0,3779.25,23.5,22.5510785,22.61885861,0.03325783,0.84253177,989242,390,0
1727,2019-07-26,3772.5,3787.25,3771,3784.5,15:37:00,09:32:00,LOD_FIRST,14.75,1.5,0.39098741,0.03976143,16.25,1,0,3764.5,22.75,22.61885861,22.62822585,0.65211071,0.06631634,671943,390,0
1728,2019-07-29,3783.75,3784,3773.25,3779.25,09:32:00,10:12:00,HOD_FIRST,0.25,10.5,0.0066072,0.27750248,10.75,3,0,3784.5,11.25,22.62822585,21.81549543,0.01104815,0.46402224,622616,390,0
1729,2019-07-30,3763.5,3776,3759.25,3772.5,14:06:00,09:33:00,LOD_FIRST,12.5,4.25,0.33213764,0.1129268,16.75,1,0,3779.25,20,21.81549543,21.68581719,0.57298722,0.19481565,838515,390,0
1730,2019-07-31,3774,3776.25,3715.75,3737.25,11:58:00,14:54:00,HOD_FIRST,2.25,58.25,0.05961844,1.54345522,60.5,1,0,3772.5,60.5,21.68581719,24.45825882,0.10375445,2.68608739,1547323,390,0
1731,2019-08-01,3739,3772,3702.25,3711.75,11:47:00,14:44:00,HOD_FIRST,33,36.75,0.88258893,0.98288312,69.75,1,0,3737.25,69.75,24.45825882,27.69338319,1.3492375,1.50255994,2220719,390,0
1732,2019-08-02,3701.25,3703.75,3671.25,3689.75,09:40:00,11:02:00,HOD_FIRST,2.5,30,0.06754475,0.81053698,32.5,1,0,3711.75,40.5,27.69338319,28.60814153,0.09027427,1.08329126,1674919,390,0
1733,2019-08-05,3642.75,3644,3578.25,3602,09:32:00,15:10:00,HOD_FIRST,1.25,64.5,0.03431473,1.77064031,65.75,3,0,3689.75,111.5,28.60814153,34.52898856,0.04369386,2.25460294,2205839,390,0
1734,2019-08-06,3620.5,3641.5,3603.75,3639.25,15:51:00,11:21:00,LOD_FIRST,21,16.75,0.58003038,0.46264328,37.75,1,0,3602,39.5,34.52898856,34.88406081,0.60818463,0.48509964,1581226,390,0
1735,2019-08-07,3605,3649.25,3581,3641,15:40:00,09:48:00,LOD_FIRST,44.25,24,1.22746186,0.66574202,68.25,1,0,3639.25,68.25,34.88406081,37.26734218,1.26848764,0.6879933,1910562,390,0
1736,2019-08-08,3656.25,3696.75,3650.25,3696.75,16:00:00,09:52:00,LOD_FIRST,40.5,6,1.10769231,0.16410256,46.5,1,0,3641,55.75,37.26734218,38.58753202,1.08674238,0.16099887,1270492,390,0
1737,2019-08-09,3686.5,3693.25,3656.75,3676.25,09:39:00,11:59:00,HOD_FIRST,6.75,29.75,0.1831005,0.80699851,36.5,1,0,3696.75,40,38.58753202,38.68842259,0.17492697,0.77097442,1548417,390,0
1738,2019-08-12,3659.75,3666,3630.25,3641.25,10:27:00,15:00:00,HOD_FIRST,6.25,29.5,0.17077669,0.80606599,35.75,3,0,3676.25,46,38.68842259,39.21067812,0.16154704,0.76250201,1241837,390,0
1739,2019-08-13,3637.5,3702,3633.5,3685,10:28:00,09:33:00,LOD_FIRST,64.5,4,1.77319588,0.10996564,68.5,1,0,3641.25,68.5,39.21067812,41.30277254,1.64496007,0.10201303,1661463,390,0
1740,2019-08-14,3640.25,3647.5,3597,3599,09:40:00,15:25:00,HOD_FIRST,7.25,43.25,0.19916215,1.18810521,50.5,1,0,3685,88,41.30277254,44.63828879,0.17553301,1.0471452,2046236,390,0
1741,2019-08-15,3608,3615.5,3582.75,3605.75,10:13:00,13:54:00,HOD_FIRST,7.5,25.25,0.2078714,0.6998337,32.75,1,0,3599,32.75,44.63828879,43.7891253,0.16801719,0.56565788,1506548,390,0
1742,2019-08-16,3623.5,3652.5,3622.75,3647.75,15:56:00,09:31:00,LOD_FIRST,29,0.75,0.80033117,0.02069822,29.75,1,0,3605.75,46.75,43.7891253,44.00061635,0.66226488,0.01712754,1059655,390,0
1743,2019-08-19,3681.25,3690,3673.25,3682.25,13:21:00,10:14:00,LOD_FIRST,8.75,8,0.237691,0.21731749,16.75,3,0,3647.75,42.25,44.00061635,43.87557233,0.19886085,0.18181563,844915,390,0
1744,2019-08-20,3676.5,3682.25,3658,3658.75,11:13:00,16:00:00,HOD_FIRST,5.75,18.5,0.15639875,0.50319597,24.25,1,0,3682.25,24.25,43.87557233,42.47374573,0.13105242,0.42164692,1073200,390,0
1745,2019-08-21,3683.25,3687.25,3675.75,3682.5,09:46:00,14:01:00,HOD_FIRST,4,7.5,0.10859974,0.20362452,11.5,1,0,3658.75,28.5,42.47374573,41.47562104,0.09417582,0.17657967,803973,390,0
1746,2019-08-22,3690.25,3697.5,3662,3681,09:45:00,11:00:00,HOD_FIRST,7.25,28.25,0.19646365,0.76553079,35.5,1,0,3682.5,35.5,41.47562104,41.04879096,0.17480148,0.68112301,1061781,390,0
1747,2019-08-23,3667.25,3685.5,3591.75,3605.5,10:41:00,15:56:00,HOD_FIRST,18.25,75.5,0.4976481,2.05876338,93.75,1,0,3681,93.75,41.04879096,44.81316304,0.44459288,1.83927463,2146832,390,0
1748,2019-08-26,3630.25,3637.75,3613,3637.25,16:00:00,10:19:00,LOD_FIRST,7.5,17.25,0.20659734,0.47517389,24.75,3,0,3605.5,32.25,44.81316304,43.91579425,0.16736154,0.38493154,1018335,390,0
1749,2019-08-27,3653,3657.25,3617.75,3625.75,09:49:00,13:01:00,HOD_FIRST,4.25,35.25,0.11634273,0.96496031,39.5,1,0,3637.25,39.5,43.91579425,43.60038038,0.09677612,0.80267249,1095717,390,0
1750,2019-08-28,3618.5,3648.25,3609.5,3646,15:20:00,09:40:00,LOD_FIRST,29.75,9,0.82216388,0.24872185,38.75,1,0,3625.75,38.75,43.60038038,43.25392463,0.6823335,0.20642022,987964,390,0
1751,2019-08-29,3674.25,3688.5,3663,3682.5,14:15:00,10:38:00,LOD_FIRST,14.25,11.25,0.38783425,0.30618494,25.5,1,0,3646,42.5,43.25392463,43.20007287,0.32944987,0.26009201,968871,390,0
1752,2019-08-30,3699.25,3699.5,3671,3681,09:31:00,11:26:00,HOD_FIRST,0.25,28.25,0.00675813,0.76366831,28.5,1,0,3682.5,28.5,43.20007287,42.15006767,0.00578703,0.65393408,1161017,390,0
1753,2019-09-03,3661.75,3672.25,3648.75,3664,09:56:00,10:16:00,HOD_FIRST,10.5,13,0.28674814,0.35502151,23.5,4,0,3681,32.25,42.15006767,41.44291998,0.24910992,0.30842181,1192449,390,0
1754,2019-09-04,3687.75,3696.75,3679.25,3696,15:51:00,10:15:00,LOD_FIRST,9,8.5,0.24405125,0.23049285,17.5,1,0,3664,32.75,41.44291998,40.82199712,0.21716617,0.20510138,792415,390,0
1755,2019-09-05,3723.75,3744.25,3722.25,3734,10:20:00,09:31:00,LOD_FIRST,20.5,1.5,0.55052031,0.04028197,22,1,0,3696,48.25,40.82199712,41.35256876,0.50218023,0.0367449,1116330,390,0
1756,2019-09-06,3737.75,3743.5,3730,3736.5,13:31:00,09:45:00,LOD_FIRST,5.75,7.75,0.15383586,0.20734399,13.5,1,0,3734,13.5,41.35256876,39.36309956,0.13904819,0.18741278,773906,390,0
1757,2019-09-09,3747.25,3748,3727.25,3737,09:31:00,12:37:00,HOD_FIRST,0.75,20,0.02001468,0.53372473,20.75,3,0,3736.5,20.75,39.36309956,38.03359245,0.01905338,0.50809007,916633,390,0
1758,2019-09-10,3729,3737.5,3715,3737.25,16:00:00,10:14:00,LOD_FIRST,8.5,14,0.22794315,0.37543577,22.5,1,0,3737,22.5,38.03359245,36.92405013,0.22348665,0.36809565,1088860,390,0
1759,2019-09-11,3739.75,3758.75,3732.5,3758.25,16:00:00,09:35:00,LOD_FIRST,19,7.25,0.50805535,0.19386323,26.25,1,0,3737.25,26.25,36.92405013,36.16161798,0.51456977,0.19634899,962750,390,0
1760,2019-09-12,3767.25,3779.5,3758.75,3767.5,13:03:00,09:52:00,LOD_FIRST,12.25,8.5,0.32517088,0.22562877,20.75,1,0,3758.25,21.25,36.16161798,35.09650241,0.33875697,0.23505585,1072254,390,0
1761,2019-09-13,3772.5,3776.5,3761.25,3765.25,11:09:00,15:16:00,HOD_FIRST,4,11.25,0.10603048,0.29821074,15.25,1,0,3767.5,15.25,35.09650241,33.67889509,0.11397147,0.32054476,468599,390,0
1762,2019-09-16,3752.5,3760.5,3748.5,3755.5,10:07:00,12:00:00,HOD_FIRST,8,4,0.21319121,0.1065956,12,3,0,3765.25,16.75,33.67889509,32.4696883,0.23753748,0.11876874,643845,390,0
1763,2019-09-17,3753.5,3764.25,3751.75,3763.25,16:00:00,09:31:00,LOD_FIRST,10.75,1.75,0.28639936,0.04662315,12.5,1,0,3755.5,12.5,32.4696883,31.04328199,0.33107802,0.05389642,625004,390,0
1764,2019-09-18,3758.75,3766,3736,3764.75,15:46:00,14:49:00,LOD_FIRST,7.25,22.75,0.19288327,0.60525441,30,1,0,3763.25,30,31.04328199,30.96876185,0.23354489,0.73284777,1038943,390,0
1765,2019-09-19,3768.75,3779.75,3760,3763.5,11:38:00,15:54:00,HOD_FIRST,11,8.75,0.29187396,0.23217247,19.75,1,0,3764.75,19.75,30.96876185,30.16742172,0.35519664,0.28254278,842843,390,0
1766,2019-09-20,3770.25,3773.25,3740.5,3747.5,09:43:00,13:18:00,HOD_FIRST,3,29.75,0.07957032,0.78907234,32.75,1,0,3763.5,32.75,30.16742172,30.3518916,0.09944502,0.98616316,1070553,390,0
1767,2019-09-23,3741.5,3756,3738.75,3748.75,15:10:00,09:33:00,LOD_FIRST,14.5,2.75,0.3875451,0.07349993,17.25,3,0,3747.5,17.25,30.3518916,29.4160422,0.4777297,0.09060391,713672,390,0
1768,2019-09-24,3760.25,3764.5,3713.75,3724,09:57:00,13:24:00,HOD_FIRST,4.25,46.5,0.1130244,1.23661991,50.75,1,0,3748.75,50.75,29.4160422,30.93989633,0.14447899,1.5807701,1636920,390,0
1769,2019-09-25,3725,3747,3709,3741.75,15:51:00,10:02:00,LOD_FIRST,22,16,0.59060403,0.4295302,38,1,0,3724,38,30.93989633,31.44418945,0.71105603,0.51713166,1100921,390,0
1770,2019-09-26,3741.75,3743.75,3719.5,3735,15:34:00,11:26:00,LOD_FIRST,2,22.25,0.05345093,0.59464154,24.25,1,0,3741.75,24.25,31.44418945,30.93031877,0.06360476,0.70760291,1055023,390,0
1771,2019-09-27,3743.5,3744.75,3701.5,3718,09:32:00,14:53:00,HOD_FIRST,1.25,42,0.03339121,1.1219447,43.25,1,0,3735,43.25,30.93031877,31.810296,0.04041342,1.35789095,1339623,390,0
1772,2019-09-30,3724.25,3740.25,3723.5,3733,13:50:00,09:37:00,LOD_FIRST,16,0.75,0.4296167,0.02013828,16.75,3,0,3718,22.25,31.810296,31.12741772,0.5029818,0.02357727,792449,390,0
1773,2019-10-01,3742,3749.25,3693.75,3695.75,09:49:00,14:10:00,HOD_FIRST,7.25,48.25,0.19374666,1.28941742,55.5,1,0,3733,55.5,31.12741772,32.86831645,0.23291363,1.5500804,1311584,390,0
1774,2019-10-02,3678.5,3679,3629.25,3643.25,09:31:00,12:56:00,HOD_FIRST,0.5,49.25,0.0135925,1.33886095,49.75,1,0,3695.75,66.5,32.86831645,35.27057956,0.01521222,1.49840349,1636165,390,0
1775,2019-10-03,3640.5,3666.5,3610.25,3666.25,16:00:00,10:09:00,LOD_FIRST,26,30.25,0.71418761,0.83092982,56.25,1,0,3643.25,56.25,35.27057956,36.76910959,0.73715829,0.85765531,1589926,390,0
1776,2019-10-04,3673.75,3708.5,3672.75,3706,15:57:00,09:31:00,LOD_FIRST,34.75,1,0.94589997,0.02722014,35.75,1,0,3666.25,42.25,36.76910959,37.16060176,0.9450868,0.02719674,1013270,390,0
1777,2019-10-07,3696.75,3714.75,3689.5,3693,13:40:00,09:48:00,LOD_FIRST,18,7.25,0.48691418,0.19611821,25.25,3,0,3706,25.25,37.16060176,36.3098445,0.48438398,0.1950991,963725,390,0
1778,2019-10-08,3671.5,3680,3646,3647,14:51:00,16:00:00,HOD_FIRST,8.5,25.5,0.23151301,0.69453902,34,1,0,3693,47,36.3098445,37.07342703,0.23409629,0.70228888,1383451,390,0
1779,2019-10-09,3669,3684.75,3661.75,3673.75,15:40:00,11:14:00,LOD_FIRST,15.75,7.25,0.42927228,0.19760153,23,1,0,3647,37.75,37.07342703,37.12175367,0.42483259,0.19555786,840787,390,0
1780,2019-10-10,3672.75,3703.5,3671,3694,11:15:00,09:31:00,LOD_FIRST,30.75,1.75,0.83724729,0.04764822,32.5,1,0,3673.75,32.5,37.12175367,36.79162841,0.82835526,0.04714217,979241,390,0
1781,2019-10-11,3724,3749.25,3722.75,3723.75,11:35:00,12:33:00,HOD_FIRST,25.25,1.25,0.67803437,0.03356606,26.5,1,0,3694,55.25,36.79162841,38.11008352,0.68629743,0.03397512,1261255,390,0
1782,2019-10-14,3720.25,3727.75,3716.75,3721,11:01:00,09:41:00,LOD_FIRST,7.5,3.5,0.20159935,0.0940797,11,3,0,3723.75,11,38.11008352,36.17364899,0.19679831,0.09183921,496514,390,0
1783,2019-10-15,3732,3758.5,3730.75,3750.75,14:24:00,09:31:00,LOD_FIRST,26.5,1.25,0.71007503,0.03349411,27.75,1,0,3721,37.5,36.17364899,36.26838834,0.73257746,0.03455554,852958,390,0
1784,2019-10-16,3744.75,3752.75,3740,3745.75,11:02:00,10:07:00,LOD_FIRST,8,4.75,0.21363242,0.12684425,12.75,1,0,3750.75,12.75,36.26838834,34.58850346,0.22057776,0.13096805,763478,390,0
1785,2019-10-17,3757.5,3763.25,3745.75,3753,10:17:00,12:04:00,HOD_FIRST,5.75,11.75,0.15302728,0.31270792,17.5,1,0,3745.75,17.5,34.58850346,33.36789607,0.16624021,0.33970825,756005,390,0
1786,2019-10-18,3747,3754.25,3730.25,3740.25,09:49:00,12:21:00,HOD_FIRST,7.25,16.75,0.19348812,0.44702429,24,1,0,3753,24,33.36789607,32.69876064,0.21727471,0.50197951,983972,390,0
1787,2019-10-21,3754.75,3762.75,3749.75,3761,15:56:00,10:07:00,LOD_FIRST,8,5,0.21306345,0.13316466,13,3,0,3740.25,22.5,32.69876064,31.97027774,0.24465759,0.15291099,627391,390,0
1788,2019-10-22,3766.25,3769.25,3749.5,3750.5,10:59:00,16:00:00,HOD_FIRST,3,16.75,0.07965483,0.44473946,19.75,1,0,3761,19.75,31.97027774,31.09740075,0.09383716,0.52392413,850559,390,0
1789,2019-10-23,3747.25,3759.75,3745,3758.75,16:00:00,09:37:00,LOD_FIRST,12.5,2.25,0.33357796,0.06004403,14.75,1,0,3750.5,14.75,31.09740075,29.92972927,0.40196286,0.07235331,712234,390,0
1790,2019-10-24,3769,3770.5,3754,3763.75,09:31:00,10:31:00,HOD_FIRST,1.5,15,0.03979836,0.39798355,16.5,1,0,3758.75,16.5,29.92972927,28.9704629,0.05011739,0.50117393,801833,390,0
1791,2019-10-25,3756.75,3781.75,3756.5,3776.25,11:27:00,09:31:00,LOD_FIRST,25,0.25,0.66546882,0.00665469,25.25,1,0,3763.75,25.25,28.9704629,28.70471555,0.8629479,0.00862948,856333,390,0
1792,2019-10-28,3788.5,3798,3788.5,3793,10:34:00,09:31:00,LOD_FIRST,9.5,0,0.25075888,0,9.5,3,0,3776.25,21.75,28.70471555,28.20795015,0.33095608,0,784385,390,0
1793,2019-10-29,3789.25,3801.5,3787.5,3791,10:48:00,09:33:00,LOD_FIRST,12.25,1.75,0.32328297,0.04618328,14,1,0,3793,14,28.20795015,27.19309657,0.43427473,0.06203925,809275,390,0
1794,2019-10-30,3793.25,3804.25,3778.5,3800.25,15:25:00,10:05:00,LOD_FIRST,11,14.75,0.2899888,0.38884861,25.75,1,0,3791,25.75,27.19309657,27.09001824,0.40451443,0.54241708,939492,390,0
1795,2019-10-31,3799.25,3799.75,3775.5,3791.25,09:31:00,10:36:00,HOD_FIRST,0.5,23.75,0.01316049,0.62512338,24.25,1,0,3800.25,24.75,27.09001824,26.92287408,0.01845698,0.87670668,1300364,390,0
1796,2019-11-01,3807,3820.25,3805.5,3820,16:00:00,09:34:00,LOD_FIRST,13.25,1.5,0.34804308,0.0394011,14.75,1,0,3791.25,29,26.92287408,27.07124022,0.49214657,0.05571471,928002,390,0
1797,2019-11-04,3836.75,3838.25,3827.75,3831.75,09:31:00,15:16:00,HOD_FIRST,1.5,9,0.03909559,0.23457353,10.5,3,0,3820,18.25,27.07124022,26.44115163,0.05540936,0.33245614,850352,390,0
1798,2019-11-05,3834.25,3837.25,3825,3828,10:02:00,10:46:00,HOD_FIRST,3,9.25,0.07824216,0.24124666,12.25,1,0,3831.75,12.25,26.44115163,25.42749794,0.11345951,0.34983348,843619,390,0
1799,2019-11-06,3828.5,3832.25,3818.25,3829.25,11:45:00,11:55:00,HOD_FIRST,3.75,10.25,0.09794959,0.26772888,14,1,0,3828,14,25.42749794,24.61124809,0.14747814,0.40310691,832020,390,0
1800,2019-11-07,3843.25,3852.25,3834,3839.75,12:00:00,15:22:00,HOD_FIRST,9,9.25,0.2341768,0.24068171,18.25,1,0,3829.25,23,24.61124809,24.49615894,0.36568645,0.37584441,1015552,390,0
1801,2019-11-08,3835.25,3847.25,3827.75,3847.25,16:00:00,10:02:00,LOD_FIRST,12,7.5,0.31288703,0.1955544,19.5,1,0,3839.75,19.5,24.49615894,24.13929045,0.48987272,0.30617045,768951,390,0
1802,2019-11-11,3831.25,3842.5,3829.75,3841,13:45:00,09:32:00,LOD_FIRST,11.25,1.5,0.29363785,0.03915171,12.75,3,0,3847.25,17.5,24.13929045,23.66505541,0.46604518,0.06213936,560929,390,0
1803,2019-11-12,3844.5,3857.25,3838.25,3846.5,10:42:00,14:56:00,HOD_FIRST,12.75,6.25,0.33164261,0.16256991,19,1,0,3841,19,23.66505541,23.33183717,0.53876907,0.26410249,867900,390,0
1804,2019-11-13,3835.75,3852.25,3833.25,3847.75,13:54:00,09:33:00,LOD_FIRST,16.5,2.5,0.43016359,0.0651763,19,1,0,3846.5,19,23.33183717,23.02242023,0.7071882,0.10714973,941127,390,0
1805,2019-11-14,3843.75,3852.5,3837,3851.5,15:52:00,11:49:00,LOD_FIRST,8.75,6.75,0.22764228,0.17560976,15.5,1,0,3847.75,15.5,23.02242023,22.4851045,0.3800643,0.29319246,784037,390,0
1806,2019-11-15,3866,3874.5,3858.5,3874.5,16:00:00,10:00:00,LOD_FIRST,8.5,7.5,0.21986549,0.19399897,16,1,0,3851.5,23,22.4851045,22.52188275,0.37802804,0.33355415,832201,390,0
1807,2019-11-18,3871.25,3878.75,3866.25,3876.25,14:36:00,10:30:00,LOD_FIRST,7.5,5,0.19373587,0.12915725,12.5,3,0,3874.5,12.5,22.52188275,21.80603398,0.33300946,0.22200631,690115,390,0
1808,2019-11-19,3882.75,3883.25,3868,3874.75,09:31:00,10:57:00,HOD_FIRST,0.5,14.75,0.01287747,0.37988539,15.25,1,0,3876.25,15.25,21.80603398,21.33774584,0.02292943,0.67641828,877776,390,0
1809,2019-11-20,3868.5,3873.75,3846,3863.5,10:54:00,13:17:00,HOD_FIRST,5.25,22.5,0.13571152,0.58162078,27.75,1,0,3874.75,28.75,21.33774584,21.86719256,0.24604286,1.0544694,1251366,390,0
1810,2019-11-21,3863.75,3865,3848.75,3858,09:31:00,10:34:00,HOD_FIRST,1.25,15,0.03235199,0.38822388,16.25,1,0,3863.5,16.25,21.86719256,21.46596452,0.05716326,0.68595911,915335,390,0
1811,2019-11-22,3865.75,3867,3853,3865,09:38:00,11:07:00,HOD_FIRST,1.25,12.75,0.03233525,0.32981957,14,1,0,3858,14,21.46596452,20.93268134,0.05823172,0.59396353,661409,390,0
1812,2019-11-25,3874.75,3888.75,3874.5,3888.5,16:00:00,09:31:00,LOD_FIRST,14,0.25,0.36131363,0.00645203,14.25,3,0,3865,23.75,20.93268134,21.13391839,0.66881064,0.01194305,658350,390,0
1813,2019-11-26,3889,3897.25,3885,3894.75,15:57:00,09:33:00,LOD_FIRST,8.25,4,0.2121368,0.1028542,12.25,1,0,3888.5,12.25,21.13391839,20.49935279,0.39036774,0.18926921,731986,390,0
1814,2019-11-27,3900.25,3909,3897.5,3908.5,16:00:00,09:43:00,LOD_FIRST,8.75,2.75,0.22434459,0.0705083,11.5,1,0,3894.75,14.25,20.49935279,20.05297045,0.42684274,0.13415058,656144,390,0
1815,2019-12-02,3900,3900.5,3865.5,3869.75,09:31:00,11:12:00,HOD_FIRST,0.5,34.5,0.01282051,0.88461538,35,5,0,3908.5,43,20.05297045,21.69204399,0.02493396,1.72044337,1519786,390,0
1816,2019-12-03,3840,3850,3824.75,3848.5,16:00:00,09:51:00,LOD_FIRST,10,15.25,0.26041667,0.39713542,25.25,1,0,3869.75,45,21.69204399,23.35689799,0.46099851,0.70302273,1548253,390,0
1817,2019-12-04,3860.5,3874.75,3856.5,3868.25,14:55:00,09:33:00,LOD_FIRST,14.25,4,0.36912317,0.10361352,18.25,1,0,3848.5,26.25,23.35689799,23.56354813,0.61009814,0.17125562,876306,390,0
1818,2019-12-05,3875.5,3875.5,3858.5,3873.25,09:31:00,10:10:00,HOD_FIRST,0,17,0,0.43865308,17,1,0,3868.25,17,23.56354813,23.09472327,0,0.72145332,958387,390,0
1819,2019-12-06,3894,3906.25,3893.75,3901.25,13:19:00,09:31:00,LOD_FIRST,12.25,0.25,0.31458654,0.00642013,12.5,1,0,3873.25,33,23.09472327,23.80224303,0.5304242,0.01082498,871953,390,0
1820,2019-12-09,3897.25,3904.75,3890.75,3891.75,10:16:00,16:00:00,HOD_FIRST,7.5,6.5,0.19244339,0.16678427,14,3,0,3901.25,14,23.80224303,23.10208282,0.31509635,0.27308351,800251,390,0
1821,2019-12-10,3891.25,3898.25,3880.75,3888,11:02:00,09:39:00,LOD_FIRST,7,10.5,0.17989078,0.26983617,17.5,1,0,3891.75,17.5,23.10208282,22.70193404,0.30300298,0.45450447,899607,390,0
1822,2019-12-11,3893,3899.75,3888.75,3897,15:01:00,13:40:00,LOD_FIRST,6.75,4.25,0.17338813,0.10917031,11,1,0,3888,11.75,22.70193404,21.91965304,0.2973315,0.18720872,796661,390,0
1823,2019-12-12,3896.75,3932.75,3894,3923.75,10:15:00,09:35:00,LOD_FIRST,36,2.75,0.9238468,0.07057163,38.75,1,0,3897,38.75,21.91965304,23.12182068,1.64236176,0.12545819,1614829,390,0
1824,2019-12-13,3920.75,3939.25,3912,3925,10:07:00,11:29:00,HOD_FIRST,18.5,8.75,0.4718485,0.22317159,27.25,1,0,3923.75,27.25,23.12182068,23.41669063,0.80011,0.37843041,707665,390,0
1825,2019-12-16,3943.75,3954.25,3943.5,3947.75,13:59:00,09:31:00,LOD_FIRST,10.5,0.25,0.26624406,0.00633914,10.75,3,0,3925,29.25,23.41669063,23.83335559,0.44839812,0.01067615,740750,390,0
1826,2019-12-17,3951.75,3955.25,3946.25,3947.25,09:37:00,16:00:00,HOD_FIRST,3.5,5.5,0.08856836,0.13917884,9,1,0,3947.75,9,23.83335559,22.77383019,0.14685301,0.23076902,716093,390,0
1827,2019-12-18,3951.75,3954.75,3947.25,3948.5,11:18:00,10:12:00,LOD_FIRST,3,4.5,0.07591573,0.1138736,7.5,1,0,3947.25,7.5,22.77383019,21.68284232,0.13173015,0.19759522,656695,390,0
1828,2019-12-19,3949.75,3962.75,3949.25,3962,16:00:00,09:31:00,LOD_FIRST,13,0.5,0.32913476,0.01265903,13.5,1,0,3948.5,14.25,21.68284232,21.15192501,0.59955239,0.02305971,655540,390,0
1829,2019-12-20,3973,3981.25,3971,3975.75,14:54:00,09:47:00,LOD_FIRST,8.25,2,0.20765165,0.05033979,10.25,1,0,3962,19.25,21.15192501,21.01607322,0.39003542,0.09455404,857176,390,0
1830,2019-12-23,3982.25,3982.5,3976,3978,09:31:00,15:59:00,HOD_FIRST,0.25,6.25,0.00627786,0.15694645,6.5,3,0,3975.75,6.75,21.01607322,19.99706799,0.01189566,0.29739143,447956,390,0
1831,2019-12-26,3981,3994.5,3980.75,3994.25,16:00:00,09:31:00,LOD_FIRST,13.5,0.25,0.33911078,0.00627983,13.75,3,0,3978,16.5,19.99706799,19.74727742,0.67509897,0.01250183,343324,390,0
1832,2019-12-27,4002.25,4002.75,3987.25,3993.25,09:31:00,15:51:00,HOD_FIRST,0.5,15,0.01249297,0.37478918,15.5,1,0,3994.25,15.5,19.74727742,19.44390046,0.02531995,0.75959838,741218,390,0
1833,2019-12-30,3993.25,3994.75,3969,3974.25,09:31:00,10:16:00,HOD_FIRST,1.5,24.25,0.03756339,0.60727478,25.75,3,0,3993.25,25.75,19.44390046,19.89433614,0.07714502,1.24717775,915572,390,0
1834,2019-12-31,3968.5,3984.25,3964.75,3981.5,16:00:00,09:32:00,LOD_FIRST,15.75,3.75,0.39687539,0.09449414,19.5,1,0,3974.25,19.5,19.89433614,19.86616928,0.79168261,0.18849586,899187,390,0
1835,2020-01-02,3998.25,4010.5,3987.25,4010.25,16:00:00,11:37:00,LOD_FIRST,12.25,11,0.30638404,0.27512037,23.25,2,0,3981.5,29,19.86616928,20.51858576,0.61662618,0.55370514,1082005,390,0
1836,2020-01-03,3973.25,3998,3972.5,3986,12:52:00,09:31:00,LOD_FIRST,24.75,0.75,0.62291575,0.01887623,25.5,1,0,4010.25,37.75,20.51858576,21.74940106,1.20622348,0.03655223,1144729,390,0
1837,2020-01-06,3966.25,3999.25,3965,3998.25,16:00:00,09:31:00,LOD_FIRST,33,1.25,0.83202017,0.03151592,34.25,3,0,3986,34.25,21.74940106,22.64230098,1.51728316,0.05747285,1021281,390,0
1838,2020-01-07,3991.25,3996.5,3983.5,3989,11:26:00,09:48:00,LOD_FIRST,5.25,7.75,0.13153774,0.19417476,13,1,0,3998.25,14.75,22.64230098,22.0785652,0.23186689,0.3422797,868427,390,0
1839,2020-01-08,3990.75,4019.5,3987.75,4005.5,15:23:00,09:32:00,LOD_FIRST,28.75,3,0.72041596,0.07517384,31.75,1,0,3989,31.75,22.0785652,22.76938197,1.30216795,0.13587839,1270526,390,0
1840,2020-01-09,4022.75,4028.5,4016,4027.25,14:44:00,12:45:00,LOD_FIRST,5.75,6.75,0.14293705,0.16779566,12.5,1,0,4005.5,23,22.76938197,22.78585469,0.25253211,0.29645073,951044,390,0
1841,2020-01-10,4033.75,4035.5,4012.5,4017.5,10:07:00,15:43:00,HOD_FIRST,1.75,21.25,0.04338395,0.52680508,23,1,0,4027.25,23,22.78585469,22.80115078,0.07680203,0.93259613,1147346,390,0
1842,2020-01-13,4024.75,4040.5,4019.75,4040.25,16:00:00,09:43:00,LOD_FIRST,15.75,5,0.39132865,0.12423132,20.75,3,0,4017.5,23,22.80115078,22.8153543,0.69075461,0.21928718,733234,390,0
1843,2020-01-14,4035.5,4046.75,4029,4035,13:34:00,14:15:00,HOD_FIRST,11.25,6.5,0.27877586,0.1610705,17.75,1,0,4040.25,17.75,22.8153543,22.45354328,0.49308899,0.28489586,1286390,390,0
1844,2020-01-15,4034,4050.75,4033,4042.75,11:42:00,15:34:00,HOD_FIRST,16.75,1,0.41522062,0.02478929,17.75,1,0,4035,17.75,22.45354328,22.1175759,0.74598471,0.0445364,1143136,390,0
1845,2020-01-16,4057,4069.5,4054.5,4069.25,16:00:00,09:53:00,LOD_FIRST,12.5,2.5,0.30810944,0.06162189,15,1,0,4042.75,26.75,22.1175759,22.44846333,0.56516139,0.11303228,986448,390,0
1846,2020-01-17,4077,4082,4070.75,4080,15:58:00,11:20:00,LOD_FIRST,5,6.25,0.1226392,0.15329899,11.25,1,0,4069.25,12.75,22.44846333,21.75571595,0.22273239,0.27841549,876276,390,0
1847,2020-01-21,4068.25,4081.5,4067.75,4073,12:38:00,09:31:00,LOD_FIRST,13.25,0.5,0.32569287,0.0122903,13.75,4,0,4080,13.75,21.75571595,21.1838791,0.60903535,0.02298247,1042889,390,0
1848,2020-01-22,4082.25,4089.25,4071.25,4073.25,10:44:00,15:25:00,HOD_FIRST,7,11,0.17147406,0.26945924,18,1,0,4073,18,21.1838791,20.95645916,0.33043995,0.51926278,1134510,390,0
1849,2020-01-23,4065.25,4078.75,4053,4077,16:00:00,09:39:00,LOD_FIRST,13.5,12.25,0.3320829,0.30133448,25.75,1,0,4073.25,25.75,20.95645916,21.29885494,0.64419279,0.58454531,1329439,390,0
1850,2020-01-24,4083.25,4084.25,4032.25,4046.25,09:33:00,14:24:00,HOD_FIRST,1,51,0.0244903,1.24900508,52,1,0,4077,52,21.29885494,23.49179387,0.04695088,2.39449492,2139013,390,0
1851,2020-01-27,3988.5,4009.5,3984.75,3993,12:48:00,09:31:00,LOD_FIRST,21,3.75,0.52651373,0.09402031,24.75,3,0,4046.25,61.5,23.49179387,26.20666574,0.89392918,0.15963021,1737048,390,0
1852,2020-01-28,4008.75,4036.75,4003.5,4027.75,14:46:00,09:41:00,LOD_FIRST,28,5.25,0.69847209,0.13096352,33.25,1,0,3993,43.75,26.20666574,27.45976104,1.06843046,0.20033071,1289056,390,0
1853,2020-01-29,4042,4044.5,4022,4024.25,14:05:00,10:13:00,LOD_FIRST,2.5,20,0.06185057,0.49480455,22.5,1,0,4027.75,22.5,27.45976104,27.1054924,0.09104231,0.72833846,1217529,390,0
1854,2020-01-30,4000.75,4037,3992.75,4034.5,16:00:00,10:56:00,LOD_FIRST,36.25,8,0.90608011,0.19996251,44.25,1,0,4024.25,44.25,27.1054924,28.33010008,1.33736733,0.29514313,1717314,390,0
1855,2020-01-31,4027.25,4029.25,3964.5,3974.25,09:32:00,15:44:00,HOD_FIRST,2,62.75,0.04966168,1.5581352,64.75,1,0,4034.5,70,28.33010008,31.3065215,0.07059629,2.21495864,2443582,390,0
1856,2020-02-03,3991,4019,3989.5,3998.75,10:29:00,09:31:00,LOD_FIRST,28,1.5,0.70157855,0.03758457,29.5,3,0,3974.25,44.75,31.3065215,32.26676997,0.89438234,0.04791334,1261219,390,0
1857,2020-02-04,4038.25,4057,4034,4047.75,14:45:00,09:40:00,LOD_FIRST,18.75,4.25,0.46431004,0.10524361,23,1,0,3998.75,58.25,32.26676997,34.12271497,0.58109318,0.13171445,1102570,390,0
1858,2020-02-05,4079.75,4087.75,4063.5,4085.25,15:23:00,10:42:00,LOD_FIRST,8,16.25,0.19609045,0.39830872,24.25,1,0,4047.75,40,34.12271497,34.54252104,0.23444793,0.47622236,1301600,390,0
1859,2020-02-06,4095.75,4098.25,4084.5,4096.25,13:06:00,09:43:00,LOD_FIRST,2.5,11.25,0.06103888,0.27467497,13.75,1,0,4085.25,13.75,34.54252104,33.05734097,0.07237457,0.32568555,960806,390,0
1860,2020-02-07,4084.75,4093,4072.5,4078.5,11:32:00,14:14:00,HOD_FIRST,8.25,12.25,0.20197074,0.29989595,20.5,1,0,4096.25,23.75,33.05734097,32.3925309,0.24956635,0.37056822,1149587,390,0
1861,2020-02-10,4068.25,4103.5,4068,4103.25,16:00:00,09:31:00,LOD_FIRST,35.25,0.25,0.86646593,0.00614515,35.5,3,0,4078.5,35.5,32.3925309,32.61449298,1.08821383,0.00771783,848276,390,0
1862,2020-02-11,4118,4126.25,4103.5,4108.5,10:32:00,15:19:00,HOD_FIRST,8.25,14.5,0.20033997,0.35211268,22.75,1,0,4103.25,23,32.61449298,31.92774348,0.25295503,0.44458763,1150003,390,0
1863,2020-02-12,4124.25,4132.5,4120.25,4130,15:55:00,10:08:00,LOD_FIRST,8.25,4,0.20003637,0.09698733,12.25,1,0,4108.5,24,31.92774348,31.36147609,0.25839596,0.12528289,884070,390,0
1864,2020-02-13,4114,4136.5,4110.75,4126.5,14:05:00,09:31:00,LOD_FIRST,22.5,3.25,0.54691298,0.07899854,25.75,1,0,4130,25.75,31.36147609,30.96065637,0.71744072,0.10363033,1180260,390,0
1865,2020-02-14,4129.75,4132.5,4117,4131.25,11:19:00,14:17:00,HOD_FIRST,2.75,12.75,0.06658999,0.3087354,15.5,1,0,4126.5,15.5,30.96065637,29.85632377,0.08882241,0.41181297,949154,390,0
1866,2020-02-18,4120.25,4126.75,4107,4121.75,15:16:00,11:45:00,LOD_FIRST,6.5,13.25,0.15775742,0.32158243,19.75,4,0,4131.25,24.25,29.85632377,29.45587207,0.21770932,0.44379208,1149844,390,0
1867,2020-02-19,4132.5,4145.5,4129.5,4138,14:46:00,09:34:00,LOD_FIRST,13,3,0.31457955,0.07259528,16,1,0,4121.75,23.75,29.45587207,29.04830978,0.44133815,0.10184726,813559,390,0
1868,2020-02-20,4131.75,4140.75,4091,4123.75,10:12:00,11:33:00,HOD_FIRST,9,40.75,0.21782538,0.9862649,49.75,1,0,4138,49.75,29.04830978,30.52700194,0.3098287,1.40283549,1608985,390,0
1869,2020-02-21,4109,4112.25,4079.75,4088.75,09:32:00,13:55:00,HOD_FIRST,3.25,29.25,0.07909467,0.71185203,32.5,1,0,4123.75,44,30.52700194,31.48935894,0.10646312,0.95816812,1632844,390,0
1870,2020-02-24,3984.5,4011.75,3965.5,3977.25,10:02:00,13:18:00,HOD_FIRST,27.25,19,0.68390011,0.47684779,46.25,3,0,4088.75,123.25,31.48935894,38.04369045,0.8653717,0.60337843,2289613,390,0
1871,2020-02-25,3992.25,3999,3869,3879.5,09:31:00,15:40:00,HOD_FIRST,6.75,123.25,0.16907759,3.08723151,130,1,0,3977.25,130,38.04369045,44.61199827,0.17742758,3.23969622,3311431,390,0
1872,2020-02-26,3894,3933.75,3859.25,3868,10:52:00,13:46:00,HOD_FIRST,39.75,34.75,1.02080123,0.89239856,74.5,1,0,3879.5,74.5,44.61199827,46.74685554,0.8910159,0.77893843,2582744,390,0
1873,2020-02-27,3806,3848,3725.5,3725.5,12:40:00,16:00:00,HOD_FIRST,42,80.5,1.10352076,2.11508145,122.5,1,0,3868,142.5,46.74685554,53.58636586,0.89845615,1.72204096,3247896,390,0
1874,2020-02-28,3637.5,3717.75,3605,3715.5,16:00:00,10:06:00,LOD_FIRST,80.25,32.5,2.20618557,0.89347079,112.75,1,0,3725.5,120.5,53.58636586,58.36591115,1.49758243,0.60649756,3688011,390,0
1875,2020-03-02,3732.25,3842.5,3694.25,3841.25,16:00:00,10:09:00,LOD_FIRST,110.25,38,2.95398218,1.01815259,148.25,3,0,3715.5,148.25,58.36591115,64.78620321,1.88894507,0.65106497,2242460,390,0
1876,2020-03-03,3845.25,3888.75,3724.75,3752.75,10:04:00,14:10:00,HOD_FIRST,43.5,120.5,1.13126585,3.13373643,164,1,0,3841.25,164,64.78620321,71.87290299,0.67143925,1.85996391,2647040,390,0
1877,2020-03-04,3810.5,3880.75,3782.5,3878.75,16:00:00,09:59:00,LOD_FIRST,70.25,28,1.84359008,0.7348117,98.25,1,0,3752.75,128,71.87290299,75.88198134,0.97741982,0.38957658,1669799,390,0
1878,2020-03-05,3798.75,3834,3748.25,3773.25,11:28:00,15:27:00,HOD_FIRST,35.25,50.5,0.92793682,1.32938467,85.75,1,0,3878.75,130.5,75.88198134,79.78326839,0.46453716,0.66550713,1953256,390,0
1879,2020-03-06,3680,3736,3649.75,3722.25,15:58:00,15:10:00,LOD_FIRST,56,30.25,1.52173913,0.82201087,86.25,1,0,3773.25,123.5,79.78326839,82.90589208,0.70190155,0.37915218,2040427,390,0
1880,2020-03-10,3592,3633.75,3480.25,3633,16:00:00,11:39:00,LOD_FIRST,41.75,111.75,1.16230512,3.11108018,153.5,4,0,3722.25,242,82.90589208,94.26975693,0.50358303,1.34791385,2320021,390,0
1881,2020-03-11,3554,3566.25,3454.5,3489.75,09:35:00,15:25:00,HOD_FIRST,12.25,99.5,0.34468205,2.79966235,111.75,1,0,3633,178.5,94.26975693,100.28620286,0.12994624,1.05548166,2004076,390,0
1882,2020-03-13,3374.25,3457.75,3240.5,3455.5,16:00:00,11:50:00,LOD_FIRST,83.5,133.75,2.47462399,3.96384382,217.25,2,0,3489.75,249.25,100.28620286,110.92647409,0.83261703,1.33368296,1594561,390,0
1883,2020-03-17,3193.5,3305.5,3114.75,3294.25,12:14:00,10:01:00,LOD_FIRST,112,78.75,3.50712385,2.46594645,190.75,4,0,3455.5,340.75,110.92647409,127.34244022,1.00967782,0.70992971,2222838,390,0
1884,2020-03-19,3137.5,3220,3069,3161,14:45:00,09:43:00,LOD_FIRST,82.5,68.5,2.62948207,2.18326693,151,2,0,3294.25,225.25,127.34244022,134.33583735,0.64785942,0.53791964,1979563,390,0
1885,2020-03-20,3183.5,3205.25,3043.5,3047,11:01:00,16:00:00,HOD_FIRST,21.75,140,0.6832103,4.39767551,161.75,1,0,3161,161.75,134.33583735,136.29399182,0.16190765,1.0421642,2091467,390,0
1886,2020-03-23,3042.25,3053.5,2942.25,2979.5,13:15:00,11:47:00,LOD_FIRST,11.25,100,0.36979209,3.28704084,111.25,3,0,3047,111.25,136.29399182,134.50513527,0.08254216,0.73370806,2077651,390,0
1887,2020-03-24,3109.5,3200.5,3096.75,3195.75,15:58:00,09:31:00,LOD_FIRST,91,12.75,2.92651552,0.41003377,103.75,1,0,2979.5,221,134.50513527,140.68333989,0.67655409,0.09479192,1895607,390,0
1888,2020-03-25,3206.75,3323.5,3156.25,3229.5,13:49:00,10:15:00,LOD_FIRST,116.75,50.5,3.64075778,1.57480315,167.25,1,0,3195.75,167.25,140.68333989,142.58095847,0.82987794,0.35896219,2060498,390,0
1889,2020-03-26,3255.75,3388.5,3250,3371.75,15:56:00,09:31:00,LOD_FIRST,132.75,5.75,4.07740152,0.17661061,138.5,1,0,3229.5,159,142.58095847,143.75374715,0.93104999,0.04032797,1654085,390,0
1890,2020-03-27,3290.75,3367.75,3268,3294.75,15:29:00,09:49:00,LOD_FIRST,77,22.75,2.33989212,0.69133176,99.75,1,0,3371.75,103.75,143.75374715,140.89633664,0.53563821,0.15825674,1519617,390,0
1891,2020-03-30,3315.5,3384.5,3295,3376.75,15:51:00,09:44:00,LOD_FIRST,69,20.5,2.08113407,0.61830795,89.5,3,0,3294.75,89.75,140.89633664,137.24302688,0.48972175,0.14549704,1188906,390,0
1892,2020-03-31,3365.25,3392.25,3321.25,3334.5,11:36:00,15:25:00,HOD_FIRST,27,44,0.80231781,1.30748087,71,1,0,3376.75,71,137.24302688,132.5113821,0.19673131,0.32059917,1638849,390,0
1893,2020-04-01,3238.25,3272.5,3197,3218.5,11:11:00,15:45:00,HOD_FIRST,34.25,41.25,1.05767004,1.27383618,75.5,1,0,3334.5,137.5,132.5113821,132.86771195,0.25846836,0.31129401,1432222,390,0
1894,2020-04-02,3210.5,3285.75,3204,3278.75,10:38:00,09:47:00,LOD_FIRST,75.25,6.5,2.34387167,0.20246068,81.75,1,0,3218.5,81.75,132.86771195,129.21644681,0.56635279,0.04892084,1534037,390,0
1895,2020-04-03,3266.25,3292.25,3211.75,3242.25,09:42:00,14:13:00,HOD_FIRST,26,54.5,0.7960199,1.66858018,80.5,1,0,3278.75,80.5,129.21644681,125.73670061,0.20121278,0.42177293,1268601,390,0
1896,2020-04-06,3338,3431.25,3326.75,3409.5,15:57:00,09:38:00,LOD_FIRST,93.25,11.25,2.79358898,0.33702816,104.5,3,0,3242.25,189,125.73670061,130.25550771,0.74162913,0.08947268,1400670,390,0
1897,2020-04-07,3502.5,3512.75,3410.25,3412.5,09:33:00,16:00:00,HOD_FIRST,10.25,92.25,0.29264811,2.63383298,102.5,1,0,3409.5,103.25,130.25550771,128.32654287,0.07869149,0.70822341,1754259,390,0
1898,2020-04-08,3440.5,3515.25,3416.25,3501.25,15:55:00,10:09:00,LOD_FIRST,74.75,24.25,2.17264932,0.70483941,99,1,0,3412.5,102.75,128.32654287,126.49964695,0.58249835,0.18897104,1374900,390,0
1899,2020-04-09,3536,3572.25,3515,3542.75,13:32:00,14:56:00,HOD_FIRST,36.25,21,1.02516968,0.5938914,57.25,1,0,3501.25,71,126.49964695,122.53538646,0.28656206,0.16600837,1619830,390,0
1900,2020-04-13,3531.5,3534.5,3473.75,3515.75,09:31:00,11:10:00,HOD_FIRST,3,57.75,0.08494974,1.63528246,60.75,4,0,3542.75,69,122.53538646,118.71143028,0.02448272,0.47129243,1203351,390,0
1901,2020-04-14,3570.25,3608.75,3559,3599.75,15:51:00,09:31:00,LOD_FIRST,38.5,11.25,1.07835586,0.31510398,49.75,1,0,3515.75,93,118.71143028,116.87489955,0.32431586,0.09476762,1267133,390,0
1902,2020-04-15,3535.5,3555.5,3514,3537.75,15:02:00,10:39:00,LOD_FIRST,20,21.5,0.56569085,0.60811766,41.5,1,0,3599.75,85.75,116.87489955,114.65169244,0.17112314,0.18395738,1279040,390,0
1903,2020-04-16,3551.5,3560.5,3517.5,3551.5,11:55:00,10:14:00,LOD_FIRST,9,34,0.25341405,0.95734197,43,1,0,3537.75,43,114.65169244,109.53371441,0.07849862,0.29655035,1219955,390,0
1904,2020-04-17,3613,3633.75,3583.75,3627.25,15:52:00,11:28:00,LOD_FIRST,20.75,29.25,0.57431497,0.80957653,50,1,0,3551.5,82.25,109.53371441,107.58487766,0.18943939,0.26704107,1216657,390,0
1905,2020-04-20,3585.5,3623.5,3573.5,3576,11:40:00,15:07:00,HOD_FIRST,38,12,1.05982429,0.33468136,50,3,0,3627.25,53.75,107.58487766,103.73952926,0.35320949,0.11153984,1049967,390,0
1906,2020-04-21,3527,3540.25,3480,3489.75,09:57:00,12:47:00,HOD_FIRST,13.25,47,0.37567338,1.33257726,60.25,1,0,3576,96,103.73952926,103.18670574,0.12772373,0.45305777,1393864,390,0
1907,2020-04-22,3543.5,3570.75,3529,3551.75,15:51:00,10:16:00,LOD_FIRST,27.25,14.5,0.76901369,0.40919994,41.75,1,0,3489.75,81,103.18670574,101.60194104,0.26408441,0.14052198,916392,390,0
1908,2020-04-23,3564.75,3599.5,3547.75,3550.75,10:45:00,14:11:00,HOD_FIRST,34.75,17,0.97482292,0.47689179,51.75,1,0,3551.75,51.75,101.60194104,98.04108811,0.34202102,0.16731964,1319055,390,0
1909,2020-04-24,3567.75,3597.75,3545,3590.75,15:49:00,11:12:00,LOD_FIRST,30,22.75,0.84086609,0.63765679,52.75,1,0,3550.75,52.75,98.04108811,94.80601039,0.30599416,0.23204557,896600,390,0
1910,2020-04-27,3611.75,3644,3606.5,3632,15:51:00,09:46:00,LOD_FIRST,32.25,5.25,0.89291895,0.1453589,37.5,3,0,3590.75,53.25,94.80601039,91.83772393,0.34016831,0.05537624,837937,390,0
1911,2020-04-28,3671.25,3675,3614.75,3618.75,09:31:00,15:55:00,HOD_FIRST,3.75,56.5,0.10214505,1.53898536,60.25,1,0,3632,60.25,91.83772393,89.58145794,0.04083289,0.6152156,1204186,390,0
1912,2020-04-29,3676,3710,3665,3692.5,15:29:00,09:38:00,LOD_FIRST,34,11,0.92491839,0.2992383,45,1,0,3618.75,91.25,89.58145794,89.70063951,0.37954283,0.12279327,1182838,390,0
1913,2020-04-30,3677.5,3682.75,3646,3664,10:33:00,12:32:00,HOD_FIRST,5.25,31.5,0.14276003,0.85656016,36.75,1,0,3692.5,46.5,89.70063951,86.61487955,0.05852801,0.35116806,1387639,390,0
1914,2020-05-01,3613,3620.5,3574.5,3587,09:35:00,13:50:00,HOD_FIRST,7.5,38.5,0.20758373,1.06559646,46,1,0,3664,89.5,86.61487955,86.82095958,0.0865902,0.44449638,1213839,390,0
1915,2020-05-04,3567,3598.5,3551.25,3595.75,15:43:00,09:41:00,LOD_FIRST,31.5,15.75,0.88309504,0.44154752,47.25,3,0,3587,47.25,86.82095958,83.99446247,0.36281562,0.18140781,970328,390,0
1916,2020-05-05,3626,3652.5,3617,3621.5,15:00:00,15:43:00,HOD_FIRST,26.5,9,0.73083287,0.24820739,35.5,1,0,3595.75,56.75,83.99446247,82.04842943,0.31549699,0.10714992,1073286,390,0
1917,2020-05-06,3640.25,3644.5,3600.5,3602.75,09:34:00,15:51:00,HOD_FIRST,4.25,39.75,0.11675022,1.09195797,44,1,0,3621.5,44,82.04842943,79.33068448,0.05179868,0.48446997,1073114,390,0
1918,2020-05-07,3637.25,3657.75,3630.5,3636.75,12:02:00,15:51:00,HOD_FIRST,20.5,6.75,0.56361262,0.18557976,27.25,1,0,3602.75,55,79.33068448,77.59277844,0.25841199,0.08508687,1083439,390,0
1919,2020-05-08,3670.75,3688.75,3658.5,3684.25,15:51:00,09:39:00,LOD_FIRST,18,12.25,0.490363,0.33371927,30.25,1,0,3636.75,52,77.59277844,75.76472284,0.23198035,0.15787552,892864,390,0
1920,2020-05-11,3663,3699.75,3658.25,3685,13:39:00,09:32:00,LOD_FIRST,36.75,4.75,1.003276,0.12967513,41.5,3,0,3684.25,41.5,75.76472284,73.31724264,0.48505424,0.06269409,1023564,390,0
1921,2020-05-12,3697.75,3702,3624.75,3625.5,09:33:00,16:00:00,HOD_FIRST,4.25,73,0.11493476,1.97417348,77.25,1,0,3685,77.25,73.31724264,73.59815388,0.05796726,0.99567301,1334558,390,0
1922,2020-05-13,3620,3631.5,3548.75,3576,10:32:00,15:26:00,HOD_FIRST,11.5,71.25,0.31767956,1.96823204,82.75,1,0,3625.5,82.75,73.59815388,74.25185717,0.15625392,0.96809494,1959828,390,0
1923,2020-05-14,3549,3610.25,3523,3609.5,16:00:00,10:05:00,LOD_FIRST,61.25,26,1.72583826,0.73260073,87.25,1,0,3576,87.25,74.25185717,75.18029594,0.82489519,0.35015959,1840745,390,0
1924,2020-05-15,3583.25,3622.25,3572.25,3621.75,16:00:00,09:36:00,LOD_FIRST,39,11,1.0883974,0.30698388,50,1,0,3609.5,50,75.18029594,73.38170338,0.51875295,0.14631493,1271325,390,0
1925,2020-05-18,3689.75,3727.5,3686.25,3709,15:51:00,09:56:00,LOD_FIRST,37.75,3.5,1.02310455,0.09485738,41.25,3,0,3621.75,105.75,73.38170338,75.69372456,0.51443341,0.04769581,1237563,390,0
1926,2020-05-19,3702.5,3721.25,3678.5,3679,14:50:00,16:00:00,HOD_FIRST,18.75,24,0.50641458,0.64821067,42.75,1,0,3709,42.75,75.69372456,73.34060138,0.24770878,0.31706724,1081448,390,0
1927,2020-05-20,3717.25,3738.5,3715,3729,11:27:00,09:32:00,LOD_FIRST,21.25,2.25,0.57165916,0.06052862,23.5,1,0,3679,59.5,73.34060138,72.351987,0.28974401,0.03067878,1129408,390,0
1928,2020-05-21,3727,3735.75,3695.75,3706.75,09:45:00,11:27:00,HOD_FIRST,8.75,31.25,0.23477328,0.83847599,40,1,0,3729,40,72.351987,70.04113078,0.12093655,0.43191627,1248009,390,0
1929,2020-05-22,3704.5,3715.5,3691,3713,16:00:00,10:16:00,LOD_FIRST,11,13.5,0.29693616,0.36442165,24.5,1,0,3706.75,24.5,70.04113078,66.78819287,0.15705058,0.19274389,905357,390,0
1930,2020-05-26,3779,3781.75,3746.25,3750.5,09:31:00,15:59:00,HOD_FIRST,2.75,32.75,0.07277057,0.86663138,35.5,4,0,3713,68.75,66.78819287,66.92832195,0.04117494,0.49035613,1163822,390,0
1931,2020-05-27,3780.25,3794.75,3728.25,3794,16:00:00,10:51:00,LOD_FIRST,14.5,52,0.38357252,1.3755704,66.5,1,0,3750.5,66.5,66.92832195,66.89772753,0.21664969,0.7769506,1543977,390,0
1932,2020-05-28,3806.25,3828.25,3782.25,3789.25,13:57:00,15:51:00,HOD_FIRST,22,24,0.57799672,0.63054187,46,1,0,3794,46,66.89772753,65.4050327,0.3288602,0.35875658,1332247,390,0
1933,2020-05-29,3784,3809,3754.75,3801,16:00:00,12:55:00,LOD_FIRST,25,29.25,0.66067653,0.77299154,54.25,1,0,3789.25,54.25,65.4050327,64.60824465,0.38223358,0.44721329,1674502,390,0
1934,2020-06-01,3795.5,3821.75,3789.75,3815.5,13:39:00,09:31:00,LOD_FIRST,26.25,5.75,0.69160848,0.15149519,32,3,0,3801,32,64.60824465,62.27908432,0.4062949,0.08899793,793569,390,0
1935,2020-06-02,3825,3841,3810.5,3840.75,16:00:00,11:16:00,LOD_FIRST,16,14.5,0.41830065,0.37908497,30.5,1,0,3815.5,30.5,62.27908432,60.00914973,0.25690808,0.23282295,1009099,390,0
1936,2020-06-03,3861.5,3892.25,3858.75,3882,15:51:00,09:38:00,LOD_FIRST,30.75,2.75,0.79632267,0.07121585,33.5,1,0,3840.75,51.5,60.00914973,59.40135332,0.51242186,0.04582635,1146895,390,0
1937,2020-06-04,3870.5,3889.5,3850.25,3872.75,10:34:00,15:18:00,HOD_FIRST,19,20.25,0.49089265,0.52318822,39.25,1,0,3882,39.25,59.40135332,57.96197094,0.31985803,0.34090132,1315047,390,0
1938,2020-06-05,3932.25,3973.25,3931.25,3952.25,11:32:00,09:31:00,LOD_FIRST,41,1,1.04266005,0.02543073,42,1,0,3872.75,100.5,57.96197094,61.00040158,0.70736035,0.01725269,1697719,390,0
1939,2020-06-08,3962.5,3994,3956.25,3992.5,16:00:00,10:37:00,LOD_FIRST,31.5,6.25,0.79495268,0.15772871,37.75,3,0,3952.25,41.75,61.00040158,59.6253729,0.51639004,0.10245834,1037121,390,0
1940,2020-06-09,3963,3983.75,3953.5,3968.5,15:21:00,10:13:00,LOD_FIRST,20.75,9.5,0.52359324,0.23971739,30.25,1,0,3992.5,39,59.6253729,58.15213198,0.34800621,0.15932814,1127954,390,0
1941,2020-06-10,3974.5,3984,3942.5,3950.75,14:18:00,10:57:00,LOD_FIRST,9.5,32,0.23902378,0.80513272,41.5,1,0,3968.5,41.5,58.15213198,56.96269398,0.1633646,0.55028077,1476718,390,0
1942,2020-06-11,3874.5,3881,3759,3766.25,09:59:00,15:31:00,HOD_FIRST,6.5,115.5,0.16776358,2.98102981,122,1,0,3950.75,191.75,56.96269398,66.5903587,0.11410977,2.02764286,2375396,390,0
1943,2020-06-12,3842.25,3850.5,3744.75,3801.75,09:43:00,14:01:00,HOD_FIRST,8.25,97.5,0.21471794,2.53757564,105.75,1,0,3766.25,105.75,66.5903587,69.38747593,0.12389181,1.46417592,1559685,390,0
1944,2020-06-15,3739.5,3842,3726.25,3829.5,14:31:00,09:35:00,LOD_FIRST,102.5,13.25,2.74100816,0.35432544,115.75,3,0,3801.75,115.75,69.38747593,72.69908479,1.47721183,0.19095665,566478,390,0
1945,2020-06-16,3914.75,3916.5,3836.75,3889.5,10:31:00,11:02:00,HOD_FIRST,1.75,78,0.04470273,1.9924644,79.75,1,0,3829.5,87,72.69908479,73.72057874,0.02407183,1.07291585,1656929,390,0
1946,2020-06-17,3901,3904,3868.25,3875.75,13:40:00,15:51:00,HOD_FIRST,3,32.75,0.07690336,0.83952833,35.75,1,0,3889.5,35.75,73.72057874,71.00839454,0.0406942,0.44424502,1029711,390,0
1947,2020-06-18,3859.75,3882.75,3854.5,3876.75,11:00:00,09:38:00,LOD_FIRST,23,5.25,0.59589352,0.13601917,28.25,1,0,3875.75,28.25,71.00839454,67.9542235,0.32390537,0.07393492,908076,390,0
1948,2020-06-19,3915,3917.75,3844.75,3858.25,09:31:00,14:31:00,HOD_FIRST,2.75,70.25,0.07024266,1.79438059,73,1,0,3876.75,73,67.9542235,68.31463611,0.04046842,1.03378416,1390199,390,0
1949,2020-06-22,3852.75,3883.25,3840,3879.75,14:59:00,09:40:00,LOD_FIRST,30.5,12.75,0.79164233,0.33093245,43.25,3,0,3858.25,43.25,68.31463611,66.52430496,0.44646362,0.18663643,930914,390,0
1950,2020-06-23,3908,3918.75,3889.25,3893.5,13:52:00,15:53:00,HOD_FIRST,10.75,18.75,0.27507677,0.47978506,29.5,1,0,3879.75,39,66.52430496,64.55828318,0.16159507,0.28185187,984698,390,0
1951,2020-06-24,3871.25,3878.25,3793.5,3814,09:40:00,11:50:00,HOD_FIRST,7,77.75,0.18082015,2.00839522,84.75,1,0,3893.5,100,64.55828318,67.08983438,0.10842915,1.2043381,1894021,390,0
1952,2020-06-25,3807.75,3849.75,3785.25,3846.25,16:00:00,09:51:00,LOD_FIRST,42,22.5,1.10301359,0.59090014,64.5,1,0,3814,64.5,67.08983438,66.90484621,0.62602629,0.33537123,1375611,390,0
1953,2020-06-26,3834.75,3837,3766.25,3773.5,09:39:00,15:39:00,HOD_FIRST,2.25,68.5,0.05867397,1.78629637,70.75,1,0,3846.25,80,66.90484621,67.84021434,0.03362985,1.02384213,1751351,390,0
1954,2020-06-29,3787,3817.5,3762.25,3817.25,16:00:00,09:49:00,LOD_FIRST,30.5,24.75,0.80538685,0.65355162,55.25,3,0,3773.5,55.25,67.84021434,66.94091331,0.44958584,0.36482786,1084044,390,0
1955,2020-06-30,3812,3875,3811.25,3862.5,15:55:00,09:32:00,LOD_FIRST,63,0.75,1.65267576,0.01967471,63.75,1,0,3817.25,63.75,66.94091331,66.71299093,0.94112848,0.01120391,1245737,390,0
1956,2020-07-01,3868.25,3891.5,3863,3878.5,15:50:00,11:30:00,LOD_FIRST,23.25,5.25,0.60104699,0.13572029,28.5,1,0,3862.5,29,66.71299093,64.01920587,0.34850783,0.07869532,1074247,390,0
1957,2020-07-02,3915.75,3930.25,3888,3895.25,10:03:00,15:58:00,HOD_FIRST,14.5,27.75,0.37029943,0.7086765,42.25,1,0,3878.5,51.75,64.01920587,63.14283402,0.22649453,0.43346367,1111237,390,0
1958,2020-07-06,3937.25,3948.25,3928.75,3943,10:01:00,10:26:00,HOD_FIRST,11,8.5,0.27938282,0.21588672,19.5,4,0,3895.25,53,63.14283402,62.41834587,0.17420821,0.13461543,869124,390,0
1959,2020-07-07,3926.75,3948,3906.25,3910.25,11:22:00,16:00:00,HOD_FIRST,21.25,20.5,0.54115999,0.52206023,41.75,1,0,3943,41.75,62.41834587,60.94203545,0.34044478,0.32842908,962621,390,0
1960,2020-07-08,3918.75,3936,3899.75,3934,10:13:00,11:27:00,HOD_FIRST,17.25,19,0.44019139,0.48484848,36.25,1,0,3910.25,36.25,60.94203545,59.17831864,0.28305586,0.31177167,1141947,390,0
1961,2020-07-09,3941,3943.75,3879,3917,09:33:00,11:27:00,HOD_FIRST,2.75,62,0.06977924,1.57320477,64.75,1,0,3934,64.75,59.17831864,59.57629588,0.04646972,1.047681,1563836,390,0
1962,2020-07-10,3915.25,3951.5,3900.25,3949,15:51:00,10:05:00,LOD_FIRST,36.25,15,0.9258668,0.3831173,51.25,1,0,3917,51.25,59.57629588,58.98156046,0.60846347,0.25177799,966396,390,0
1963,2020-07-13,3974.25,4000,3914.25,3921.75,13:38:00,15:55:00,HOD_FIRST,25.75,60,0.64792099,1.50971881,85.75,3,0,3949,85.75,58.98156046,60.89359185,0.43657712,1.01726708,1670468,390,0
1964,2020-07-14,3905.5,3966,3892.75,3961.75,15:55:00,09:54:00,LOD_FIRST,60.5,12.75,1.54909743,0.32646268,73.25,1,0,3921.75,73.25,60.89359185,61.77619243,0.9935364,0.20938164,1731506,390,0
1965,2020-07-15,3996.75,4003.5,3965.75,3992,10:46:00,12:05:00,HOD_FIRST,6.75,31,0.16888722,0.7756302,37.75,1,0,3961.75,41.75,61.77619243,60.34575012,0.10926539,0.50181144,1455732,390,0
1966,2020-07-16,3971,3985.75,3964,3981,15:38:00,10:09:00,LOD_FIRST,14.75,7,0.37144296,0.17627802,21.75,1,0,3992,28,60.34575012,58.0353394,0.24442483,0.11599823,1037558,390,0
1967,2020-07-17,3991.5,3999,3970.25,3990.25,15:37:00,10:33:00,LOD_FIRST,7.5,21.25,0.18789929,0.53238131,28.75,1,0,3981,28.75,58.0353394,55.94352944,0.1292316,0.36615621,931261,390,0
1968,2020-07-20,3987.5,4024.25,3979,4016.5,15:51:00,09:38:00,LOD_FIRST,36.75,8.5,0.92163009,0.21316614,45.25,3,0,3990.25,45.25,55.94352944,55.17970591,0.65691243,0.15193893,1017985,390,0
1969,2020-07-21,4037.5,4042.5,4013,4023.25,09:54:00,15:53:00,HOD_FIRST,5,24.5,0.12383901,0.60681115,29.5,1,0,4016.5,29.5,55.17970591,53.3454412,0.09061302,0.44400382,1101588,390,0
1970,2020-07-22,4019.5,4045.5,4018.25,4041.5,15:51:00,11:16:00,LOD_FIRST,26,1.25,0.64684662,0.0310984,27.25,1,0,4023.25,27.25,53.3454412,51.48148111,0.48738935,0.02343218,962686,390,0
1971,2020-07-23,4038,4045.5,3988,4002.5,09:51:00,14:18:00,HOD_FIRST,7.5,50,0.18573551,1.23823675,57.5,1,0,4041.5,57.5,51.48148111,51.91137532,0.14568345,0.97122303,1388938,390,0
1972,2020-07-24,3982.75,3993,3965.25,3981.75,11:02:00,13:16:00,HOD_FIRST,10.25,17.5,0.25735986,0.43939489,27.75,1,0,4002.5,37.25,51.91137532,50.86413423,0.19745191,0.33711301,1346327,390,0
1973,2020-07-27,3989.75,4007.5,3981,4004.75,15:50:00,09:34:00,LOD_FIRST,17.75,8.75,0.44489003,0.21931199,26.5,3,0,3981.75,26.5,50.86413423,49.12383892,0.34896888,0.17202691,960382,390,0
1974,2020-07-28,3997.5,4010,3981.75,3985.5,13:53:00,15:59:00,HOD_FIRST,12.5,15.75,0.31269543,0.39399625,28.25,1,0,4004.75,28.25,49.12383892,47.63285043,0.25445894,0.32061826,1068045,390,0
1975,2020-07-29,3994.25,4030.75,3993.75,4024,15:33:00,09:31:00,LOD_FIRST,36.5,0.5,0.91381361,0.01251799,37,1,0,3985.5,45.25,47.63285043,47.46264683,0.76627789,0.01049696,937279,390,0
1976,2020-07-30,3992,4017.5,3968.75,4012.75,15:34:00,10:01:00,LOD_FIRST,25.5,23.25,0.63877756,0.58241483,48.75,1,0,4024,55.25,47.46264683,48.01888634,0.5372646,0.4898589,1543864,390,0
1977,2020-07-31,4031.75,4039,3986.25,4038.75,16:00:00,12:58:00,LOD_FIRST,7.25,45.5,0.17982266,1.1285422,52.75,1,0,4012.75,52.75,48.01888634,48.35682303,0.15098226,0.94754384,1815547,390,0
1978,2020-08-03,4056.75,4069.25,4050.25,4060.5,14:39:00,09:40:00,LOD_FIRST,12.5,6.5,0.30812843,0.16022678,19,3,0,4038.75,30.5,48.35682303,47.08133567,0.25849506,0.13441743,894071,390,0
1979,2020-08-04,4051.75,4074.25,4051.5,4073.75,16:00:00,09:31:00,LOD_FIRST,22.5,0.25,0.5553156,0.00617017,22.75,1,0,4060.5,22.75,47.08133567,45.34338312,0.47789638,0.00530996,810372,390,0
1980,2020-08-05,4088,4097,4085,4093.75,11:10:00,15:51:00,HOD_FIRST,9,3,0.22015656,0.07338552,12,1,0,4073.75,23.25,45.34338312,43.76528433,0.19848541,0.0661618,789140,390,0
1981,2020-08-06,4087.5,4117.75,4084.25,4116.25,15:20:00,10:51:00,LOD_FIRST,30.25,3.25,0.74006116,0.0795107,33.5,1,0,4093.75,33.5,43.76528433,43.03204973,0.6911871,0.07425977,1005528,390,0
1982,2020-08-07,4105.75,4120.5,4096,4118.5,15:50:00,14:26:00,LOD_FIRST,14.75,9.75,0.35925227,0.23747184,24.5,1,0,4116.25,24.5,43.03204973,41.7083319,0.34276778,0.22657531,1218923,390,0
1983,2020-08-10,4123.75,4131,4102.75,4128.75,15:07:00,11:01:00,LOD_FIRST,7.25,21,0.17581085,0.50924523,28.25,3,0,4118.5,28.25,41.7083319,40.74702247,0.17382618,0.50349652,952883,390,0
1984,2020-08-11,4142,4148.5,4093.25,4101.75,13:25:00,15:54:00,HOD_FIRST,6.5,48.75,0.15692902,1.17696765,55.25,1,0,4128.75,55.25,40.74702247,41.78294944,0.15952086,1.19640644,1373992,390,0
1985,2020-08-12,4127.5,4156.25,4127.25,4147.25,15:19:00,09:31:00,LOD_FIRST,28.75,0.25,0.69654755,0.00605694,29,1,0,4101.75,54.5,41.78294944,42.69131019,0.68807972,0.0059833,1049982,390,0
1986,2020-08-13,4139,4155.75,4131.25,4141.5,13:01:00,14:53:00,HOD_FIRST,16.75,7.75,0.40468712,0.1872433,24.5,1,0,4147.25,24.5,42.69131019,41.39193089,0.39235151,0.18153577,959110,390,0
1987,2020-08-14,4137.25,4147.25,4129.75,4141.5,14:00:00,15:51:00,HOD_FIRST,10,7.5,0.24170645,0.18127984,17.5,1,0,4141.5,17.5,41.39193089,39.6853644,0.24159298,0.18119474,769118,390,0
1988,2020-08-17,4152.5,4156.5,4147.75,4152,10:55:00,10:20:00,LOD_FIRST,4,4.75,0.09632751,0.11438892,8.75,3,0,4141.5,15,39.6853644,37.92212409,0.10079283,0.11969148,528962,390,0
1989,2020-08-18,4156.5,4164.5,4139,4159.5,15:16:00,10:31:00,LOD_FIRST,8,17.5,0.19246963,0.42102731,25.5,1,0,4152,25.5,37.92212409,37.03482951,0.21095865,0.46147204,758879,390,0
1990,2020-08-19,4163.75,4169.5,4139.25,4145.5,11:45:00,15:51:00,HOD_FIRST,5.75,24.5,0.13809667,0.58841189,30.25,1,0,4159.5,30.25,37.03482951,36.55019883,0.15525925,0.66153943,1103923,390,0
1991,2020-08-20,4126.5,4160.75,4125,4155.75,15:50:00,09:31:00,LOD_FIRST,34.25,1.5,0.83000121,0.03635042,35.75,1,0,4145.5,35.75,36.55019883,36.49304177,0.93706741,0.04103945,835782,390,0
1992,2020-08-21,4152.25,4170,4148.5,4167.5,15:02:00,09:41:00,LOD_FIRST,17.75,3.75,0.42747908,0.09031248,21.5,1,0,4155.75,21.5,36.49304177,35.42211022,0.48639409,0.10275932,810902,390,0
1993,2020-08-24,4194.25,4203.25,4183.25,4202.25,16:00:00,10:59:00,LOD_FIRST,9,11,0.21457948,0.26226381,20,3,0,4167.5,35.75,35.42211022,35.44553092,0.2540786,0.31054051,947917,390,0
1994,2020-08-25,4208.5,4215.25,4195.5,4214,16:00:00,10:54:00,LOD_FIRST,6.75,13,0.16038969,0.30889866,19.75,1,0,4202.25,19.75,35.44553092,34.32442156,0.19043303,0.36675992,861711,390,0
1995,2020-08-26,4220.5,4251.75,4214.75,4248.75,14:26:00,09:46:00,LOD_FIRST,31.25,5.75,0.7404336,0.13623978,37,1,0,4214,37.75,34.32442156,34.56910574,0.91043049,0.16751921,1028922,390,0
1996,2020-08-27,4258.25,4272,4238.5,4256,11:04:00,12:54:00,HOD_FIRST,13.75,19.75,0.3229026,0.46380555,33.5,1,0,4248.75,33.5,34.56910574,34.49274104,0.397754,0.57131938,1316011,390,0
1997,2020-08-28,4267.5,4280.5,4254.5,4278.75,15:48:00,10:59:00,LOD_FIRST,13,13,0.304628,0.304628,26,1,0,4256,26,34.49274104,33.88611668,0.37689089,0.37689089,882245,390,0
1998,2020-08-31,4276.5,4286.75,4264,4266.25,15:54:00,11:28:00,LOD_FIRST,10.25,12.5,0.23968198,0.2922951,22.75,3,0,4278.75,22.75,33.88611668,33.09067978,0.30248376,0.36888263,1061431,390,0
1999,2020-09-01,4275.25,4300.25,4265.5,4298.75,16:00:00,09:34:00,LOD_FIRST,25,9.75,0.58476113,0.22805684,34.75,1,0,4266.25,34.75,33.09067978,33.20920265,0.75549974,0.2946449,909590,390,0
2000,2020-09-02,4320,4360.75,4307.5,4350.25,15:51:00,10:08:00,LOD_FIRST,40.75,12.5,0.94328704,0.28935185,53.25,1,0,4298.75,62,33.20920265,35.26568817,1.22706951,0.37640169,1438601,390,0
2001,2020-09-03,4331.75,4337.25,4198.25,4227,09:32:00,15:35:00,HOD_FIRST,5.5,133.5,0.12696947,3.08189531,139,1,0,4350.25,152,35.26568817,43.60385331,0.15595896,3.78554927,2369160,390,0
2002,2020-09-04,4234,4251,4121.5,4199.25,09:37:00,10:45:00,HOD_FIRST,17,112.5,0.40151157,2.65706188,129.5,1,0,4227,129.5,43.60385331,49.73929235,0.3898738,2.58004721,2345478,390,0
2003,2020-09-08,4139.5,4153.25,4101.25,4106,10:32:00,15:08:00,HOD_FIRST,13.75,38.25,0.33216572,0.92402464,52,4,0,4199.25,98,49.73929235,53.18648576,0.27644141,0.76900973,1841359,390,0
2004,2020-09-09,4148.75,4197.75,4138.75,4170.25,15:32:00,09:40:00,LOD_FIRST,49,10,1.18107864,0.24103646,59,1,0,4106,91.75,53.18648576,55.94102249,0.92128666,0.18801769,1419298,390,0
2005,2020-09-10,4191,4198,4101,4111.75,10:06:00,15:28:00,HOD_FIRST,7,90,0.16702458,2.14745884,97,1,0,4170.25,97,55.94102249,58.8738066,0.12513179,1.60883724,1624901,390,0
2006,2020-09-11,4130.75,4142.25,4082.5,4113.5,11:10:00,13:33:00,HOD_FIRST,11.5,48.25,0.27839981,1.16806875,59.75,1,0,4111.75,59.75,58.8738066,58.93639184,0.19533305,0.81954952,881304,390,0
2007,2020-09-14,4147.5,4176.5,4142.25,4157,10:30:00,09:36:00,LOD_FIRST,29,5.25,0.6992164,0.12658228,34.25,3,0,4113.5,63,58.93639184,59.22664957,0.49205591,0.08907909,1049422,390,0
2008,2020-09-15,4184,4193,4162.5,4174.25,09:44:00,15:38:00,HOD_FIRST,9,21.5,0.21510516,0.51386233,30.5,1,0,4157,36,59.22664957,57.56760317,0.15195862,0.36301226,1032164,390,0
2009,2020-09-16,4188.25,4203.5,4157.75,4160.75,14:41:00,15:57:00,HOD_FIRST,15.25,30.5,0.36411389,0.72822778,45.75,1,0,4174.25,45.75,57.56760317,56.72348866,0.26490594,0.52981188,1179893,390,0
2010,2020-09-17,4107.5,4149.25,4101.75,4131.25,11:16:00,12:27:00,HOD_FIRST,41.75,5.75,1.01643335,0.13998783,47.5,1,0,4160.75,59,56.72348866,56.88609661,0.73602666,0.10136894,1970852,390,0
2011,2020-09-18,4139,4141.25,4064.75,4091.75,09:31:00,13:32:00,HOD_FIRST,2.25,74.25,0.05436096,1.79391157,76.5,1,0,4131.25,76.5,56.88609661,58.28708971,0.03955272,1.30523985,1897582,390,0
2012,2020-09-21,4042,4055.5,4001.75,4054.5,16:00:00,10:41:00,LOD_FIRST,13.5,40.25,0.33399307,0.99579416,53.75,3,0,4091.75,90,58.28708971,60.55229759,0.23161218,0.69054743,1916479,390,0
2013,2020-09-22,4070,4093.5,4042.75,4087.75,15:47:00,11:08:00,LOD_FIRST,23.5,27.25,0.57739558,0.66953317,50.75,1,0,4054.5,50.75,60.55229759,59.85213347,0.38809427,0.45002421,1183042,390,0
2014,2020-09-23,4093.25,4096.5,4005,4010.75,09:50:00,15:54:00,HOD_FIRST,3.25,88.25,0.07939901,2.15598852,91.5,1,0,4087.75,91.5,59.85213347,62.11269537,0.05430049,1.47446707,1612014,390,0
2015,2020-09-24,3996.25,4052.25,3982,4019.25,13:41:00,09:42:00,LOD_FIRST,56,14.25,1.40131373,0.3565843,70.25,1,0,4010.75,70.25,62.11269537,62.69393141,0.90158702,0.2294217,1783624,390,0
2016,2020-09-25,4009.75,4080.25,4000,4071.5,15:22:00,10:13:00,LOD_FIRST,70.5,9.75,1.75821435,0.2431573,80.25,1,0,4019.25,80.25,62.69393141,63.94793631,1.12451075,0.15551744,1264800,390,0
2017,2020-09-28,4117,4134.75,4105.75,4127,14:48:00,09:56:00,LOD_FIRST,17.75,11.25,0.43113918,0.27325723,29,3,0,4071.5,63.25,63.94793631,63.89808372,0.27756955,0.17592436,1159254,390,0
2018,2020-09-29,4124.75,4132.25,4100.5,4108.75,10:26:00,13:17:00,HOD_FIRST,7.5,24.25,0.1818292,0.58791442,31.75,1,0,4127,31.75,63.89808372,61.60179202,0.11737441,0.3795106,1019953,390,0
2019,2020-09-30,4115.75,4168,4113.25,4133.5,14:23:00,15:21:00,HOD_FIRST,52.25,2.5,1.26951345,0.06074227,54.75,1,0,4108.75,59.25,61.60179202,61.43380688,0.84818961,0.04058323,1572260,390,0
2020,2020-10-01,4161.25,4171.5,4134,4154.25,09:43:00,14:09:00,HOD_FIRST,10.25,27.25,0.24632022,0.65485131,37.5,1,0,4133.5,38,61.43380688,59.75996353,0.16684625,0.44356685,1144768,390,0
2021,2020-10-02,4100.75,4143.5,4095.5,4122.5,12:21:00,09:31:00,LOD_FIRST,42.75,5.25,1.04249223,0.12802536,48,1,0,4154.25,58.75,59.75996353,59.68782328,0.71536188,0.08785146,1380799,390,0
2022,2020-10-05,4144.5,4184,4144.5,4181.5,15:33:00,09:31:00,LOD_FIRST,39.5,0,0.95307033,0,39.5,3,0,4122.5,61.5,59.68782328,59.81726447,0.66177652,0,789235,390,0
2023,2020-10-06,4183.25,4205.75,4127.75,4133.25,14:47:00,15:51:00,HOD_FIRST,22.5,55.5,0.53785932,1.32671966,78,1,0,4181.5,78,59.81726447,61.1160313,0.37614559,0.92782578,1364367,390,0
2024,2020-10-07,4165.25,4200.75,4165,4191,15:12:00,09:31:00,LOD_FIRST,35.5,0.25,0.85228978,0.00600204,35.75,1,0,4133.25,67.5,61.1160313,61.57202906,0.58086232,0.00409058,996138,390,0
2025,2020-10-08,4212.5,4222.75,4202.75,4221.5,16:00:00,11:35:00,LOD_FIRST,10.25,9.75,0.24332344,0.23145401,20,1,0,4191,31.75,61.57202906,59.44188413,0.16647169,0.15835112,765076,390,0
2026,2020-10-09,4240.25,4258,4233.5,4252.75,12:09:00,10:14:00,LOD_FIRST,17.75,6.75,0.41860739,0.15918873,24.5,1,0,4221.5,36.5,59.44188413,57.80317812,0.29861099,0.11355629,880603,390,0
2027,2020-10-12,4280.75,4325,4275.25,4309,14:31:00,09:33:00,LOD_FIRST,44.25,5.5,1.03369737,0.12848216,49.75,3,0,4252.75,72.25,57.80317812,58.83509397,0.76552884,0.09515048,1038191,390,0
2028,2020-10-13,4307.5,4308.75,4275.5,4286.25,09:31:00,14:31:00,HOD_FIRST,1.25,32,0.02901915,0.74289031,33.25,1,0,4309,33.5,58.83509397,57.0254444,0.02124582,0.54389307,1211854,390,0
2029,2020-10-14,4292,4304.25,4256,4264.5,09:58:00,12:26:00,HOD_FIRST,12.25,36,0.28541473,0.8387698,48.25,1,0,4286.25,48.25,57.0254444,56.39862694,0.21481639,0.63129714,1205223,390,0
2030,2020-10-15,4221,4265,4215.5,4259.75,15:44:00,09:31:00,LOD_FIRST,44,5.5,1.04240701,0.13030088,49.5,1,0,4264.5,49.5,56.39862694,55.90586787,0.78016084,0.0975201,1167114,390,0
2031,2020-10-16,4274,4292.5,4256,4257.5,10:31:00,16:00:00,HOD_FIRST,18.5,18,0.43284979,0.42115115,36.5,1,0,4259.75,36.5,55.90586787,54.51973445,0.33091339,0.32196978,974894,390,0
2032,2020-10-19,4271.25,4277.75,4194.75,4205,09:46:00,15:55:00,HOD_FIRST,6.5,76.5,0.15218028,1.79104478,83,3,0,4257.5,83,54.51973445,56.55403914,0.11922288,1.40316164,1356606,390,0
2033,2020-10-20,4219,4253.75,4210.75,4218.25,13:50:00,11:05:00,LOD_FIRST,34.75,8.25,0.82365489,0.19554397,43,1,0,4205,48.75,56.55403914,55.99660777,0.61445655,0.14587817,1351871,390,0
2034,2020-10-21,4217.75,4241.25,4208.5,4211.25,10:16:00,11:23:00,HOD_FIRST,23.5,9.25,0.55716911,0.21931124,32.75,1,0,4218.25,32.75,55.99660777,54.33613579,0.41966828,0.16518858,1315600,390,0
2035,2020-10-22,4214,4237,4190.75,4231.5,15:39:00,10:45:00,LOD_FIRST,23,23.25,0.54579972,0.55173232,46.25,1,0,4211.25,46.25,54.33613579,53.75855466,0.42329105,0.42789204,1122456,390,0
2036,2020-10-23,4244,4244.5,4215.5,4242.25,09:31:00,12:21:00,HOD_FIRST,0.5,28.5,0.01178134,0.67153629,29,1,0,4231.5,29,53.75855466,51.99008647,0.00930085,0.53014818,924764,390,0
2037,2020-10-26,4205.75,4214,4140,4178.5,10:06:00,13:36:00,HOD_FIRST,8.25,65.75,0.19616002,1.56333591,74,3,0,4242.25,102.25,51.99008647,55.58008029,0.1586841,1.26466418,1588512,390,0
2038,2020-10-27,4181.25,4185.5,4164,4167.25,13:34:00,15:10:00,HOD_FIRST,4.25,17.25,0.10164425,0.41255605,21.5,1,0,4178.5,21.5,55.58008029,53.14578884,0.07646624,0.31036299,1219418,390,0
2039,2020-10-28,4105,4112.25,4044.75,4050.75,09:46:00,16:00:00,HOD_FIRST,7.25,60.25,0.17661389,1.46772229,67.5,1,0,4167.25,122.5,53.14578884,58.09966107,0.13641721,1.13367402,2075530,390,0
2040,2020-10-29,4052.75,4117.75,4034.25,4083.75,14:36:00,09:43:00,LOD_FIRST,65,18.5,1.60384924,0.45648017,83.5,1,0,4050.75,83.5,58.09966107,59.91397099,1.11876728,0.31841838,1437021,390,0
2041,2020-10-30,4065.5,4080.25,4009,4049.25,09:34:00,14:46:00,HOD_FIRST,14.75,56.5,0.362809,1.38974296,71.25,1,0,4083.75,74.75,59.91397099,60.97368735,0.24618632,0.94301878,1896068,390,0
2042,2020-11-02,4086,4107.5,4056,4085.75,10:19:00,13:58:00,HOD_FIRST,21.5,30,0.52618698,0.73421439,51.5,3,0,4049.25,58.25,60.97368735,60.77913825,0.35261112,0.49201551,1392094,390,0
2043,2020-11-03,4121,4166.75,4115.5,4143.25,11:01:00,09:35:00,LOD_FIRST,45.75,5.5,1.11016744,0.13346275,51.25,1,0,4085.75,81,60.77913825,62.22348552,0.75272538,0.09049158,1317426,390,0
2044,2020-11-04,4193,4264,4179.75,4219,12:25:00,09:38:00,LOD_FIRST,71,13.25,1.69329835,0.31600286,84.25,1,0,4143.25,120.75,62.22348552,66.40395084,1.14104826,0.21294211,1641055,390,0
2045,2020-11-05,4276.25,4306.5,4272.75,4286.5,10:21:00,09:32:00,LOD_FIRST,30.25,3.5,0.7073955,0.08184741,33.75,1,0,4219,87.5,66.40395084,67.9108115,0.45554518,0.05270771,1228658,390,0
2046,2020-11-06,4283.25,4299.75,4260.5,4285.75,15:51:00,09:58:00,LOD_FIRST,16.5,22.75,0.3852215,0.53113874,39.25,1,0,4286.5,39.25,67.9108115,65.86361067,0.24296573,0.33499821,1059216,390,0
2047,2020-11-09,4424.5,4429.25,4325.25,4330.5,09:37:00,16:00:00,HOD_FIRST,4.75,99.25,0.10735676,2.24319132,104,3,0,4285.75,143.5,65.86361067,71.40906705,0.07211873,1.5069019,1770304,390,0
2048,2020-11-10,4319.25,4336.5,4290.5,4325.75,12:23:00,10:45:00,LOD_FIRST,17.25,28.75,0.39937489,0.66562482,46,1,0,4330.5,46,71.40906705,69.59413369,0.24156596,0.40260994,1626950,390,0
2049,2020-11-11,4348.75,4360.75,4335.25,4351,13:23:00,14:51:00,HOD_FIRST,12,13.5,0.27594136,0.31043403,25.5,1,0,4325.75,35,69.59413369,67.12312414,0.17242833,0.19398187,950914,390,0
2050,2020-11-12,4341,4349.25,4297,4317.5,11:06:00,15:09:00,HOD_FIRST,8.25,44,0.19004838,1.01359134,52.25,1,0,4351,54,67.12312414,66.18575813,0.12290846,0.6555118,1316426,390,0
2051,2020-11-13,4337.5,4374,4331.5,4365.75,15:44:00,10:58:00,LOD_FIRST,36.5,6,0.84149856,0.13832853,42.5,1,0,4317.5,56.5,66.18575813,65.49391827,0.55147816,0.09065394,1010179,390,0
2052,2020-11-16,4395,4410.5,4380.75,4410.25,16:00:00,09:56:00,LOD_FIRST,15.5,14.25,0.35267349,0.32423208,29.75,3,0,4365.75,44.75,65.49391827,64.01220982,0.2366632,0.21757745,883576,390,0
2053,2020-11-17,4384.75,4404.25,4368.25,4391.5,14:15:00,10:00:00,LOD_FIRST,19.5,16.5,0.44472319,0.37630424,36,1,0,4410.25,42,64.01220982,62.43990912,0.30462938,0.25776332,978354,390,0
2054,2020-11-18,4393.75,4400.25,4347,4347.5,11:06:00,16:00:00,HOD_FIRST,6.5,46.75,0.14793741,1.06401138,53.25,1,0,4391.5,53.25,62.43990912,61.78348704,0.10410009,0.74871986,989407,390,0
2055,2020-11-19,4340.75,4366.75,4326.25,4362,15:36:00,09:34:00,LOD_FIRST,26,14.5,0.59897483,0.33404366,40.5,1,0,4347.5,40.5,61.78348704,60.26323796,0.42082442,0.23469054,939458,390,0
2056,2020-11-20,4359.5,4361.5,4336.75,4337.5,09:45:00,16:00:00,HOD_FIRST,2,22.75,0.04587682,0.52184884,24.75,1,0,4362,25.25,60.26323796,57.7622924,0.03318773,0.37751042,793597,390,0
2057,2020-11-23,4357,4372,4332.75,4359.5,09:46:00,11:34:00,HOD_FIRST,15,24.25,0.34427358,0.55657563,39.25,3,0,4337.5,39.25,57.7622924,56.4399858,0.25968498,0.41982406,898802,390,0
2058,2020-11-24,4386.5,4422.75,4377.25,4416.5,13:42:00,09:48:00,LOD_FIRST,36.25,9.25,0.82639918,0.21087427,45.5,1,0,4359.5,63.25,56.4399858,56.92641538,0.64227514,0.1638909,985305,390,0
2059,2020-11-25,4415.75,4416,4399.25,4411.25,09:31:00,10:06:00,HOD_FIRST,0.25,16.5,0.00566155,0.37366246,16.75,1,0,4416.5,17.25,56.92641538,54.09238571,0.00439163,0.28984787,719935,390,0
2060,2020-11-30,4412.5,4415.5,4376.25,4404.75,09:35:00,10:46:00,HOD_FIRST,3,36.25,0.06798867,0.82152975,39.25,5,0,4411.25,39.25,54.09238571,53.0322153,0.05546067,0.67014977,1261141,390,0
2061,2020-12-01,4440.25,4461.5,4434.25,4444.75,14:17:00,09:35:00,LOD_FIRST,21.25,6,0.47857666,0.13512753,27.25,1,0,4404.75,56.75,53.0322153,53.29777135,0.40069984,0.11313878,1011089,390,0
2062,2020-12-02,4432.75,4453.75,4426.25,4452,15:51:00,09:46:00,LOD_FIRST,21,6.5,0.47374655,0.14663584,27.5,1,0,4444.75,27.5,53.29777135,51.4550734,0.39401272,0.12195632,787887,390,0
2063,2020-12-03,4451,4466,4439.25,4451,15:22:00,15:55:00,HOD_FIRST,15,11.75,0.33700292,0.26398562,26.75,1,0,4452,26.75,51.4550734,49.6904253,0.29151644,0.22835455,859379,390,0
2064,2020-12-04,4456.75,4483,4456.25,4482.75,16:00:00,09:31:00,LOD_FIRST,26.25,0.5,0.58899422,0.01121894,26.75,1,0,4451,32,49.6904253,48.42682349,0.52827079,0.0100623,712220,390,0
2065,2020-12-07,4474.5,4480.5,4461.25,4475.25,12:00:00,15:50:00,HOD_FIRST,6,13.25,0.13409319,0.29612247,19.25,3,0,4482.75,21.5,48.42682349,46.50347896,0.12389828,0.2736087,778555,390,0
2066,2020-12-08,4461,4492,4460.5,4485.75,14:28:00,09:31:00,LOD_FIRST,31,0.5,0.69491145,0.01120825,31.5,1,0,4475.25,31.5,46.50347896,45.43180189,0.66661679,0.01075188,813884,390,0
2067,2020-12-09,4492.75,4494.5,4443.5,4452.75,09:44:00,15:27:00,HOD_FIRST,1.75,49.25,0.03895164,1.09621056,51,1,0,4485.75,51,45.43180189,45.82953033,0.03851927,1.08404241,1448174,390,0
2068,2020-12-10,4437.5,4462.5,4428,4451.25,11:26:00,09:35:00,LOD_FIRST,25,9.5,0.56338028,0.21408451,34.5,1,0,4452.75,34.5,45.82953033,45.02027816,0.54549981,0.20728993,1018204,390,0
2069,2020-12-11,4432.5,4449.5,4416.25,4446.5,15:20:00,12:39:00,LOD_FIRST,17,16.25,0.38353074,0.36661027,33.25,1,0,4451.25,35,45.02027816,44.304544,0.37760762,0.36094846,631244,390,0
2070,2020-12-14,4470,4482.75,4428.75,4430,10:34:00,16:00:00,HOD_FIRST,12.75,41.25,0.2852349,0.92281879,54,3,0,4446.5,54,44.304544,44.99707658,0.28778087,0.93105574,1158503,390,0
2071,2020-12-15,4458.5,4479.5,4443.5,4479,14:41:00,11:08:00,LOD_FIRST,21,15,0.47101043,0.33643602,36,1,0,4430,49.5,44.99707658,45.31871396,0.46669699,0.33335499,1009614,390,0
2072,2020-12-16,4482.25,4495.75,4472.5,4486,15:33:00,09:40:00,LOD_FIRST,13.5,9.75,0.30118802,0.21752468,23.25,1,0,4479,23.25,45.31871396,43.74237725,0.29789018,0.21514291,929684,390,0
2073,2020-12-17,4502.75,4508.25,4493.25,4504.75,09:34:00,11:55:00,HOD_FIRST,5.5,9.5,0.12214758,0.21098218,15,1,0,4486,22.25,43.74237725,42.20720745,0.12573619,0.2171807,875944,390,0
2074,2020-12-18,4507.25,4509.75,4468.5,4491.5,09:31:00,15:27:00,HOD_FIRST,2.5,38.75,0.05546619,0.859726,41.25,1,0,4504.75,41.25,42.20720745,42.13883549,0.05923159,0.91808964,1289506,390,0
2075,2020-12-21,4447,4485.5,4416.25,4476.75,14:37:00,10:23:00,LOD_FIRST,38.5,30.75,0.86575219,0.6914774,69.25,3,0,4491.5,75.25,42.13883549,44.50391867,0.91364651,0.72973065,1248787,390,0
2076,2020-12-22,4479,4480.25,4457,4469.5,10:34:00,11:45:00,HOD_FIRST,1.25,22,0.02790802,0.49118107,23.25,1,0,4476.75,23.25,44.50391867,42.98578162,0.02808741,0.49433849,876801,390,0
2077,2020-12-23,4479.5,4493,4470.5,4472.25,13:42:00,16:00:00,HOD_FIRST,13.5,9,0.30137292,0.20091528,22.5,1,0,4469.5,23.5,42.98578162,41.59394008,0.31405733,0.20937156,733213,390,0
2078,2020-12-28,4514,4523.5,4507.25,4519,14:45:00,09:35:00,LOD_FIRST,9.5,6.75,0.21045636,0.14953478,16.25,5,0,4472.25,51.25,41.59394008,42.28365864,0.22839866,0.16228326,557329,390,0
2079,2020-12-29,4535.5,4537.5,4505.75,4512.5,09:34:00,12:53:00,HOD_FIRST,2,29.75,0.04409657,0.6559365,31.75,1,0,4519,31.75,42.28365864,41.53125445,0.0472996,0.7035815,820686,390,0
2080,2020-12-30,4520.5,4527.5,4512.25,4516.25,10:02:00,15:03:00,HOD_FIRST,7,8.25,0.15485013,0.18250194,15.25,1,0,4512.5,15.25,41.53125445,39.65402199,0.16854776,0.19864558,583852,390,0
2081,2020-12-31,4514.5,4544.25,4509,4535.5,16:00:00,09:36:00,LOD_FIRST,29.75,5.5,0.65898771,0.12182966,35.25,1,0,4516.25,35.25,39.65402199,39.33944899,0.75023916,0.13869968,747222,390,0
2082,2021-01-04,4549.75,4551.25,4443.75,4484.75,09:31:00,12:16:00,HOD_FIRST,1.5,106,0.03296884,2.32979834,107.5,4,0,4535.5,107.5,39.33944899,44.20805978,0.03812966,2.69449631,1693380,390,0
2083,2021-01-05,4476.75,4521.25,4476.5,4508.75,14:31:00,09:31:00,LOD_FIRST,44.5,0.25,0.99402468,0.00558441,44.75,1,0,4484.75,44.75,44.20805978,44.24676979,1.00660378,0.00565508,1053385,390,0
2084,2021-01-06,4493.25,4566,4487,4531.75,13:16:00,09:34:00,LOD_FIRST,72.75,6.25,1.61909531,0.13909754,79,1,0,4508.75,79,44.24676979,46.72914338,1.64418782,0.14125325,1546783,390,0
2085,2021-01-07,4557,4595.25,4555,4586.5,15:55:00,09:31:00,LOD_FIRST,38.25,2,0.83936801,0.04388852,40.25,1,0,4531.75,63.5,46.72914338,47.92706171,0.818547,0.04279984,951358,390,0
2086,2021-01-08,4601.5,4610.5,4566.25,4608.25,16:00:00,13:43:00,LOD_FIRST,9,35.25,0.1955884,0.76605455,44.25,1,0,4586.5,44.25,47.92706171,47.66441445,0.18778535,0.73549262,1273560,390,0
2087,2021-01-11,4574,4601.75,4572.25,4583.5,12:52:00,09:39:00,LOD_FIRST,27.75,1.75,0.60668999,0.03825973,29.5,3,0,4608.25,36,47.66441445,46.83124198,0.58219534,0.03671502,958083,390,0
2088,2021-01-12,4584.25,4594.5,4559.25,4584,11:16:00,12:16:00,HOD_FIRST,10.25,25,0.22359165,0.54534548,35.25,1,0,4583.5,35.25,46.83124198,46.00401041,0.21887098,0.53383167,972791,390,0
2089,2021-01-13,4582.5,4604.75,4574,4593.75,14:18:00,10:06:00,LOD_FIRST,22.25,8.5,0.48554283,0.18548827,30.75,1,0,4584,30.75,46.00401041,44.91443824,0.48365349,0.1847665,783215,390,0
2090,2021-01-14,4601.5,4607.25,4577.5,4581.5,10:20:00,15:57:00,HOD_FIRST,5.75,24,0.12495925,0.52156905,29.75,1,0,4593.75,29.75,44.91443824,43.83126408,0.12802119,0.53434933,917261,390,0
2091,2021-01-15,4562.75,4571.75,4532.75,4553,09:48:00,10:24:00,HOD_FIRST,9,30,0.19724947,0.65749822,39,1,0,4581.5,48.75,43.83126408,44.18260236,0.20533289,0.68444296,1338148,390,0
2092,2021-01-19,4579.5,4588.25,4563.5,4581.5,13:55:00,11:19:00,LOD_FIRST,8.75,16,0.19106889,0.34938312,24.75,4,0,4553,35.25,44.18260236,43.54455934,0.19804175,0.36213349,887982,390,0
2093,2021-01-20,4606.75,4643.75,4602.5,4634,15:44:00,09:31:00,LOD_FIRST,37,4.25,0.80316926,0.09225593,41.25,1,0,4581.5,62.25,43.54455934,44.88066224,0.84970432,0.09760117,943904,390,0
2094,2021-01-21,4640.5,4645,4627.75,4637.5,11:04:00,09:43:00,LOD_FIRST,4.5,12.75,0.09697231,0.27475488,17.25,1,0,4634,17.25,44.88066224,42.90704351,0.1002659,0.28408672,795233,390,0
2095,2021-01-22,4617.5,4636.25,4613.5,4624,15:45:00,10:39:00,LOD_FIRST,18.75,4,0.40606389,0.08662696,22.75,1,0,4637.5,24,42.90704351,41.5565404,0.43699119,0.09322479,808450,390,0
2096,2021-01-25,4632.25,4643.25,4579.75,4639.75,10:26:00,11:10:00,HOD_FIRST,11,52.5,0.23746559,1.13335852,63.5,3,0,4624,63.5,41.5565404,43.12393037,0.26469961,1.26333904,1429650,390,0
2097,2021-01-26,4649.5,4653.5,4631.25,4633.75,09:32:00,11:50:00,HOD_FIRST,4,18.25,0.08603076,0.39251532,22.25,1,0,4639.75,22.25,43.12393037,41.63293535,0.09275592,0.4231989,874143,390,0
2098,2021-01-27,4597.25,4598,4514.5,4540.25,09:31:00,15:38:00,HOD_FIRST,0.75,82.75,0.0163141,1.79998912,83.5,1,0,4633.75,119.25,41.63293535,47.17701139,0.01801458,1.98760907,1962550,390,0
2099,2021-01-28,4558.5,4614.75,4553.75,4571,13:43:00,09:31:00,LOD_FIRST,56.25,4.75,1.23395854,0.10420094,61,1,0,4540.25,74.5,47.17701139,49.12865344,1.192318,0.10068463,1407249,390,0
2100,2021-01-29,4551.25,4561.5,4476.75,4496.25,10:31:00,13:18:00,HOD_FIRST,10.25,74.5,0.22521285,1.63691294,84.75,1,0,4571,94.25,49.12865344,52.35160676,0.20863588,1.51642666,1966248,390,0
2101,2021-02-01,4532,4568.25,4508.5,4556,14:52:00,09:55:00,LOD_FIRST,36.25,23.5,0.79986761,0.51853486,59.75,3,0,4496.25,72,52.35160676,53.75506342,0.69243338,0.44888785,1159385,390,0
2102,2021-02-02,4590.5,4627,4590.25,4609.75,12:16:00,09:31:00,LOD_FIRST,36.5,0.25,0.79512036,0.00544603,36.75,1,0,4556,71,53.75506342,54.98684461,0.6790058,0.00465072,1043264,390,0
2103,2021-02-03,4618.5,4631.25,4599,4613.25,14:38:00,10:39:00,LOD_FIRST,12.75,19.5,0.27606366,0.422215,32.25,1,0,4609.75,32.25,54.98684461,53.36278428,0.23187364,0.35463028,947643,390,0
2104,2021-02-04,4623.5,4657,4621.75,4656.5,16:00:00,09:38:00,LOD_FIRST,33.5,1.75,0.72455932,0.03785011,35.25,1,0,4613.25,43.75,53.36278428,52.67615683,0.62777834,0.03279439,853029,390,0
2105,2021-02-05,4676.75,4679.5,4659.75,4671.5,13:00:00,10:20:00,LOD_FIRST,2.75,17,0.05880152,0.36350029,19.75,1,0,4656.5,23,52.67615683,50.55643134,0.05220578,0.32272666,819548,390,0
2106,2021-02-08,4687.25,4700.5,4678.25,4700.25,16:00:00,11:42:00,LOD_FIRST,13.25,9,0.28268174,0.19201024,22.25,3,0,4671.5,29,50.55643134,49.01668625,0.26208337,0.17801889,710443,390,0
2107,2021-02-09,4691,4703.5,4686.25,4697.25,14:36:00,09:42:00,LOD_FIRST,12.5,4.75,0.2664677,0.10125773,17.25,1,0,4700.25,17.25,49.01668625,46.74763723,0.2550152,0.09690578,657039,390,0
2108,2021-02-10,4715.75,4717.25,4669.5,4695.75,09:31:00,10:45:00,HOD_FIRST,1.5,46.25,0.0318083,0.98075598,47.75,1,0,4697.25,47.75,46.74763723,46.81923457,0.03208718,0.98935482,1296441,390,0
2109,2021-02-11,4707.25,4711.75,4675.75,4702.5,09:48:00,12:47:00,HOD_FIRST,4.5,31.5,0.09559722,0.66918052,36,1,0,4695.75,36,46.81923457,46.0464321,0.09611434,0.67280041,1078398,390,0
2110,2021-02-12,4693,4724,4692.25,4722,16:00:00,09:31:00,LOD_FIRST,31,0.75,0.66055828,0.01598125,31.75,1,0,4702.5,31.75,46.0464321,45.02525838,0.67323349,0.01628791,776091,390,0
2111,2021-02-16,4734.25,4736.25,4710,4718.5,09:49:00,12:11:00,HOD_FIRST,2,24.25,0.04224534,0.51222475,26.25,4,0,4722,26.25,45.02525838,43.68416849,0.04441951,0.53858658,1042629,390,0
2112,2021-02-17,4698.75,4721.25,4687.75,4719.25,15:51:00,09:39:00,LOD_FIRST,22.5,11,0.47885076,0.23410482,33.5,1,0,4718.5,33.5,43.68416849,42.95672789,0.51506074,0.25180747,1011880,390,0
2113,2021-02-18,4690,4709.75,4671.75,4702.25,15:37:00,10:33:00,LOD_FIRST,19.75,18.25,0.42110874,0.3891258,38,1,0,4719.25,47.5,42.95672789,43.28124732,0.459765,0.42484614,1136633,390,0
2114,2021-02-19,4715,4718.5,4690,4694.75,11:33:00,15:57:00,HOD_FIRST,3.5,25,0.07423118,0.53022269,28.5,1,0,4702.25,28.5,43.28124732,42.22544394,0.08086643,0.57761736,1023106,390,0
2115,2021-02-22,4664.5,4690.5,4661.25,4665.75,13:56:00,09:35:00,LOD_FIRST,26,3.25,0.55740165,0.06967521,29.25,3,0,4694.75,33.5,42.22544394,41.60219795,0.61574249,0.07696781,1030588,390,0
2116,2021-02-23,4640.5,4683.5,4596,4669.25,15:28:00,09:51:00,LOD_FIRST,43,44.5,0.92662429,0.95894839,87.5,1,0,4665.75,87.5,41.60219795,44.88061238,1.03359924,1.06965502,1758326,390,0
2117,2021-02-24,4657.25,4717,4646.75,4711.75,15:52:00,10:10:00,LOD_FIRST,59.75,10.5,1.28294594,0.22545494,70.25,1,0,4669.25,70.25,44.88061238,46.6927115,1.33130982,0.23395403,1345808,390,0
2118,2021-02-25,4698.5,4713,4601.5,4617.75,09:39:00,15:39:00,HOD_FIRST,14.5,97,0.30860913,2.06448867,111.5,1,0,4711.75,111.5,46.6927115,51.32180353,0.31054097,2.07741202,2413809,390,0
2119,2021-02-26,4637.75,4649.75,4576.25,4596.75,12:20:00,10:30:00,LOD_FIRST,12,61.5,0.25874616,1.32607407,73.5,1,0,4617.75,73.5,51.32180353,52.90596042,0.23381875,1.1983211,2105529,390,0
2120,2021-03-01,4650,4703.25,4649.25,4689,14:54:00,09:31:00,LOD_FIRST,53.25,0.75,1.14516129,0.01612903,54,3,0,4596.75,106.5,52.90596042,56.73410611,1.00650285,0.0141761,1239515,390,0
2121,2021-03-02,4692,4694.75,4656.75,4659.5,09:32:00,16:00:00,HOD_FIRST,2.75,35.25,0.0586104,0.75127877,38,1,0,4689,38,56.73410611,55.39595567,0.04847173,0.62131939,1235045,390,0
2122,2021-03-03,4651.25,4661.75,4606.75,4608.25,09:34:00,16:00:00,HOD_FIRST,10.5,44.5,0.22574577,0.95673206,55,1,0,4659.5,55,55.39595567,55.36767312,0.18954452,0.80330774,1722844,390,0
2123,2021-03-04,4605.5,4633.5,4511.75,4560.75,12:10:00,14:00:00,HOD_FIRST,28,93.75,0.60796873,2.0356096,121.75,1,0,4608.25,121.75,55.36767312,60.1092679,0.50571025,1.69322629,2616986,390,0
2124,2021-03-05,4597.75,4641.25,4519.75,4629.25,15:54:00,11:29:00,LOD_FIRST,43.5,78,0.94611495,1.69648197,121.5,1,0,4560.75,121.5,60.1092679,64.49432019,0.72368208,1.29763683,2188689,390,0
2125,2021-03-08,4640,4670,4607.5,4611,13:17:00,16:00:00,HOD_FIRST,30,32.5,0.64655172,0.70043103,62.5,3,0,4629.25,62.5,64.49432019,64.35186875,0.46515724,0.50392034,1618851,390,0
2126,2021-03-09,4652,4692.5,4646.5,4664.25,13:45:00,09:43:00,LOD_FIRST,40.5,5.5,0.87059329,0.11822872,46,1,0,4611,81.5,64.35186875,65.57673527,0.62935235,0.0854676,1202162,390,0
2127,2021-03-10,4690.25,4707.5,4674.75,4688.5,14:50:00,10:41:00,LOD_FIRST,17.25,15.5,0.36778423,0.33047279,32.75,1,0,4664.25,43.25,65.57673527,63.98196846,0.26305061,0.23636431,1323382,390,0
2128,2021-03-11,4715.25,4749.75,4710.25,4727.75,13:08:00,09:45:00,LOD_FIRST,34.5,5,0.73166852,0.10603892,39.5,1,0,4688.5,61.25,63.98196846,63.78682786,0.53921442,0.07814702,900754,390,0
2129,2021-03-12,4714,4735.5,4705,4734.25,15:59:00,11:05:00,LOD_FIRST,21.5,9,0.45608825,0.19092066,30.5,1,0,4727.75,30.5,63.78682786,61.4091973,0.33706019,0.14109496,507241,390,0
2130,2021-03-15,4736,4759.75,4713,4757.5,16:00:00,11:39:00,LOD_FIRST,23.75,23,0.50147804,0.48564189,46.75,3,0,4734.25,46.75,61.4091973,60.36211178,0.38674989,0.37453673,806302,390,0
2131,2021-03-16,4763.25,4770.75,4742.75,4751.75,10:38:00,14:44:00,HOD_FIRST,7.5,20.5,0.15745552,0.43037842,28,1,0,4757.5,28,60.36211178,58.05053236,0.12425013,0.33961701,1118672,390,0
2132,2021-03-17,4737.5,4773.5,4725,4764,15:09:00,11:02:00,LOD_FIRST,36,12.5,0.75989446,0.26385224,48.5,1,0,4751.75,48.5,58.05053236,57.36835148,0.62014935,0.21532964,1421928,390,0
2133,2021-03-18,4736.25,4758.75,4700.5,4706,12:16:00,15:51:00,HOD_FIRST,22.5,35.75,0.47505938,0.75481657,58.25,1,0,4764,63.5,57.36835148,57.80632637,0.39220231,0.62316589,1554849,390,0
2134,2021-03-19,4702.25,4719.5,4675,4698,15:01:00,10:09:00,LOD_FIRST,17.25,27.25,0.36684566,0.57950981,44.5,1,0,4706,44.5,57.80632637,56.85587449,0.29841024,0.47140169,1482606,390,0
2135,2021-03-22,4704,4744.5,4703.5,4729.5,15:04:00,09:36:00,LOD_FIRST,40.5,0.5,0.86096939,0.01062925,41,3,0,4698,46.5,56.85587449,56.11616917,0.71232745,0.00879417,1012349,390,0
2136,2021-03-23,4722.75,4738.5,4690.5,4699,11:32:00,15:51:00,HOD_FIRST,15.75,32.25,0.33349214,0.68286486,48,1,0,4729.5,48,56.11616917,55.5364428,0.28066777,0.57470067,1565791,390,0
2137,2021-03-24,4714.25,4731.5,4679,4679,11:08:00,16:00:00,HOD_FIRST,17.25,35.25,0.36591186,0.74773294,52.5,1,0,4699,52.5,55.5364428,55.31955403,0.31060686,0.63471836,1735225,390,0
2138,2021-03-25,4664,4709.5,4643.25,4700.75,15:51:00,10:56:00,LOD_FIRST,45.5,20.75,0.97555746,0.44489708,66.25,1,0,4679,66.25,55.31955403,56.10030017,0.82249398,0.37509341,1873638,390,0
2139,2021-03-26,4713.5,4768,4706.75,4763,16:00:00,14:51:00,LOD_FIRST,54.5,6.75,1.15625331,0.14320569,61.25,1,0,4700.75,67.25,56.10030017,56.8967073,0.9714743,0.12032021,1574955,390,0
2140,2021-03-29,4747.75,4771.25,4731.75,4761.75,15:26:00,11:02:00,LOD_FIRST,23.5,16,0.4949713,0.33700174,39.5,3,0,4763,39.5,56.8967073,55.65408535,0.41302917,0.28121135,1642493,390,0
2141,2021-03-30,4747.75,4758.25,4733.75,4752,15:05:00,10:24:00,LOD_FIRST,10.5,14,0.22115739,0.29487652,24.5,1,0,4761.75,28,55.65408535,53.67879354,0.1886654,0.25155386,1280736,390,0
2142,2021-03-31,4757,4783.75,4756.5,4768.75,13:11:00,09:31:00,LOD_FIRST,26.75,0.5,0.5623292,0.01051083,27.25,1,0,4752,31.75,53.67879354,52.11245114,0.4983346,0.00931467,1274031,390,0
2143,2021-04-01,4788,4811,4785,4809.5,16:00:00,09:31:00,LOD_FIRST,23,3,0.48036759,0.06265664,26,1,0,4768.75,42.25,52.11245114,51.40799035,0.44135326,0.05756782,915383,390,0
2144,2021-04-05,4838.25,4873.75,4837.5,4867,12:36:00,09:31:00,LOD_FIRST,35.5,0.75,0.73373637,0.01550147,36.25,4,0,4809.5,64.25,51.40799035,52.32527675,0.69055413,0.01458917,1038796,390,0
2145,2021-04-06,4861.5,4876,4858.25,4864.5,11:46:00,15:54:00,HOD_FIRST,14.5,3.25,0.29826185,0.06685179,17.75,1,0,4867,17.75,52.32527675,49.85561413,0.27711272,0.06211147,984651,390,0
2146,2021-04-07,4863.25,4873.5,4858.25,4869.5,10:44:00,12:31:00,HOD_FIRST,10.25,5,0.21076441,0.10281191,15.25,1,0,4864.5,15.25,49.85561413,47.38378455,0.2055937,0.10028961,869546,390,0
2147,2021-04-08,4882.75,4890,4873,4889.25,16:00:00,10:14:00,LOD_FIRST,7.25,9.75,0.1484819,0.19968256,17,1,0,4869.5,20.5,47.38378455,45.46351422,0.15300593,0.20576659,725959,390,0
2148,2021-04-09,4887.75,4921.5,4886.75,4919.25,16:00:00,09:31:00,LOD_FIRST,33.75,1,0.69050176,0.02045931,34.75,1,0,4889.25,34.75,45.46351422,44.69826321,0.74235352,0.02199566,763258,390,0
2149,2021-04-12,4912.75,4923.75,4906,4921,15:53:00,10:44:00,LOD_FIRST,11,6.75,0.22390718,0.13739759,17.75,3,0,4919.25,17.75,44.69826321,42.77338726,0.24609457,0.15101258,848698,390,0
2150,2021-04-13,4919.75,4939.75,4915.5,4932.5,15:11:00,09:46:00,LOD_FIRST,20,4.25,0.40652472,0.0863865,24.25,1,0,4921,24.25,42.77338726,41.45028817,0.46758046,0.09936085,775175,390,0
2151,2021-04-14,4932.25,4944,4913,4920,10:34:00,15:03:00,HOD_FIRST,11.75,19.25,0.23822799,0.39028841,31,1,0,4932.5,31,41.45028817,40.70383902,0.28347209,0.46441173,1267040,390,0
2152,2021-04-15,4941.75,4966.5,4941.25,4963.25,15:48:00,09:59:00,LOD_FIRST,24.75,0.5,0.50083472,0.01011787,25.25,1,0,4920,46.5,40.70383902,41.11785052,0.60805075,0.01228385,990112,390,0
2153,2021-04-16,4977.25,4983.5,4961.75,4977.25,15:51:00,10:02:00,LOD_FIRST,6.25,15.5,0.12557135,0.31141695,21.75,1,0,4963.25,21.75,41.11785052,39.73443262,0.15200211,0.37696523,967517,390,0
2154,2021-04-19,4966.75,4971.5,4941.75,4957.25,09:33:00,12:43:00,HOD_FIRST,4.75,25,0.09563598,0.50334726,29.75,3,0,4977.25,35.5,39.73443262,39.43197315,0.11954367,0.62917722,1363352,390,0
2155,2021-04-20,4943.25,4951,4910.5,4926.5,09:56:00,11:39:00,HOD_FIRST,7.75,32.75,0.15677945,0.6625196,40.5,1,0,4957.25,46.75,39.43197315,39.95468935,0.19654101,0.83054429,1378657,390,0
2156,2021-04-21,4919.25,4967.25,4917.75,4964.75,15:51:00,09:36:00,LOD_FIRST,48,1.5,0.9757585,0.03049245,49.5,1,0,4926.5,49.5,39.95468935,40.63649726,1.20136086,0.03754253,1200015,390,0
2157,2021-04-22,4963.25,4971.75,4915.25,4927.25,13:01:00,14:03:00,HOD_FIRST,8.5,48,0.17125875,0.96710825,56.5,1,0,4964.75,56.5,40.63649726,41.76960459,0.20917157,1.18120417,1706825,390,0
2158,2021-04-23,4932.75,4986.75,4931.75,4970.75,15:36:00,09:31:00,LOD_FIRST,54,1,1.09472404,0.02027267,55,1,0,4927.25,59.5,41.76960459,43.03606141,1.29280611,0.02394085,1206289,390,0
2159,2021-04-26,4978.25,4986,4973.25,4980.25,15:22:00,15:33:00,HOD_FIRST,7.75,5,0.1556772,0.1004369,12.75,3,0,4970.75,15.25,43.03606141,41.05134274,0.18008154,0.11618164,780674,390,0
2160,2021-04-27,4983,4985.25,4966.75,4979,15:40:00,10:17:00,LOD_FIRST,2.25,16.25,0.04515352,0.32610877,18.5,1,0,4980.25,18.5,41.05134274,39.44053254,0.05480941,0.39584576,779917,390,0
2161,2021-04-28,4982,4993.75,4972.75,4978,14:46:00,14:01:00,LOD_FIRST,11.75,9.25,0.23584906,0.18566841,21,1,0,4979,21,39.44053254,38.12335165,0.29791687,0.2345303,1064022,390,0
2162,2021-04-29,5007.25,5011,4968,5003.75,09:31:00,12:08:00,HOD_FIRST,3.75,39.25,0.07489141,0.7838634,43,1,0,4978,43,38.12335165,38.47168367,0.09836491,1.02955271,1483035,390,0
2163,2021-04-30,4980,4989.25,4967.25,4977.25,10:01:00,15:48:00,HOD_FIRST,9.25,12.75,0.18574297,0.2560241,22,1,0,5003.75,36.5,38.47168367,38.33084912,0.24043658,0.33141258,1543969,390,0
2164,2021-05-03,4998.25,5002.5,4981,4986.25,09:56:00,15:57:00,HOD_FIRST,4.25,17.25,0.08502976,0.34512079,21.5,3,0,4977.25,25.25,38.33084912,37.39650276,0.11087675,0.45002916,985806,390,0
2165,2021-05-04,4964.75,4970.25,4920.5,4960.75,09:32:00,11:57:00,HOD_FIRST,5.5,44.25,0.11078101,0.89128355,49.75,1,0,4986.25,65.75,37.39650276,39.42175256,0.14707258,1.18326573,1624383,390,0
2166,2021-05-05,4977.75,4980,4953,4961,12:01:00,10:24:00,LOD_FIRST,2.25,24.75,0.04520115,0.4972126,27,1,0,4960.75,27,39.42175256,38.53448452,0.05707509,0.62782597,1127779,390,0
2167,2021-05-06,4962.25,4995.75,4940.5,4994.5,16:00:00,10:22:00,LOD_FIRST,33.5,21.75,0.67509698,0.43830923,55.25,1,0,4961,55.25,38.53448452,39.72844991,0.86935119,0.5644295,1415448,390,0
2168,2021-05-07,5003,5032.25,4995.5,5024.5,11:45:00,09:32:00,LOD_FIRST,29.25,7.5,0.58464921,0.14991005,36.75,1,0,4994.5,37.75,39.72844991,39.58713206,0.73624821,0.18878159,1246371,390,0
2169,2021-05-10,5028.5,5031,4981.75,4983.75,09:31:00,16:00:00,HOD_FIRST,2.5,46.75,0.04971662,0.92970071,49.25,3,0,5024.5,49.25,39.58713206,40.27733691,0.06315183,1.1809393,1366053,390,0
2170,2021-05-11,4934.25,4956.25,4903.75,4946.25,10:04:00,10:47:00,HOD_FIRST,22,30.5,0.4458631,0.61812839,52.5,1,0,4983.75,80,40.27733691,43.11466999,0.54621288,0.75724967,1952744,390,0
2171,2021-05-12,4915.75,4929,4851,4857.75,09:38:00,15:55:00,HOD_FIRST,13.25,64.75,0.26954178,1.31719473,78,1,0,4946.25,95.25,43.11466999,46.83862213,0.30731999,1.50180901,1976912,390,0
2172,2021-05-13,4873.75,4926.75,4873.25,4905.5,15:45:00,09:31:00,LOD_FIRST,53,0.5,1.08745832,0.01025904,53.5,1,0,4857.75,69,46.83862213,48.4215777,1.13154481,0.01067495,1826349,390,0
2173,2021-05-14,4935,4978.25,4934.75,4969,14:56:00,09:31:00,LOD_FIRST,43.25,0.25,0.87639311,0.00506586,43.5,1,0,4905.5,72.75,48.4215777,50.15932215,0.89319684,0.00516299,1115332,390,0
2174,2021-05-17,4956.75,4967,4936.5,4958.5,09:41:00,13:42:00,HOD_FIRST,10.25,20.25,0.20678872,0.40853382,30.5,3,0,4969,32.5,50.15932215,48.89794199,0.20434885,0.40371359,1163447,390,0
2175,2021-05-18,4961,4963.5,4920.5,4923,09:31:00,16:00:00,HOD_FIRST,2.5,40.5,0.05039307,0.81636767,43,1,0,4958.5,43,48.89794199,48.47666042,0.0511269,0.82825572,974635,390,0
2176,2021-05-19,4871.75,4913,4855.5,4911.5,16:00:00,10:16:00,LOD_FIRST,41.25,16.25,0.84671833,0.3335557,57.5,1,0,4923,67.5,48.47666042,49.83547039,0.85092495,0.33521286,1781235,390,0
2177,2021-05-20,4920.75,4969.25,4919.25,4955.5,15:29:00,09:31:00,LOD_FIRST,48.5,1.5,0.98562211,0.03048316,50,1,0,4911.5,57.75,49.83547039,50.40079394,0.97320241,0.03009904,1133416,390,0
2178,2021-05-21,4971.5,4985,4947,4952.5,10:01:00,12:57:00,HOD_FIRST,13.5,24.5,0.27154782,0.49280901,38,1,0,4955.5,38,50.40079394,49.51502294,0.26785292,0.48610345,1163564,390,0
2179,2021-05-24,4976.25,5006.25,4973.5,4994.5,14:46:00,09:32:00,LOD_FIRST,30,2.75,0.6028636,0.0552625,32.75,3,0,4952.5,53.75,49.51502294,49.8175213,0.60587673,0.0555387,799550,390,0
2180,2021-05-25,5006.25,5010,4979.25,4985.75,09:33:00,15:52:00,HOD_FIRST,3.75,27,0.07490637,0.53932584,30.75,1,0,4994.5,30.75,49.8175213,48.45555549,0.07527472,0.54197799,997705,390,0
2181,2021-05-26,4991.5,4999,4980.5,4993.75,13:06:00,10:03:00,LOD_FIRST,7.5,11,0.15025543,0.22037464,18.5,1,0,4985.75,18.5,48.45555549,46.31587296,0.15478101,0.22701215,810617,390,0
2182,2021-05-27,5004.5,5010,4994.25,4995,10:45:00,15:07:00,HOD_FIRST,5.5,10.25,0.10990109,0.20481567,15.75,1,0,4993.75,16.25,46.31587296,44.1683106,0.11874979,0.22130642,862147,390,0
2183,2021-05-28,5012.5,5015.5,5001,5003.5,12:17:00,16:00:00,HOD_FIRST,3,11.5,0.05985037,0.22942643,14.5,1,0,4995,20.5,44.1683106,42.47771699,0.067922,0.26036767,805437,390,0
2184,2021-06-01,5028.75,5030,4995,4999.25,09:32:00,13:22:00,HOD_FIRST,1.25,33.75,0.02485707,0.67114094,35,4,0,5003.5,35,42.47771699,41.94359435,0.02942719,0.79453423,979166,390,0
2185,2021-06-02,5006.5,5015,4995.5,5006.25,11:17:00,14:14:00,HOD_FIRST,8.5,11,0.16977929,0.21971437,19.5,1,0,4999.25,19.5,41.94359435,40.34048047,0.20265311,0.26225697,825771,390,0
2186,2021-06-03,4981,5002.5,4965.25,4990.75,11:08:00,09:50:00,LOD_FIRST,21.5,15.75,0.43164023,0.31620157,37.25,1,0,5006.25,41,40.34048047,40.387589,0.53296341,0.39042668,1060401,390,0
2187,2021-06-04,5010.25,5032,5009.25,5028.25,15:55:00,09:31:00,LOD_FIRST,21.75,1,0.43411007,0.01995908,22.75,1,0,4990.75,41.25,40.387589,40.44918979,0.53853178,0.02476008,687010,390,0
2188,2021-06-07,5028.5,5030.5,5014.5,5025.25,09:37:00,13:47:00,HOD_FIRST,2,14,0.03977329,0.27841305,16,3,0,5028.25,16,40.44918979,38.70281909,0.04944475,0.34611324,681508,390,0
2189,2021-06-08,5034,5035,5005.75,5025.5,09:31:00,11:23:00,HOD_FIRST,1,28.25,0.01986492,0.56118395,29.25,1,0,5025.25,29.25,38.70281909,38.02761773,0.02583791,0.72992099,965898,390,0
2190,2021-06-09,5034.5,5035,5017,5019.25,09:31:00,16:00:00,HOD_FIRST,0.5,17.5,0.00993147,0.34760155,18,1,0,5025.5,18,38.02761773,36.5970736,0.01314834,0.46019186,747049,390,0
2191,2021-06-10,5032.5,5049,5018.25,5038.5,10:04:00,10:56:00,HOD_FIRST,16.5,14.25,0.32786885,0.28315946,30.75,1,0,5019.25,30.75,36.5970736,36.17942549,0.45085572,0.3893754,909781,390,0
2192,2021-06-11,5044.75,5046.75,5030.75,5045.5,09:35:00,12:41:00,HOD_FIRST,2,14,0.03964518,0.27751623,16,1,0,5038.5,16,36.17942549,34.73803795,0.05528004,0.38696026,296305,390,0
2193,2021-06-14,5046.75,5056.5,5033.5,5056.25,16:00:00,12:55:00,LOD_FIRST,9.75,13.25,0.19319364,0.2625452,23,3,0,5045.5,23,34.73803795,33.89960667,0.28067216,0.38142626,679445,390,0
2194,2021-06-15,5056.75,5057.25,5037.25,5046.5,09:31:00,11:40:00,HOD_FIRST,0.5,19.5,0.00988777,0.38562318,20,1,0,5056.25,20,33.89960667,32.90677762,0.01474943,0.57522791,713817,390,0
2195,2021-06-16,5048.25,5050.5,4999.25,5022.75,09:31:00,14:02:00,HOD_FIRST,2.25,49,0.0445699,0.97063339,51.25,1,0,5046.5,51.25,32.90677762,34.21700779,0.06837497,1.48905495,1187344,390,0
2196,2021-06-17,5017.75,5031.75,4994.5,5021.5,15:51:00,12:31:00,LOD_FIRST,14,23.25,0.27900952,0.46335509,37.25,1,0,5022.75,37.25,34.21700779,34.43365009,0.40915325,0.67948665,1260923,390,0
2197,2021-06-18,4984.75,4992.75,4960.75,4963.75,09:47:00,16:00:00,HOD_FIRST,8,24,0.16048949,0.48146848,32,1,0,5021.5,60.75,34.43365009,36.31338937,0.23233087,0.69699262,1357326,390,0
2198,2021-06-21,4982.5,5025.25,4973.75,5023,16:00:00,09:36:00,LOD_FIRST,42.75,8.75,0.85800301,0.17561465,51.5,3,0,4963.75,61.5,36.31338937,38.11243299,1.17725172,0.24095795,1003578,390,0
2199,2021-06-22,5022.75,5054.5,5014.75,5045,15:29:00,10:02:00,LOD_FIRST,31.75,8,0.63212384,0.1592753,39.75,1,0,5023,39.75,38.11243299,38.22940206,0.83306148,0.20990526,787577,390,0
2200,2021-06-23,5046,5055.25,5039.5,5040.75,10:22:00,16:00:00,HOD_FIRST,9.25,6.5,0.18331352,0.1288149,15.75,1,0,5045,15.75,38.22940206,36.62373049,0.24196036,0.1700262,713118,390,0
2201,2021-06-24,5063.25,5069.75,5060.25,5065,13:17:00,11:42:00,LOD_FIRST,6.5,3,0.12837604,0.05925048,9.5,1,0,5040.75,29,36.62373049,36.07917831,0.17748055,0.0819141,641344,390,0
2202,2021-06-25,5073.25,5085.75,5069.75,5079.75,15:53:00,09:38:00,LOD_FIRST,12.5,3.5,0.24639038,0.06898931,16,1,0,5065,20.75,36.07917831,34.984237,0.34646022,0.09700886,663857,390,0
2203,2021-06-28,5086.25,5091,5073.25,5089.25,15:53:00,13:13:00,LOD_FIRST,4.75,13,0.09338904,0.25559105,17.75,3,0,5079.75,17.75,34.984237,33.75322007,0.13577544,0.37159593,622995,390,0
2204,2021-06-29,5093.25,5100,5086,5091.5,10:36:00,14:42:00,HOD_FIRST,6.75,7.25,0.13252835,0.14234526,14,1,0,5089.25,14,33.75322007,32.34227578,0.19998092,0.21479432,552317,390,0
2205,2021-06-30,5086.5,5102.75,5086.25,5095.25,15:56:00,09:31:00,LOD_FIRST,16.25,0.25,0.31947312,0.00491497,16.5,1,0,5091.5,16.5,32.34227578,31.21068465,0.50243836,0.00772982,766948,390,0
2206,2021-07-01,5103,5121,5102.25,5119.5,16:00:00,09:31:00,LOD_FIRST,18,0.75,0.35273369,0.01469724,18.75,1,0,5095.25,25.75,31.21068465,30.82063575,0.57672557,0.02403023,700640,390,0
2207,2021-07-02,5131.25,5156,5128,5152,15:52:00,09:43:00,LOD_FIRST,24.75,3.25,0.48233861,0.06333739,28,1,0,5119.5,36.5,30.82063575,31.22630462,0.8030334,0.10544883,676404,390,0
2208,2021-07-06,5152.5,5154.75,5114.25,5143.5,09:31:00,12:21:00,HOD_FIRST,2.25,38.25,0.04366812,0.74235808,40.5,4,0,5152,40.5,31.22630462,31.88871144,0.07205464,1.2249288,1064523,390,0
2209,2021-07-07,5151.25,5162.25,5129.25,5158.75,14:05:00,10:46:00,LOD_FIRST,11,22,0.2135404,0.42708081,33,1,0,5143.5,33,31.88871144,31.96808919,0.34494965,0.68989931,970545,390,0
2210,2021-07-08,5101.5,5131.75,5089.25,5124.5,12:56:00,10:23:00,LOD_FIRST,30.25,12.25,0.59296285,0.24012545,42.5,1,0,5158.75,69.5,31.96808919,34.64893996,0.94625612,0.38319463,1464221,390,0
2211,2021-07-09,5140,5173,5137.25,5169.25,15:51:00,09:32:00,LOD_FIRST,33,2.75,0.64202335,0.05350195,35.75,1,0,5124.5,48.5,34.64893996,35.63830139,0.95241009,0.07936751,927601,390,0
2212,2021-07-12,5168.25,5188.25,5163.75,5185.25,15:51:00,09:32:00,LOD_FIRST,20,4.5,0.38697818,0.08707009,24.5,3,0,5169.25,24.5,35.63830139,34.84270844,0.56119397,0.12626864,782382,390,0
2213,2021-07-13,5176.5,5192.75,5167.5,5170.5,12:02:00,15:57:00,HOD_FIRST,16.25,9,0.31391867,0.17386265,25.25,1,0,5185.25,25.25,34.84270844,34.15751498,0.46638165,0.25830369,928911,390,0
2214,2021-07-14,5188.25,5193.5,5163.5,5176.75,09:36:00,11:59:00,HOD_FIRST,5.25,24.75,0.10119019,0.47703946,30,1,0,5170.5,30,34.15751498,33.86054962,0.15369971,0.72458433,1016517,390,0
2215,2021-07-15,5162.25,5169.75,5141.5,5162,10:03:00,13:57:00,HOD_FIRST,7.5,20.75,0.14528549,0.40195651,28.25,1,0,5176.75,35.25,33.86054962,33.95979608,0.2214967,0.61280754,1267262,390,0
2216,2021-07-16,5174.25,5174.75,5123.25,5128,09:31:00,15:50:00,HOD_FIRST,0.5,51,0.00966324,0.98565009,51.5,1,0,5162,51.5,33.95979608,35.21266779,0.01472329,1.5017758,1276281,390,0
2217,2021-07-19,5075.75,5081,5033,5064,09:32:00,13:34:00,HOD_FIRST,5.25,42.75,0.10343299,0.84224006,48,3,0,5128,95,35.21266779,39.48319152,0.14909407,1.21405172,1976678,390,0
2218,2021-07-20,5070.25,5138,5061.75,5123.75,15:15:00,09:33:00,LOD_FIRST,67.75,8.5,1.33622602,0.16764459,76.25,1,0,5064,76.25,39.48319152,42.10939212,1.71592005,0.21528148,1365249,390,0
2219,2021-07-21,5137,5161.25,5135,5160.25,15:58:00,09:32:00,LOD_FIRST,24.25,2,0.47206541,0.03893323,26.25,1,0,5123.75,37.5,42.10939212,41.78014983,0.57588103,0.04749534,820333,390,0
2220,2021-07-22,5161,5171.25,5150.5,5168.75,15:00:00,12:22:00,LOD_FIRST,10.25,10.5,0.19860492,0.20344894,20.75,1,0,5160.25,20.75,41.78014983,40.27799627,0.24533182,0.25131552,745175,390,0
2221,2021-07-23,5188.75,5217.25,5181.5,5212.75,15:51:00,09:59:00,LOD_FIRST,28.5,7.25,0.54926524,0.13972537,35.75,1,0,5168.75,48.5,40.27799627,40.86528225,0.70758237,0.17999902,917501,390,0
2222,2021-07-26,5207,5224,5206,5223.5,16:00:00,10:46:00,LOD_FIRST,17,1,0.32648358,0.01920492,18,3,0,5212.75,18,40.86528225,39.2320478,0.41600104,0.02447065,656725,390,0
2223,2021-07-27,5212.5,5213,5173.75,5204,09:31:00,13:28:00,HOD_FIRST,0.5,38.75,0.00959233,0.74340528,39.25,1,0,5223.5,49.75,39.2320478,39.9833301,0.01274468,0.98771291,1262067,390,0
2224,2021-07-28,5210.25,5216.75,5186.5,5201.75,14:52:00,14:01:00,LOD_FIRST,6.5,23.75,0.12475409,0.45583225,30.25,1,0,5204,30.25,39.9833301,39.28809224,0.16256775,0.59399755,919892,390,0
2225,2021-07-29,5211.75,5231.5,5211.5,5220.75,13:29:00,09:31:00,LOD_FIRST,19.75,0.25,0.37895141,0.00479685,20,1,0,5201.75,29.75,39.28809224,38.60679994,0.50269684,0.00636325,710108,390,0
2226,2021-07-30,5193,5214,5191.25,5199,10:10:00,14:41:00,HOD_FIRST,21,1.75,0.40439053,0.03369921,22.75,1,0,5220.75,29.5,38.60679994,37.95631423,0.54394563,0.0453288,960131,390,0
2227,2021-08-02,5217,5223,5186.25,5189,09:33:00,15:57:00,HOD_FIRST,6,30.75,0.11500863,0.58941921,36.75,3,0,5199,36.75,37.95631423,37.87014892,0.15807647,0.81014189,895666,390,0
2228,2021-08-03,5197.5,5226,5174.25,5224.5,16:00:00,10:11:00,LOD_FIRST,28.5,23.25,0.54834055,0.44733045,51.75,1,0,5189,51.75,37.87014892,38.86156686,0.75257164,0.61394002,1059256,390,0
2229,2021-08-04,5210.75,5217.25,5200.25,5203,10:05:00,11:43:00,HOD_FIRST,6.5,10.5,0.12474212,0.2015065,17,1,0,5224.5,24.25,38.86156686,37.81788351,0.16726037,0.27018983,797437,390,0
2230,2021-08-05,5215,5231.75,5211,5230.5,16:00:00,09:31:00,LOD_FIRST,16.75,4,0.32118888,0.07670182,20.75,1,0,5203,28.75,37.81788351,37.17017755,0.44291215,0.10577007,550495,390,0
2231,2021-08-06,5234,5242.25,5230.75,5238.25,09:35:00,10:01:00,HOD_FIRST,8.25,3.25,0.15762323,0.062094,11.5,1,0,5230.5,11.75,37.17017755,35.35445058,0.22195213,0.08743569,695424,390,0
2232,2021-08-09,5237.5,5241,5225.75,5234.5,09:32:00,09:38:00,HOD_FIRST,3.5,11.75,0.06682578,0.22434368,15.25,3,0,5238.25,15.25,35.35445058,33.91841839,0.09899744,0.33234854,572244,390,0
2233,2021-08-10,5238.75,5247.25,5231.25,5239.25,10:16:00,10:55:00,HOD_FIRST,8.5,7.5,0.16225245,0.14316392,16,1,0,5234.5,16,33.91841839,32.63853137,0.25060131,0.2211188,777487,390,0
2234,2021-08-11,5250.75,5251.5,5239,5250,09:50:00,11:51:00,HOD_FIRST,0.75,11.75,0.01428367,0.22377756,12.5,1,0,5239.25,12.5,32.63853137,31.20006484,0.02297898,0.36000394,729950,390,0
2235,2021-08-12,5248.75,5265.25,5239.25,5263.5,15:41:00,10:10:00,LOD_FIRST,16.5,9.5,0.31436056,0.18099548,26,1,0,5250,26,31.20006484,30.82863164,0.52884505,0.30448655,683350,390,0
2236,2021-08-13,5268.5,5272.25,5263.25,5271.75,16:00:00,10:04:00,LOD_FIRST,3.75,5.25,0.07117775,0.09964886,9,1,0,5263.5,9,30.82863164,29.26944366,0.12164017,0.17029624,603591,390,0
2237,2021-08-16,5258.25,5283.75,5241.5,5282.75,16:00:00,10:31:00,LOD_FIRST,25.5,16.75,0.48495222,0.31854705,42.25,3,0,5271.75,42.25,29.26944366,30.19662626,0.87121574,0.57226916,933108,390,0
2238,2021-08-17,5254.75,5262.5,5220.75,5253.5,10:51:00,13:01:00,HOD_FIRST,7.75,34,0.14748561,0.64703364,41.75,1,0,5282.75,62,30.19662626,32.46829581,0.25665119,1.1259536,1459927,390,0
2239,2021-08-18,5242,5258.75,5201.5,5204.5,10:20:00,16:00:00,HOD_FIRST,16.75,40.5,0.31953453,0.77260588,57.25,1,0,5253.5,57.25,32.46829581,34.23841754,0.51588787,1.24737067,1234763,390,0
2240,2021-08-19,5174.75,5223.75,5173.5,5211.25,12:05:00,09:31:00,LOD_FIRST,49,1.25,0.94690565,0.02415576,50.25,1,0,5204.5,50.25,34.23841754,35.382102,1.43114091,0.0365087,1439826,390,0
2241,2021-08-20,5214.5,5249.5,5209,5245.5,15:48:00,09:31:00,LOD_FIRST,35,5.5,0.67120529,0.10547512,40.5,1,0,5211.25,40.5,35.382102,35.74766614,0.9892007,0.15544582,920270,390,0
2242,2021-08-23,5264,5294.75,5263.25,5285,13:13:00,09:31:00,LOD_FIRST,30.75,0.75,0.58415653,0.01424772,31.5,3,0,5245.5,49.25,35.74766614,36.71211856,0.86019602,0.02098039,711067,390,0
2243,2021-08-24,5291.75,5297.5,5286.5,5292,14:56:00,09:36:00,LOD_FIRST,5.75,5.25,0.10865971,0.09921104,11,1,0,5285,12.5,36.71211856,34.98268152,0.15662403,0.14300455,561876,390,0
2244,2021-08-25,5294,5307,5289.75,5301.5,15:46:00,09:33:00,LOD_FIRST,13,4.25,0.24556101,0.08027956,17.25,1,0,5292,17.25,34.98268152,33.71606141,0.37161245,0.12148869,597060,390,0
2245,2021-08-26,5298.5,5301,5274,5275,09:36:00,15:10:00,HOD_FIRST,2.5,24.5,0.04718317,0.46239502,27,1,0,5301.5,27.5,33.71606141,33.27205703,0.07414864,0.72665664,1069221,390,0
2246,2021-08-27,5283.5,5319,5282.75,5314,15:48:00,09:31:00,LOD_FIRST,35.5,0.75,0.67190309,0.01419514,36.25,1,0,5275,44,33.27205703,34.03833867,1.06696138,0.02254144,942309,390,0
2247,2021-08-30,5322.25,5343.5,5319.5,5334.75,11:17:00,09:43:00,LOD_FIRST,21.25,2.75,0.39926723,0.05166988,24,3,0,5314,29.5,34.03833867,33.71417162,0.62429604,0.08079125,758221,390,0
2248,2021-08-31,5334,5337.5,5321.5,5329.25,11:22:00,09:56:00,LOD_FIRST,3.5,12.5,0.0656168,0.23434571,16,1,0,5334.75,16,33.71417162,32.44887365,0.10381391,0.37076397,999254,390,0
2249,2021-09-01,5338.5,5344,5328.25,5331,13:37:00,15:59:00,HOD_FIRST,5.5,10.25,0.10302519,0.1920015,15.75,1,0,5329.25,15.75,32.44887365,31.25609696,0.16949741,0.31588153,761935,390,0
2250,2021-09-02,5346,5353,5331.75,5345,09:46:00,14:12:00,HOD_FIRST,7,14.25,0.13093902,0.26655443,21.25,1,0,5331,22,31.25609696,30.59494718,0.22395631,0.45591105,786862,390,0
2251,2021-09-03,5332.25,5349,5328.25,5343.5,15:15:00,09:54:00,LOD_FIRST,16.75,4,0.31412631,0.07501524,20.75,1,0,5345,20.75,30.59494718,29.89173666,0.54747602,0.13074054,785329,390,0
2252,2021-09-07,5339.75,5341,5319.75,5328,09:31:00,10:14:00,HOD_FIRST,1.25,20,0.02340934,0.37454937,21.25,4,0,5343.5,23.75,29.89173666,29.45304119,0.04181758,0.66908123,877483,390,0
2253,2021-09-08,5321.5,5329.25,5301,5322,10:02:00,10:56:00,HOD_FIRST,7.75,20.5,0.14563563,0.38522973,28.25,1,0,5328,28.25,29.45304119,29.36710967,0.26313072,0.6960232,1109577,390,0
2254,2021-09-09,5319.25,5338.5,5299.5,5302.25,10:31:00,14:05:00,HOD_FIRST,19.25,19.75,0.36189312,0.37129295,39,1,0,5322,39,29.36710967,30.05517327,0.65549522,0.67252107,1062475,390,0
2255,2021-09-10,5323,5327.25,5265.5,5267.75,09:33:00,15:58:00,HOD_FIRST,4.25,57.5,0.07984219,1.08021792,61.75,1,0,5302.25,61.75,30.05517327,32.31908946,0.1414066,1.91314818,720491,390,0
2256,2021-09-13,5298.5,5301.5,5252.5,5277.5,09:31:00,15:07:00,HOD_FIRST,3,46,0.0566198,0.86817024,49,3,0,5267.75,49,32.31908946,33.51058307,0.0928244,1.42330742,1198872,390,0
2257,2021-09-14,5293.25,5295.25,5243.25,5253.75,09:31:00,14:51:00,HOD_FIRST,2,50,0.03778397,0.94459925,52,1,0,5277.5,52,33.51058307,34.83125571,0.05968264,1.49206595,1220123,390,0
2258,2021-09-15,5257.5,5295.75,5245.5,5290.25,15:40:00,09:42:00,LOD_FIRST,38.25,12,0.7275321,0.22824536,50.25,1,0,5253.75,50.25,34.83125571,35.93259459,1.09815162,0.34451816,1090672,390,0
2259,2021-09-16,5284.25,5294.5,5251.25,5282.5,15:11:00,10:57:00,LOD_FIRST,10.25,33,0.19397265,0.62449733,43.25,1,0,5290.25,43.25,35.93259459,36.4552664,0.28525633,0.91838623,1107627,390,0
2260,2021-09-17,5273.75,5278.25,5234.25,5238,09:34:00,13:54:00,HOD_FIRST,4.5,39.5,0.08532828,0.74899265,44,1,0,5282.5,48.25,36.4552664,37.29774737,0.12343896,1.08351972,1468984,390,0
2261,2021-09-20,5172.25,5189.25,5111.75,5164.5,09:46:00,15:18:00,HOD_FIRST,17,60.5,0.32867707,1.16970371,77.5,3,0,5238,126.25,37.29774737,43.65147971,0.4557916,1.62208188,2015321,390,0
2262,2021-09-21,5189.25,5203,5154.5,5160.75,09:49:00,10:55:00,HOD_FIRST,13.75,34.75,0.26497085,0.66965361,48.5,1,0,5164.5,48.5,43.65147971,43.99780258,0.31499505,0.7960784,1460962,390,0
2263,2021-09-22,5184.5,5224.5,5174.5,5202.25,14:16:00,09:44:00,LOD_FIRST,40,10,0.77153052,0.19288263,50,1,0,5160.75,63.75,43.99780258,45.40867383,0.90913631,0.22728408,1391454,390,0
2264,2021-09-23,5222.25,5273,5219.25,5255.25,14:00:00,09:31:00,LOD_FIRST,50.75,3,0.97180334,0.0574465,53.75,1,0,5202.25,70.75,45.40867383,47.21876855,1.11762788,0.06606667,1051196,390,0
2265,2021-09-24,5238.25,5271,5235.75,5263.5,15:48:00,09:31:00,LOD_FIRST,32.75,2.5,0.6252088,0.04772586,35.25,1,0,5255.25,35.25,47.21876855,46.36385651,0.69358014,0.05294505,843876,390,0
2266,2021-09-27,5251.5,5264.5,5243,5251.25,10:32:00,09:43:00,LOD_FIRST,13,8.5,0.24754832,0.16185852,21.5,3,0,5263.5,21.5,46.36385651,44.58786676,0.28039083,0.18333246,950372,390,0
2267,2021-09-28,5220.75,5224.25,5152.75,5161.75,09:32:00,13:03:00,HOD_FIRST,3.5,68,0.06704018,1.30249485,71.5,1,0,5251.25,98.5,44.58786676,48.43873342,0.07849669,1.52507857,1797341,390,0
2268,2021-09-29,5176,5194.5,5162.25,5168.5,10:50:00,13:42:00,HOD_FIRST,18.5,13.75,0.35741886,0.26564915,32.25,1,0,5161.75,32.75,48.43873342,47.31810961,0.38192576,0.28386374,1355719,390,0
2269,2021-09-30,5184,5191.5,5112.25,5114.75,09:33:00,16:00:00,HOD_FIRST,7.5,71.75,0.14467593,1.38406636,79.25,1,0,5168.5,79.25,47.31810961,49.59895892,0.15850168,1.51633277,1818574,390,0
2270,2021-10-01,5133,5183.75,5095,5165,15:16:00,10:46:00,LOD_FIRST,50.75,38,0.98870056,0.74030781,88.75,1,0,5114.75,88.75,49.59895892,52.39546186,1.02320696,0.76614511,1620898,390,0
2271,2021-10-04,5152.75,5162.5,5085.5,5110,09:32:00,11:42:00,HOD_FIRST,9.75,67.25,0.18921935,1.30512833,77,3,0,5165,79.5,52.39546186,54.33150029,0.18608482,1.28350811,1656857,390,0
2272,2021-10-05,5125.5,5177.75,5116.5,5153,14:49:00,09:38:00,LOD_FIRST,52.25,9,1.01941274,0.17559263,61.25,1,0,5110,67.75,54.33150029,55.28996456,0.96168889,0.16564976,1214037,390,0
2273,2021-10-06,5115,5173.75,5097.5,5171.5,16:00:00,10:07:00,LOD_FIRST,58.75,17.5,1.1485826,0.34213099,76.25,1,0,5153,76.25,55.28996456,56.78710995,1.06257981,0.31651313,1620415,390,0
2274,2021-10-07,5206.25,5239.5,5204.5,5209,10:23:00,15:59:00,HOD_FIRST,33.25,1.75,0.63865546,0.03361345,35,1,0,5171.5,68,56.78710995,57.58803067,0.5855202,0.03081685,1031305,390,0
2275,2021-10-08,5217.25,5221.25,5194.25,5201,09:33:00,13:24:00,HOD_FIRST,4,23,0.07666874,0.44084527,27,1,0,5209,27,57.58803067,55.40317133,0.06945888,0.39938855,973089,390,0
2276,2021-10-11,5194,5225.5,5168,5168.75,10:21:00,16:00:00,HOD_FIRST,31.5,26,0.606469,0.50057759,57.5,3,0,5201,57.5,55.40317133,55.55294481,0.56855951,0.46928722,909004,390,0
2277,2021-10-12,5178.75,5183,5149.75,5158.25,09:35:00,15:48:00,HOD_FIRST,4.25,29,0.08206614,0.55998069,33.25,1,0,5168.75,33.25,55.55294481,53.95987732,0.0765036,0.52202453,905233,390,0
2278,2021-10-13,5169,5182.75,5136.75,5173.25,14:02:00,10:15:00,LOD_FIRST,13.75,32.25,0.2660089,0.62391178,46,1,0,5158.25,46,53.95987732,53.39131466,0.25481896,0.5976663,1000980,390,0
2279,2021-10-14,5213.25,5249,5208,5247,15:53:00,09:40:00,LOD_FIRST,35.75,5.25,0.68575265,0.10070493,41,1,0,5173.25,75.75,53.39131466,54.98836361,0.66958456,0.0983306,925544,390,0
2280,2021-10-15,5270,5285.5,5263,5281.25,14:27:00,09:35:00,LOD_FIRST,15.5,7,0.29411765,0.13282732,22.5,1,0,5247,38.5,54.98836361,53.81062335,0.28187782,0.12729966,854411,390,0
2281,2021-10-18,5261.75,5297.75,5254.75,5294.75,15:51:00,09:36:00,LOD_FIRST,36,7,0.68418302,0.13303559,43,3,0,5281.25,43,53.81062335,53.03843597,0.66901288,0.13008584,766550,390,0
2282,2021-10-19,5311.5,5330.25,5305.25,5329.75,16:00:00,09:46:00,LOD_FIRST,18.75,6.25,0.35300762,0.11766921,25,1,0,5294.75,35.5,53.03843597,51.78569054,0.35351721,0.11783907,738242,390,0
2283,2021-10-20,5333.75,5350.25,5332.5,5347,10:35:00,09:31:00,LOD_FIRST,16.5,1.25,0.30935083,0.02343567,17.75,1,0,5329.75,20.5,51.78569054,49.55099836,0.31862084,0.02413794,758506,390,0
2284,2021-10-21,5340,5361.25,5335.75,5359,15:59:00,09:37:00,LOD_FIRST,21.25,4.25,0.39794007,0.07958801,25.5,1,0,5347,25.5,49.55099836,47.83306991,0.4288511,0.08577022,692038,390,0
2285,2021-10-22,5354,5369.5,5333.25,5354.25,10:30:00,11:50:00,HOD_FIRST,15.5,20.75,0.28950318,0.3875607,36.25,1,0,5359,36.25,47.83306991,47.00570777,0.3240436,0.4338003,1046395,390,0
2286,2021-10-25,5365.75,5382,5346.75,5378.25,13:14:00,09:42:00,LOD_FIRST,16.25,19,0.30284676,0.35409775,35.25,3,0,5354.25,35.25,47.00570777,46.16601436,0.3457027,0.40420623,774833,390,0
2287,2021-10-26,5394.5,5408,5378.75,5382.75,10:23:00,12:55:00,HOD_FIRST,13.5,15.75,0.25025489,0.29196404,29.25,1,0,5378.25,29.75,46.16601436,44.9934419,0.2924229,0.34116006,1021652,390,0
2288,2021-10-27,5387,5394.75,5361.75,5362,10:01:00,15:59:00,HOD_FIRST,7.75,25.25,0.14386486,0.46872099,33,1,0,5382.75,33,44.9934419,44.13676748,0.17224732,0.5611929,984870,390,0
2289,2021-10-28,5377.75,5406.75,5377,5405.75,16:00:00,09:31:00,LOD_FIRST,29,0.75,0.53925898,0.01394635,29.75,1,0,5362,44.75,44.13676748,44.18056981,0.65704857,0.01699264,884017,390,0
2290,2021-10-29,5381.75,5419,5378.25,5415.25,15:56:00,09:31:00,LOD_FIRST,37.25,3.5,0.69215404,0.06503461,40.75,1,0,5405.75,40.75,44.18056981,43.9355291,0.84313082,0.07922035,1011566,390,0
2291,2021-11-01,5426,5430,5404.5,5424,09:34:00,10:05:00,HOD_FIRST,4,21.5,0.07371913,0.39624032,25.5,3,0,5415.25,25.5,43.9355291,42.6187056,0.09104249,0.48935339,793420,390,0
2292,2021-11-02,5425,5445,5423.5,5441.75,11:46:00,09:35:00,LOD_FIRST,20,1.5,0.36866359,0.02764977,21.5,1,0,5424,21.5,42.6187056,41.11022663,0.46927751,0.03519581,776552,390,0
2293,2021-11-03,5436,5475,5431,5470.25,15:51:00,09:38:00,LOD_FIRST,39,5,0.71743929,0.0919794,44,1,0,5441.75,44,41.11022663,41.31663901,0.94866906,0.12162424,879595,390,0
2294,2021-11-04,5476,5492.75,5472.5,5492,10:50:00,09:36:00,LOD_FIRST,16.75,3.5,0.3058802,0.06391527,20.25,1,0,5470.25,22.5,41.31663901,39.97259337,0.40540568,0.08471163,909045,390,0
2295,2021-11-05,5515.75,5529.75,5492.25,5508,10:04:00,13:30:00,HOD_FIRST,14,23.5,0.25381861,0.42605267,37.5,1,0,5492,37.75,39.97259337,39.8138367,0.35023997,0.58790281,1119106,390,0
2296,2021-11-08,5519.75,5525,5504.75,5512.25,09:37:00,12:06:00,HOD_FIRST,5.25,15,0.095113,0.27175144,20.25,3,0,5508,20.25,39.8138367,38.41641979,0.1318637,0.37675344,719425,390,0
2297,2021-11-09,5516.25,5518.5,5481.25,5496.75,09:31:00,12:06:00,HOD_FIRST,2.25,35,0.04078858,0.63448901,37.25,1,0,5512.25,37.25,38.41641979,38.33310409,0.05856871,0.91106876,1065274,390,0
2298,2021-11-10,5478.5,5496.75,5443.25,5459.25,10:21:00,14:46:00,HOD_FIRST,18.25,35.25,0.33312038,0.64342429,53.5,1,0,5496.75,53.5,38.33310409,39.4164538,0.4760898,0.91957072,1285195,390,0
2299,2021-11-11,5474.75,5475.5,5460,5460.75,09:31:00,16:00:00,HOD_FIRST,0.75,14.75,0.01369926,0.26941869,15.5,1,0,5459.25,16.25,39.4164538,37.7617071,0.01902759,0.37420921,694782,390,0
2300,2021-11-12,5474,5501.5,5463.75,5495.25,15:37:00,09:39:00,LOD_FIRST,27.5,10.25,0.50237486,0.18724881,37.75,1,0,5460.75,40.75,37.7617071,37.97515659,0.72825097,0.271439,890118,390,0
2301,2021-11-15,5509.5,5510.75,5485,5497,09:31:00,11:47:00,HOD_FIRST,1.25,24.5,0.02268808,0.44468645,25.75,3,0,5495.25,25.75,37.97515659,37.10193112,0.03291626,0.64515863,820487,390,0
2302,2021-11-16,5494.25,5527.75,5493.5,5515.25,14:03:00,09:31:00,LOD_FIRST,33.5,0.75,0.60972835,0.01365063,34.25,1,0,5497,34.25,37.10193112,36.89822176,0.90291796,0.02021458,782795,390,0
2303,2021-11-17,5512.75,5514.75,5497.25,5504.25,12:01:00,09:56:00,LOD_FIRST,2,15.5,0.03627953,0.28116639,17.5,1,0,5515.25,18,36.89822176,35.54834877,0.05420315,0.42007444,850242,390,0
2304,2021-11-18,5515.25,5523,5486,5520,15:49:00,10:21:00,LOD_FIRST,7.75,29.25,0.14051947,0.53034767,37,1,0,5504.25,37,35.54834877,35.65203815,0.21801294,0.82282303,957081,390,0
2305,2021-11-19,5518.75,5532.25,5508,5511.75,12:38:00,13:41:00,HOD_FIRST,13.5,10.75,0.24462061,0.19479049,24.25,1,0,5520,24.25,35.65203815,34.83760685,0.37865998,0.30152554,883539,390,0
2306,2021-11-22,5530.5,5558.5,5496,5498,10:17:00,16:00:00,HOD_FIRST,28,34.5,0.50628334,0.6238134,62.5,3,0,5511.75,62.5,34.83760685,36.81349207,0.80372915,0.99030913,1327288,390,0
2307,2021-11-23,5494.75,5513.5,5467,5505.25,09:58:00,11:04:00,HOD_FIRST,18.75,27.75,0.34123482,0.50502753,46.5,1,0,5498,46.5,36.81349207,37.5053855,0.50932413,0.75379972,1478006,390,0
2308,2021-11-24,5483,5518.75,5474.25,5516.5,15:55:00,09:47:00,LOD_FIRST,35.75,8.75,0.65201532,0.15958417,44.5,1,0,5505.25,44.5,37.5053855,38.00500082,0.95319644,0.23329983,1083194,390,0
2309,2021-11-29,5463,5487.75,5439.25,5468.5,13:09:00,10:42:00,LOD_FIRST,24.75,23.75,0.45304778,0.43474282,48.5,5,0,5516.5,77.25,38.00500082,40.80821505,0.65123009,0.62491776,1413956,390,0
2310,2021-11-30,5442,5462.25,5375,5380.75,10:36:00,15:55:00,HOD_FIRST,20.25,67,0.37210584,1.23116501,87.25,1,0,5468.5,93.5,40.80821505,44.57191397,0.49622362,1.64182628,2143211,390,0
2311,2021-12-01,5438.5,5468.75,5323.5,5326.5,11:27:00,16:00:00,HOD_FIRST,30.25,115,0.55621955,2.11455365,145.25,1,0,5380.75,145.25,44.57191397,51.76320583,0.67867851,2.58010011,2108721,390,0
2312,2021-12-02,5328.25,5411.75,5324.25,5395.5,15:43:00,09:36:00,LOD_FIRST,83.5,4,1.56711866,0.07507155,87.5,1,0,5326.5,87.5,51.76320583,54.31583399,1.61311493,0.07727497,1995749,390,0
2313,2021-12-03,5413,5424.5,5310,5355.25,09:33:00,15:01:00,HOD_FIRST,11.5,103,0.21245151,1.90282653,114.5,1,0,5395.5,114.5,54.31583399,58.61470299,0.21172463,1.89631628,2213768,390,0
2314,2021-12-06,5382.75,5429.75,5357.25,5409.25,14:04:00,09:39:00,LOD_FIRST,47,25.5,0.87315963,0.47373554,72.5,3,0,5355.25,74.5,58.61470299,59.74936706,0.80184659,0.43504443,1537386,390,0
2315,2021-12-07,5465.75,5510.5,5465.25,5504.25,11:02:00,09:31:00,LOD_FIRST,44.75,0.5,0.81873485,0.00914788,45.25,1,0,5409.25,101.25,59.74936706,62.71369798,0.74896191,0.00836829,1316707,390,0
2316,2021-12-08,5508.25,5521.25,5489.75,5516.5,15:54:00,11:04:00,LOD_FIRST,13,18.5,0.23600962,0.33585985,31.5,1,0,5504.25,31.5,62.71369798,60.48414813,0.20729124,0.29499138,947627,390,0
2317,2021-12-09,5502.75,5512.75,5483,5484.75,13:38:00,16:00:00,HOD_FIRST,10,19.75,0.18172732,0.35891145,29.75,1,0,5516.5,33.5,60.48414813,58.55670898,0.16533258,0.32653184,974981,390,0
2318,2021-12-10,5514,5530.5,5486.75,5528.75,16:00:00,11:10:00,LOD_FIRST,16.5,27.25,0.2992383,0.49419659,43.75,1,0,5484.75,45.75,58.55670898,57.64194405,0.28177813,0.46536085,662320,390,0
2319,2021-12-13,5523.5,5527,5483,5486.5,09:31:00,16:00:00,HOD_FIRST,3.5,40.5,0.06336562,0.73323074,44,3,0,5528.75,45.75,57.64194405,56.79251947,0.06071967,0.70261336,1148546,390,0
2320,2021-12-14,5450.25,5477.5,5421.75,5454.25,09:46:00,12:49:00,HOD_FIRST,27.25,28.5,0.49997707,0.52291179,55.75,1,0,5486.5,64.75,56.79251947,57.36091094,0.47981671,0.50182665,1288178,390,0
2321,2021-12-15,5454.25,5529,5427.5,5525.75,16:00:00,14:01:00,LOD_FIRST,74.75,26.75,1.3704909,0.49044323,101.5,1,0,5454.25,101.5,57.36091094,60.51370302,1.30315225,0.46634545,1518831,390,0
2322,2021-12-16,5545.5,5548.75,5467.5,5483.5,09:36:00,14:55:00,HOD_FIRST,3.25,78,0.05860608,1.40654585,81.25,1,0,5525.75,81.25,60.51370302,61.99486709,0.05370684,1.28896425,1587650,390,0
2323,2021-12-17,5450.25,5482.5,5415.5,5434,11:14:00,10:17:00,LOD_FIRST,32.25,34.75,0.59171598,0.63758543,67,1,0,5483.5,68,61.99486709,62.42380515,0.52020436,0.56053028,1894894,390,0
2324,2021-12-20,5378.25,5389,5345.75,5384.5,16:00:00,11:37:00,LOD_FIRST,10.75,32.5,0.19987914,0.60428578,43.25,3,0,5434,88.25,62.42380515,64.26853335,0.17220994,0.52063471,1556704,390,0
2325,2021-12-21,5420.25,5467.75,5397.75,5465.75,16:00:00,10:39:00,LOD_FIRST,47.5,22.5,0.87634334,0.41511,70,1,0,5384.5,83.25,64.26853335,65.6243524,0.73908642,0.35009357,1169801,390,0
2326,2021-12-22,5463,5513,5461,5511.75,16:00:00,09:31:00,LOD_FIRST,50,2,0.91524803,0.03660992,52,1,0,5465.75,52,65.6243524,64.65118437,0.76191228,0.03047649,855534,390,0
2327,2021-12-23,5522,5556.75,5521,5540.5,15:51:00,09:32:00,LOD_FIRST,34.75,1,0.62930098,0.01810938,35.75,1,0,5511.75,45,64.65118437,63.24752835,0.53749982,0.01546762,741178,390,0
2328,2021-12-27,5555.25,5609,5555,5608.25,16:00:00,09:31:00,LOD_FIRST,53.75,0.25,0.96755322,0.00450025,54,4,0,5540.5,68.5,63.24752835,63.62270489,0.84983558,0.00395272,710051,390,0
2329,2021-12-28,5612.75,5623.5,5596,5605.5,09:59:00,12:35:00,HOD_FIRST,10.75,16.75,0.19152822,0.29842769,27.5,1,0,5608.25,27.5,63.62270489,61.04251169,0.16896484,0.26327079,764157,390,0
2330,2021-12-29,5605.75,5621.5,5595.5,5610,15:51:00,10:17:00,LOD_FIRST,15.75,10.25,0.28096151,0.18284797,26,1,0,5605.5,26,61.04251169,58.53947514,0.25801691,0.16791576,674640,390,0
2331,2021-12-30,5614,5625.25,5592.75,5597.75,10:27:00,15:58:00,HOD_FIRST,11.25,21.25,0.20039188,0.37851799,32.5,1,0,5610,32.5,58.53947514,56.67951263,0.19217801,0.36300291,582658,390,0
2332,2021-12-31,5591.75,5604,5582.75,5585,09:41:00,16:00:00,HOD_FIRST,12.25,9,0.21907274,0.1609514,21.25,1,0,5597.75,21.25,56.67951263,54.14883315,0.21612748,0.15878753,707511,390,0
2333,2022-01-03,5598.5,5612.75,5573,5612,16:00:00,09:51:00,LOD_FIRST,14.25,25.5,0.25453246,0.45547915,39.75,3,0,5585,39.75,54.14883315,53.12034507,0.26316357,0.47092428,1051735,390,0
2334,2022-01-04,5626.75,5633.75,5590,5609.25,09:43:00,14:00:00,HOD_FIRST,7,36.75,0.12440574,0.65313014,43.75,1,0,5612,43.75,53.12034507,52.45103471,0.13177625,0.69182533,1131848,390,0
2335,2022-01-05,5605.75,5613.75,5516.5,5517.75,10:27:00,16:00:00,HOD_FIRST,8,89.25,0.14271061,1.59211524,97.25,1,0,5609.25,97.25,52.45103471,55.6509608,0.15252321,1.70158702,1502878,390,0
2336,2022-01-06,5512.75,5541.25,5487.5,5512.5,12:46:00,10:13:00,LOD_FIRST,28.5,25.25,0.51698336,0.45802911,53.75,1,0,5517.75,53.75,55.6509608,55.51517789,0.51212054,0.45372083,1431014,390,0
2337,2022-01-07,5512.5,5525,5479.25,5494.25,09:56:00,10:53:00,HOD_FIRST,12.5,33.25,0.22675737,0.6031746,45.75,1,0,5512.5,45.75,55.51517789,54.81766518,0.22516365,0.59893531,1200339,390,0
2338,2022-01-10,5459.25,5490.5,5398.25,5487.75,16:00:00,10:50:00,LOD_FIRST,31.25,61,0.57242295,1.1173696,92.25,3,0,5494.25,96,54.81766518,57.75926052,0.57007171,1.11277997,1803615,390,0
2339,2022-01-11,5485.25,5532,5452.75,5530.5,16:00:00,09:56:00,LOD_FIRST,46.75,32.5,0.85228568,0.59249806,79.25,1,0,5487.75,79.25,57.75926052,59.29431334,0.80939402,0.56268033,1368099,390,0
2340,2022-01-12,5548.5,5565,5522.25,5544,10:15:00,11:18:00,HOD_FIRST,16.5,26.25,0.29737767,0.47310084,42.75,1,0,5530.5,42.75,59.29431334,58.11257668,0.27827289,0.44270687,1221999,390,0
2341,2022-01-13,5555,5561.75,5468,5478.5,09:59:00,15:56:00,HOD_FIRST,6.75,87,0.12151215,1.56615662,93.75,1,0,5544,93.75,58.11257668,60.65810691,0.11615386,1.49709417,1519765,390,0
2342,2022-01-14,5444.25,5484,5431.5,5479.25,15:51:00,13:25:00,LOD_FIRST,39.75,12.75,0.73012812,0.23419204,52.5,1,0,5478.5,52.5,60.65810691,60.07538499,0.65531224,0.21019449,1533191,390,0
2343,2022-01-18,5429.5,5432,5385.5,5398,09:31:00,15:56:00,HOD_FIRST,2.5,44,0.04604476,0.8103877,46.5,4,0,5479.25,93.75,60.07538499,62.48071464,0.04161438,0.73241312,1626450,390,0
2344,2022-01-19,5413.5,5428.5,5346.75,5350.25,09:40:00,16:00:00,HOD_FIRST,15,66.75,0.27708507,1.23302854,81.75,1,0,5398,81.75,62.48071464,63.85709216,0.24007408,1.06832965,1457201,390,0
2345,2022-01-20,5369.25,5419.75,5294.5,5299.75,11:03:00,15:56:00,HOD_FIRST,50.5,74.75,0.94054104,1.39218699,125.25,1,0,5350.25,125.25,63.85709216,68.24229986,0.79082837,1.17058258,1552217,390,0
2346,2022-01-21,5287.75,5312.5,5210.75,5211,11:25:00,16:00:00,HOD_FIRST,24.75,77,0.46806298,1.45619592,101.75,1,0,5299.75,101.75,68.24229986,70.63570702,0.36267828,1.12833243,2327229,390,0
2347,2022-01-24,5151.75,5235.5,5038.25,5230.25,15:59:00,12:26:00,LOD_FIRST,83.75,113.5,1.62566118,2.20313486,197.25,3,0,5211,197.25,70.63570702,79.67958509,1.18566096,1.60683604,3029557,390,0
2348,2022-01-25,5161.75,5228.25,5102,5176.5,14:58:00,10:07:00,LOD_FIRST,66.5,59.75,1.28832276,1.15755316,126.25,1,0,5230.25,128.25,79.67958509,83.14890044,0.8345927,0.7498784,1835034,390,0
2349,2022-01-26,5238.5,5271.75,5119.75,5165.5,14:03:00,15:25:00,HOD_FIRST,33.25,118.75,0.63472368,2.26687029,152,1,0,5176.5,152,83.14890044,88.06683612,0.39988502,1.4281608,1902792,390,0
2350,2022-01-27,5213,5247.5,5124.25,5143.25,10:12:00,15:16:00,HOD_FIRST,34.5,88.75,0.66180702,1.70247458,123.25,1,0,5165.5,123.25,88.06683612,90.57991926,0.39174792,1.00775733,1633809,390,0
2351,2022-01-28,5157.5,5250.5,5108.5,5249.5,16:00:00,10:02:00,LOD_FIRST,93,49,1.80319922,0.95007271,142,1,0,5143.25,142,90.57991926,94.25278217,1.02671763,0.54095875,1621541,390,0
2352,2022-01-31,5242.5,5333.25,5228.25,5327.25,15:59:00,09:33:00,LOD_FIRST,90.75,14.25,1.73104435,0.27181688,105,3,0,5249.5,105,94.25278217,95.02044058,0.9628363,0.15118917,1333117,390,0
2353,2022-02-01,5337.25,5366.5,5299.5,5359.75,15:55:00,10:07:00,LOD_FIRST,29.25,37.75,0.54803504,0.70729308,67,1,0,5327.25,67,95.02044058,93.01898054,0.3078285,0.39728294,1207532,390,0
2354,2022-02-02,5385.25,5411.5,5360.75,5402.75,15:57:00,11:16:00,LOD_FIRST,26.25,24.5,0.48744255,0.45494638,50.75,1,0,5359.75,51.75,93.01898054,90.07119622,0.28220047,0.26338711,1237430,390,0
2355,2022-02-03,5339.75,5359.75,5287.5,5297.25,11:15:00,15:55:00,HOD_FIRST,20,52.25,0.37454937,0.97851023,72.25,1,0,5402.75,115.25,90.07119622,91.8696822,0.22204657,0.58009666,1338245,390,0
2356,2022-02-04,5293.25,5358,5268,5316.75,15:14:00,11:16:00,LOD_FIRST,64.75,25.25,1.22325603,0.47702262,90,1,0,5297.25,90,91.8696822,91.73613347,0.7048027,0.27484584,1367643,390,0
2357,2022-02-07,5325,5340,5288.25,5302.25,15:15:00,15:57:00,HOD_FIRST,15,36.75,0.28169014,0.69014085,51.75,3,0,5316.75,51.75,91.73613347,88.87998108,0.16351245,0.4006055,1146387,390,0
2358,2022-02-08,5296.5,5349.25,5281.75,5338.75,15:56:00,10:03:00,LOD_FIRST,52.75,14.75,0.99594072,0.27848579,67.5,1,0,5302.25,67.5,88.87998108,87.35283958,0.59349698,0.16595413,1182481,390,0
2359,2022-02-09,5382.25,5408,5380,5405,15:51:00,09:31:00,LOD_FIRST,25.75,2.25,0.47842445,0.04180408,28,1,0,5338.75,69.25,87.35283958,86.05977961,0.29478149,0.02575761,1075507,390,0
2360,2022-02-10,5343,5407.25,5301.5,5323.5,10:43:00,15:51:00,HOD_FIRST,64.25,41.5,1.20250795,0.7767172,105.75,1,0,5405,105.75,86.05977961,87.46622392,0.74657407,0.48222294,1925600,390,0
2361,2022-02-11,5324.25,5346,5218.75,5233.75,09:48:00,15:43:00,HOD_FIRST,21.75,105.5,0.40850824,1.98149974,127.25,1,0,5323.5,127.25,87.46622392,90.30792221,0.24866742,1.20617989,2021561,390,0
2362,2022-02-14,5228.5,5245.5,5182.5,5220.25,13:06:00,14:08:00,HOD_FIRST,17,46,0.32514105,0.87979344,63,3,0,5233.75,63,90.30792221,88.35735634,0.18824484,0.50936838,1557524,390,0
2363,2022-02-15,5267,5292.25,5261.5,5290,15:53:00,12:50:00,LOD_FIRST,25.25,5.5,0.47940004,0.10442377,30.75,1,0,5220.25,72,88.35735634,87.18897374,0.28577134,0.06224722,1084295,390,0
2364,2022-02-16,5269,5310,5248.25,5295.75,15:51:00,12:35:00,LOD_FIRST,41,20.75,0.77813627,0.39381287,61.75,1,0,5290,61.75,87.18897374,85.37190419,0.47024295,0.23798881,1078972,390,0
2365,2022-02-17,5261.5,5267.25,5193.25,5200.5,09:41:00,15:54:00,HOD_FIRST,5.75,68.25,0.10928442,1.2971586,74,1,0,5295.75,102.5,85.37190419,86.59533961,0.06735237,0.79944334,1173038,390,0
2366,2022-02-18,5202.5,5215.75,5146.5,5171.5,09:56:00,13:19:00,HOD_FIRST,13.25,56,0.25468525,1.07640557,69.25,1,0,5200.5,69.25,86.59533961,85.35638678,0.15301054,0.64668607,1364303,390,0
2367,2022-02-22,5147.75,5184.25,5087,5125.5,10:31:00,14:12:00,HOD_FIRST,36.5,60.75,0.70904764,1.18012724,97.25,4,0,5171.5,97.25,85.35638678,86.20593058,0.42761885,0.71172179,1512091,390,0
2368,2022-02-23,5155.75,5161.25,5041.75,5048.5,09:34:00,15:51:00,HOD_FIRST,5.5,114,0.10667701,2.2111235,119.5,1,0,5125.5,119.5,86.20593058,88.58407839,0.06380071,1.32241482,1529223,390,0
2369,2022-02-24,4938,5115.5,4934.25,5111.25,15:54:00,09:31:00,LOD_FIRST,177.5,3.75,3.5945727,0.07594168,181.25,1,0,5048.5,181.25,88.58407839,95.20307279,2.00374608,0.04233266,1909711,390,0
2370,2022-02-25,5124.25,5207.25,5106.75,5205.5,15:54:00,10:01:00,LOD_FIRST,83,17.5,1.61974923,0.34151339,100.5,1,0,5111.25,100.5,95.20307279,95.58142474,0.8718206,0.1838176,1329455,390,0
2371,2022-02-28,5149,5211,5135.5,5195,11:35:00,14:12:00,HOD_FIRST,62,13.5,1.2041173,0.26218683,75.5,3,0,5205.5,75.5,95.58142474,94.14703726,0.6486616,0.14124083,1492877,390,0
2372,2022-03-01,5178.75,5200,5100.5,5128.75,09:38:00,15:51:00,HOD_FIRST,21.25,78.25,0.41033068,1.51098238,99.5,1,0,5195,99.5,94.14703726,94.52939174,0.22571077,0.83114671,1392119,390,0
2373,2022-03-02,5152.75,5224.75,5144.25,5207,15:51:00,10:12:00,LOD_FIRST,72,8.5,1.39731211,0.16496046,80.5,1,0,5128.75,96,94.52939174,94.63443519,0.76166787,0.08991912,1203458,390,0
2374,2022-03-03,5233,5239.5,5166.5,5186,09:48:00,11:16:00,HOD_FIRST,6.5,66.5,0.12421173,1.27078158,73,1,0,5207,73,94.63443519,93.08911839,0.06868536,0.70270404,1191218,390,0
2375,2022-03-04,5145.5,5162.5,5106.75,5151,13:10:00,11:12:00,LOD_FIRST,17,38.75,0.33038577,0.75308522,55.75,1,0,5186,79.25,93.08911839,92.10060993,0.1826207,0.41626777,1223041,390,0
2376,2022-03-07,5144,5146.75,5022.5,5023.5,09:33:00,16:00:00,HOD_FIRST,2.75,121.5,0.05346034,2.36197512,124.25,3,0,5151,128.5,92.10060993,94.70056636,0.02985865,1.3192095,1258857,390,0
2377,2022-03-08,5025.25,5100.5,4978.75,4990.75,13:13:00,11:33:00,LOD_FIRST,75.25,46.5,1.49743794,0.9253271,121.75,1,0,5023.5,121.75,94.70056636,96.63266877,0.79460982,0.49102135,1733213,390,0
2378,2022-03-09,5080.25,5123.75,5056.25,5102.75,15:34:00,09:54:00,LOD_FIRST,43.5,24,0.85625707,0.4724177,67.5,1,0,4990.75,133,96.63266877,99.23033528,0.45015832,0.24836321,1070685,390,0
2379,2022-03-10,5053.25,5093,5032.5,5083.5,15:54:00,11:42:00,LOD_FIRST,39.75,20.75,0.78662247,0.41062682,60.5,1,0,5102.75,70.25,99.23033528,97.16031133,0.40058315,0.20910944,1003513,390,0
2380,2022-03-11,5110.25,5116.25,5023.5,5029,09:32:00,16:00:00,HOD_FIRST,6,86.75,0.11741109,1.69756861,92.75,1,0,5083.5,92.75,97.16031133,96.8452891,0.06175361,0.89285428,569032,390,0
2381,2022-03-14,5037.5,5074.25,4986.75,4999.5,11:01:00,14:30:00,HOD_FIRST,36.75,50.75,0.72952854,1.00744417,87.5,3,0,5029,87.5,96.8452891,96.17776845,0.37947122,0.52403168,918010,390,0
2382,2022-03-15,5026.5,5097.75,5013,5090.75,15:55:00,09:45:00,LOD_FIRST,71.25,13.5,1.41748732,0.26857654,84.75,1,0,4999.5,98.25,96.17776845,96.32578499,0.74081569,0.14036508,1076010,390,0
2383,2022-03-16,5128.5,5186.25,5076.75,5185.5,16:00:00,14:35:00,LOD_FIRST,57.75,51.75,1.12606025,1.00906698,109.5,1,0,5090.75,109.5,96.32578499,97.26680034,0.59952795,0.53723933,1338185,390,0
2384,2022-03-17,5164.5,5241,5160.25,5239.5,16:00:00,09:33:00,LOD_FIRST,76.5,4.25,1.48126634,0.08229257,80.75,1,0,5185.5,80.75,97.26680034,96.08702889,0.78649652,0.04369425,923974,390,0
2385,2022-03-18,5222.25,5291.5,5213.5,5287.25,15:36:00,09:35:00,LOD_FIRST,69.25,8.75,1.32605678,0.1675523,78,1,0,5239.5,78,96.08702889,94.79509826,0.72070081,0.09106328,970781,390,0
2386,2022-03-21,5286,5307.5,5249.5,5287.5,09:41:00,13:22:00,HOD_FIRST,21.5,36.5,0.40673477,0.69050322,58,3,0,5287.25,58,94.79509826,92.16687695,0.22680498,0.38504101,1090285,390,0
2387,2022-03-22,5301.75,5349.25,5301.5,5340,15:51:00,09:31:00,LOD_FIRST,47.5,0.25,0.89593059,0.00471542,47.75,1,0,5287.5,61.75,92.16687695,89.99424288,0.51536953,0.00271247,949366,390,0
2388,2022-03-23,5312,5328.25,5280.5,5281.25,12:04:00,16:00:00,HOD_FIRST,16.25,31.5,0.30591114,0.59299699,47.75,1,0,5340,59.5,89.99424288,87.81608268,0.18056711,0.35002239,1014228,390,0
2389,2022-03-24,5302.5,5348,5290.5,5347.75,16:00:00,09:37:00,LOD_FIRST,45.5,12,0.85808581,0.22630835,57.5,1,0,5281.25,66.75,87.81608268,86.31136249,0.51812833,0.13664923,940672,390,0
2390,2022-03-25,5354.75,5373.5,5327.75,5370.5,10:44:00,11:29:00,HOD_FIRST,18.75,27,0.3501564,0.50422522,45.75,1,0,5347.75,45.75,86.31136249,83.41412231,0.21723675,0.31282092,967111,390,0
2391,2022-03-28,5364,5403.5,5344.25,5403.5,16:00:00,12:20:00,LOD_FIRST,39.5,19.75,0.73639075,0.36819538,59.25,3,0,5370.5,59.25,83.41412231,81.68811357,0.47354092,0.23677046,901226,390,0
2392,2022-03-29,5444.5,5465.5,5416.25,5461.5,15:37:00,10:15:00,LOD_FIRST,21,28.25,0.38571035,0.51887226,49.25,1,0,5403.5,62,81.68811357,80.28181975,0.25707535,0.34582755,992443,390,0
2393,2022-03-30,5448.5,5457,5409.25,5432.5,10:02:00,15:25:00,HOD_FIRST,8.5,39.25,0.15600624,0.72038176,47.75,1,0,5461.5,52.25,80.28181975,78.27954691,0.10587702,0.48890272,923502,390,0
2394,2022-03-31,5423.75,5431.75,5360.75,5362.25,10:59:00,16:00:00,HOD_FIRST,8,63,0.14749942,1.16155796,71,1,0,5432.5,71.75,78.27954691,77.8131507,0.10219783,0.80480793,1215548,390,0
2395,2022-04-01,5378,5379.5,5335.75,5372.5,09:33:00,13:23:00,HOD_FIRST,1.5,42.25,0.02789141,0.78560803,43.75,1,0,5362.25,43.75,77.8131507,75.38006851,0.01927695,0.54296735,1136516,390,0
2396,2022-04-04,5375.75,5413.25,5367.25,5412.25,16:00:00,09:35:00,LOD_FIRST,37.5,8.5,0.69757708,0.15811747,46,3,0,5372.5,46,75.38006851,73.28149218,0.49747899,0.1127619,792569,390,0
2397,2022-04-05,5396.75,5423.25,5342.25,5355.75,10:04:00,15:51:00,HOD_FIRST,26.5,54.5,0.49103627,1.00986705,81,1,0,5412.25,81,73.28149218,73.83281417,0.36161927,0.74370756,1095149,390,0
2398,2022-04-06,5312.25,5334,5279,5310,15:03:00,14:19:00,LOD_FIRST,21.75,33.25,0.40943103,0.62591181,55,1,0,5355.75,76.75,73.83281417,74.04118459,0.29458446,0.45034177,1428276,390,0
2399,2022-04-07,5300.5,5351.75,5279,5332,15:47:00,12:51:00,LOD_FIRST,51.25,21.5,0.96688992,0.40562211,72.75,1,0,5310,72.75,74.04118459,73.94895712,0.69218233,0.29037893,1155578,390,0
2400,2022-04-08,5323.75,5350.5,5303.25,5321.5,12:29:00,10:01:00,LOD_FIRST,26.75,20.5,0.50246537,0.38506692,47.25,1,0,5332,47.25,73.94895712,72.04188875,0.361736,0.27721824,1060052,390,0
2401,2022-04-11,5285,5294,5238,5243.75,09:37:00,15:56:00,HOD_FIRST,9,47,0.17029328,0.88930937,56,3,0,5321.5,83.5,72.04188875,72.86032527,0.12492732,0.65239822,1084844,390,0
2402,2022-04-12,5275.25,5301.25,5210,5225.75,09:55:00,15:30:00,HOD_FIRST,26,65.25,0.49286764,1.2369082,91.25,1,0,5243.75,91.25,72.86032527,74.17387346,0.35684716,0.89554912,1289447,390,0
2403,2022-04-13,5223.75,5284,5221.5,5277,15:48:00,09:32:00,LOD_FIRST,60.25,2.25,1.15338598,0.04307251,62.5,1,0,5225.75,62.5,74.17387346,73.34002536,0.81228062,0.03033413,930963,390,0
2404,2022-04-14,5278.5,5290.25,5219.75,5221.75,09:36:00,16:00:00,HOD_FIRST,11.75,58.75,0.22260112,1.11300559,70.5,1,0,5277,70.5,73.34002536,73.13716641,0.16021265,0.80106326,1048798,390,0
2405,2022-04-18,5210.75,5240.75,5199,5223.5,14:26:00,12:42:00,LOD_FIRST,30,11.75,0.57573286,0.22549537,41.75,4,0,5221.75,41.75,73.13716641,70.89522595,0.41018816,0.16065703,917365,390,0
2406,2022-04-19,5221.25,5301.5,5219.5,5293.5,15:52:00,09:33:00,LOD_FIRST,80.25,1.75,1.53698827,0.03351688,82,1,0,5223.5,82,70.89522595,71.68842409,1.1319521,0.02468431,1117261,390,0
2407,2022-04-20,5312,5318.75,5278,5290.25,09:32:00,14:56:00,HOD_FIRST,6.75,34,0.12707078,0.64006024,40.75,1,0,5293.5,40.75,71.68842409,69.47853666,0.09415746,0.47427462,1107039,390,0
2408,2022-04-21,5329,5343.5,5214.5,5223.25,09:52:00,15:50:00,HOD_FIRST,14.5,114.5,0.27209608,2.14862075,129,1,0,5290.25,129,69.47853666,73.73006976,0.20869754,1.64799096,1419551,390,0
2409,2022-04-22,5211.75,5215,5096.75,5103.75,09:35:00,16:00:00,HOD_FIRST,3.25,115,0.06235909,2.2065525,118.25,1,0,5223.25,126.5,73.73006976,77.49935049,0.04407971,1.55974354,1597620,390,0
2410,2022-04-25,5078.5,5129.25,5029.75,5127.5,15:55:00,11:54:00,LOD_FIRST,50.75,48.75,0.99931082,0.95992911,99.5,3,0,5103.75,99.5,77.49935049,79.07082545,0.6548442,0.62903753,1772200,390,0
2411,2022-04-26,5100.25,5102,5001.75,5002.5,09:31:00,16:00:00,HOD_FIRST,1.75,98.5,0.03431204,1.93127788,100.25,1,0,5127.5,125.75,79.07082545,82.40505221,0.02213206,1.24571863,1587959,390,0
2412,2022-04-27,5013.75,5070.75,4991.5,5014,12:44:00,10:33:00,LOD_FIRST,57,22.25,1.1368736,0.44377961,79.25,1,0,5002.5,79.25,82.40505221,82.17969133,0.69170516,0.27000772,1542683,390,0
2413,2022-04-28,5064.25,5138,5017,5119.75,15:25:00,10:42:00,LOD_FIRST,73.75,47.25,1.45628672,0.93301081,121,1,0,5014,124,82.17969133,85.16685624,0.89742367,0.57495957,1360088,390,0
2414,2022-04-29,5077,5100,4953.25,4962.25,10:00:00,15:59:00,HOD_FIRST,23,123.75,0.45302344,2.43746307,146.75,1,0,5119.75,166.5,85.16685624,90.97636651,0.27005811,1.45303003,1626232,390,0
2415,2022-05-02,4961.5,5000.25,4890.5,4986,10:32:00,14:44:00,HOD_FIRST,38.75,71,0.78101381,1.43101885,109.75,3,0,4962.25,109.75,90.97636651,92.31734033,0.42593479,0.78042246,1904415,390,0
2416,2022-05-03,4990.5,5030.25,4973.5,5004.75,11:35:00,09:46:00,LOD_FIRST,39.75,17,0.79651338,0.34064723,56.75,1,0,4986,56.75,92.31734033,89.77681602,0.43058,0.18414742,1368556,390,0
2417,2022-05-04,5011,5137.5,4977.25,5131.5,15:54:00,11:36:00,LOD_FIRST,126.5,33.75,2.52444622,0.67351826,160.25,1,0,5004.75,160.25,89.77681602,94.81061487,1.40904975,0.37593225,1505487,390,0
2418,2022-05-05,5085.5,5086.5,4933.75,4979,09:31:00,15:32:00,HOD_FIRST,1,151.75,0.01966375,2.98397404,152.75,1,0,5131.5,197.75,94.81061487,102.1634281,0.01054734,1.60055918,2009296,390,0
2419,2022-05-06,4951,4987.75,4896.5,4953.5,11:23:00,09:58:00,LOD_FIRST,36.75,54.5,0.74227429,1.10078772,91.25,1,0,4979,91.25,102.1634281,101.38389752,0.35971776,0.533459,1822023,390,0
2420,2022-05-09,4890,4903.5,4804.5,4821.75,09:40:00,15:53:00,HOD_FIRST,13.5,85.5,0.27607362,1.74846626,99,3,0,4953.5,149,101.38389752,104.7850477,0.13315724,0.84332919,1616572,390,0
2421,2022-05-10,4884.5,4900,4787.5,4829.5,09:32:00,12:34:00,HOD_FIRST,15.5,97,0.31733033,1.98587368,112.5,1,0,4821.75,112.5,104.7850477,105.33611572,0.14792187,0.92570459,1772111,390,0
2422,2022-05-11,4819.5,4879.5,4758.25,4766.5,10:47:00,15:55:00,HOD_FIRST,60,61.25,1.24494242,1.27087872,121.25,1,0,4829.5,121.25,105.33611572,106.47282174,0.56960521,0.58147198,1617752,390,0
2423,2022-05-12,4731.5,4796.25,4689.5,4762.25,11:11:00,14:44:00,HOD_FIRST,64.75,42,1.36848779,0.88766776,106.75,1,0,4766.5,106.75,106.47282174,106.49262019,0.60813641,0.39446686,1816183,390,0
2424,2022-05-13,4805.25,4870.5,4794,4854.75,12:15:00,09:36:00,LOD_FIRST,65.25,11.25,1.35788981,0.23411893,76.5,1,0,4762.25,108.25,106.49262019,106.61814732,0.61271851,0.10564112,1453492,390,0
2425,2022-05-16,4837.75,4878,4814,4841,14:33:00,09:51:00,LOD_FIRST,40.25,23.75,0.83199835,0.4909307,64,3,0,4854.75,64,106.61814732,103.57399394,0.37751547,0.22275758,1319910,390,0
2426,2022-05-17,4904,4924.25,4864.25,4920.75,15:07:00,10:47:00,LOD_FIRST,20.25,39.75,0.41292822,0.81056281,60,1,0,4841,83.25,103.57399394,102.12228008,0.1955124,0.3837836,1315538,390,0
2427,2022-05-18,4872.75,4876,4742.5,4758.25,09:37:00,15:55:00,HOD_FIRST,3.25,130.25,0.06669745,2.67302858,133.5,1,0,4920.75,178.25,102.12228008,107.55997436,0.03182459,1.27543177,1756388,390,0
2428,2022-05-19,4722.75,4778,4708.5,4731.5,15:05:00,09:51:00,LOD_FIRST,55.25,14.25,1.16986925,0.30173098,69.5,1,0,4758.25,69.5,107.55997436,104.84140477,0.51366691,0.13248423,1775694,390,0
2429,2022-05-20,4770,4775.5,4642,4732.75,09:44:00,13:31:00,HOD_FIRST,5.5,128,0.11530398,2.68343816,133.5,1,0,4731.5,133.5,104.84140477,106.88844728,0.05246019,1.22089169,1930400,390,0
2430,2022-05-23,4765.5,4815,4741,4806.5,14:47:00,10:04:00,LOD_FIRST,49.5,24.5,1.03871577,0.51411185,74,3,0,4732.75,82.25,106.88844728,105.12855819,0.46309963,0.22921093,1363098,390,0
2431,2022-05-24,4762.5,4789,4706.5,4777.75,15:40:00,10:52:00,LOD_FIRST,26.5,56,0.55643045,1.17585302,82.5,1,0,4806.5,100,105.12855819,104.76223261,0.25207232,0.53268114,1675116,390,0
2432,2022-05-25,4759.5,4832.25,4756,4813.5,15:14:00,09:31:00,LOD_FIRST,72.75,3.5,1.5285219,0.07353714,76.25,1,0,4777.75,76.25,104.76223261,102.72564456,0.69442965,0.03340899,1379284,390,0
2433,2022-05-26,4823.75,4908,4822,4890,15:51:00,09:31:00,LOD_FIRST,84.25,1.75,1.74656647,0.03627883,86,1,0,4813.5,94.5,102.72564456,102.13809852,0.82014574,0.01703567,1101127,390,0
2434,2022-05-27,4916,4991.75,4914,4990.75,16:00:00,09:31:00,LOD_FIRST,75.75,2,1.5408869,0.04068348,77.75,1,0,4890,101.75,102.13809852,102.1103772,0.74164294,0.01958133,1133104,390,0
2435,2022-05-31,4972.5,5002.25,4937.25,4966.75,14:03:00,10:11:00,LOD_FIRST,29.75,35.25,0.5982906,0.70889894,65,4,0,4990.75,65,102.1103772,99.45963597,0.29135139,0.34521467,1545273,390,0
2436,2022-06-01,4988.75,4999.5,4906,4932.75,09:39:00,12:53:00,HOD_FIRST,10.75,82.75,0.21548484,1.65873215,93.5,1,0,4966.75,93.5,99.45963597,99.03394769,0.10808405,0.83199581,1567664,390,0
2437,2022-06-02,4931,5011,4906.75,5010.25,15:59:00,10:28:00,LOD_FIRST,80,24.25,1.62238897,0.49178666,104.25,1,0,4932.75,104.25,99.03394769,99.40652285,0.80780381,0.24486553,1172957,390,0
2438,2022-06-03,4960,4976.75,4931.25,4942.5,10:02:00,11:29:00,HOD_FIRST,16.75,28.75,0.33770161,0.5796371,45.5,1,0,5010.25,79,99.40652285,97.94891408,0.16850001,0.28921643,1150513,390,0
2439,2022-06-06,4984.25,5002.75,4941.75,4953.75,10:07:00,15:21:00,HOD_FIRST,18.5,42.5,0.37116918,0.85268596,61,3,0,4942.5,61,97.94891408,95.30970593,0.18887397,0.43389965,1172818,390,0
2440,2022-06-07,4917,4998.5,4912.25,4993.25,15:51:00,09:33:00,LOD_FIRST,81.5,4.75,1.65751474,0.09660362,86.25,1,0,4953.75,86.25,95.30970593,94.66258408,0.85510703,0.04983753,1270711,390,0
2441,2022-06-08,4975.5,4994.5,4939.75,4948.75,09:56:00,15:08:00,HOD_FIRST,19,35.75,0.38187117,0.71852075,54.75,1,0,4993.25,54.75,94.66258408,91.81168521,0.20071288,0.37765713,1338631,390,0
2442,2022-06-09,4929,4952.75,4849.25,4849.5,10:01:00,16:00:00,HOD_FIRST,23.75,79.75,0.48184216,1.61797525,103.5,1,0,4948.75,103.5,91.81168521,92.64656484,0.25868167,0.86862582,1361373,390,0
2443,2022-06-10,4784,4792.75,4731.5,4732.5,09:33:00,16:00:00,HOD_FIRST,8.75,52.5,0.18290134,1.09740803,61.25,1,0,4849.5,118,92.64656484,94.4575245,0.09444495,0.56666969,1024092,390,0
2444,2022-06-13,4632,4652.5,4567,4584.75,09:38:00,15:52:00,HOD_FIRST,20.5,65,0.4425734,1.40328152,85.5,3,0,4732.5,165.5,94.4575245,99.53198703,0.21702877,0.68813999,814286,390,0
2445,2022-06-14,4602.25,4613.25,4539.75,4573,10:04:00,15:20:00,HOD_FIRST,11,62.5,0.23901353,1.3580314,73.5,1,0,4584.75,73.5,99.53198703,97.67255939,0.11051723,0.62793884,1521557,390,0
2446,2022-06-15,4607.5,4674.25,4554.75,4626.75,15:36:00,14:34:00,LOD_FIRST,66.75,52.75,1.44872491,1.14487249,119.5,1,0,4573,119.5,97.67255939,99.23166229,0.68340587,0.5400698,1562039,390,0
2447,2022-06-16,4538.75,4543,4473.25,4504.75,09:33:00,14:55:00,HOD_FIRST,4.25,65.5,0.09363812,1.44312861,69.75,1,0,4626.75,153.5,99.23166229,103.10797212,0.04282907,0.66007158,1714269,390,0
2448,2022-06-17,4503.75,4543,4470.25,4506.5,09:56:00,10:50:00,HOD_FIRST,39.25,33.5,0.87149598,0.74382459,72.75,1,0,4504.75,72.75,103.10797212,100.93954554,0.38066892,0.32490213,1602751,390,0
2449,2022-06-21,4567.5,4615,4566.75,4599.75,15:14:00,09:31:00,LOD_FIRST,47.5,0.75,1.03995621,0.01642036,48.25,4,0,4506.5,108.5,100.93954554,101.47957801,0.4705787,0.00743019,1016083,390,0
2450,2022-06-22,4555.25,4636.75,4550.5,4592,14:18:00,09:31:00,LOD_FIRST,81.5,4.75,1.78914439,0.10427529,86.25,1,0,4599.75,86.25,101.47957801,100.391751,0.80311725,0.04680745,1271825,390,0
2451,2022-06-23,4615,4637,4577,4630,15:52:00,13:05:00,LOD_FIRST,22,38,0.47670639,0.82340195,60,1,0,4592,60,100.391751,97.50662593,0.21914151,0.37851716,1246235,390,0
2452,2022-06-24,4663,4750.75,4662.25,4750.25,16:00:00,09:32:00,LOD_FIRST,87.75,0.75,1.88183573,0.01608407,88.5,1,0,4630,120.75,97.50662593,99.16686694,0.89993884,0.00769178,1152862,390,0
2453,2022-06-27,4760,4763,4723.75,4736.75,09:31:00,15:07:00,HOD_FIRST,3,36.25,0.06302521,0.76155462,39.25,3,0,4750.25,39.25,99.16686694,94.88709073,0.03025204,0.36554548,1139011,390,0
2454,2022-06-28,4751.5,4781.25,4654.25,4656.5,09:40:00,15:52:00,HOD_FIRST,29.75,97.25,0.62611807,2.04672209,127,1,0,4736.75,127,94.88709073,97.18086996,0.31353053,1.02490233,1455284,390,0
2455,2022-06-29,4661.25,4671.25,4632.5,4651.75,10:03:00,09:46:00,LOD_FIRST,10,28.75,0.21453473,0.61678734,38.75,1,0,4656.5,38.75,97.18086996,93.00723639,0.10290091,0.29584012,1350105,390,0
2456,2022-06-30,4609.25,4654,4572.5,4620.75,12:33:00,10:04:00,LOD_FIRST,44.75,36.75,0.97087379,0.79730976,81.5,1,0,4651.75,81.5,93.00723639,92.18529094,0.48114536,0.39513054,1817989,390,0
2457,2022-07-01,4612.25,4664.75,4584.75,4659.25,15:47:00,10:41:00,LOD_FIRST,52.5,27.5,1.13827308,0.59623828,80,1,0,4620.75,80,92.18529094,91.31491301,0.56950517,0.29831223,1336636,390,0
2458,2022-07-05,4605.75,4667,4575.25,4666.75,16:00:00,10:05:00,LOD_FIRST,61.25,30.5,1.32985941,0.66221571,91.75,4,0,4659.25,91.75,91.31491301,91.34599065,0.67075572,0.33400897,1481338,390,0
2459,2022-07-06,4668,4706.25,4642.75,4680.75,15:37:00,11:46:00,LOD_FIRST,38.25,25.25,0.81940874,0.54091688,63.5,1,0,4666.75,63.5,91.34599065,89.35699132,0.41873759,0.27642155,1336986,390,0
2460,2022-07-07,4698.25,4745.5,4697.75,4736,15:22:00,09:31:00,LOD_FIRST,47.25,0.5,1.00569361,0.01064226,47.75,1,0,4680.75,64.75,89.35699132,87.59934908,0.52877788,0.00559553,1003259,390,0
2461,2022-07-08,4718.75,4753.25,4702.75,4733.25,11:27:00,10:01:00,LOD_FIRST,34.5,16,0.73112583,0.33907285,50.5,1,0,4736,50.5,87.59934908,84.94939558,0.39383854,0.18264976,1102310,390,0
2462,2022-07-11,4704.5,4715.25,4681.25,4689,09:33:00,15:51:00,HOD_FIRST,10.75,23.25,0.22850462,0.49420767,34,3,0,4733.25,52,84.94939558,82.59586732,0.12654593,0.27369235,1200448,390,0
2463,2022-07-12,4682.25,4707.75,4636,4655.25,09:40:00,15:39:00,HOD_FIRST,25.5,46.25,0.54460996,0.98777297,71.75,1,0,4689,71.75,82.59586732,81.82116251,0.30873215,0.55995538,1339526,390,0
2464,2022-07-13,4596.75,4666,4591.75,4634.25,13:03:00,09:34:00,LOD_FIRST,69.25,5,1.50649916,0.1087725,74.25,1,0,4655.25,74.25,81.82116251,81.28036519,0.84635806,0.06110888,1620413,390,0
2465,2022-07-14,4580.75,4631.25,4555,4625.5,15:31:00,10:12:00,LOD_FIRST,50.5,25.75,1.10243956,0.56213502,76.25,1,0,4634.25,79.25,81.28036519,81.13533911,0.62130626,0.31680468,1463846,390,0
2466,2022-07-15,4671.25,4698.25,4651,4696.75,16:00:00,09:56:00,LOD_FIRST,27,20.25,0.57800375,0.43350281,47.25,1,0,4625.5,72.75,81.13533911,80.53638631,0.33277731,0.24958298,1070424,390,0
2467,2022-07-18,4729.25,4736.5,4651.5,4665.25,09:56:00,15:51:00,HOD_FIRST,7.25,77.75,0.15330126,1.64402389,85,3,0,4696.75,85,80.53638631,80.85521586,0.09002142,0.96540214,1137263,390,0
2468,2022-07-19,4705.75,4774.5,4699.25,4767.75,15:49:00,09:48:00,LOD_FIRST,68.75,6.5,1.46097859,0.13812888,75.25,1,0,4665.25,109.25,80.85521586,82.88341473,0.85028528,0.08039061,1241368,390,0
2469,2022-07-20,4769.75,4808.5,4756,4793.75,12:09:00,10:07:00,LOD_FIRST,38.75,13.75,0.81241155,0.28827507,52.5,1,0,4767.75,52.5,82.88341473,80.71317082,0.46752417,0.16589567,1366838,390,0
2470,2022-07-21,4786,4834.25,4761.5,4834,16:00:00,10:27:00,LOD_FIRST,48.25,24.5,1.00814877,0.51190974,72.75,1,0,4793.75,72.75,80.71317082,80.1443729,0.59779587,0.30354402,1448782,390,0
2471,2022-07-22,4834.5,4847.5,4772.75,4796.75,09:52:00,14:14:00,HOD_FIRST,13,61.75,0.26890061,1.2772779,74.75,1,0,4834,74.75,80.1443729,79.75906055,0.16220727,0.77048454,1462662,390,0
2472,2022-07-25,4802.5,4810.25,4777.25,4801.25,12:48:00,15:09:00,HOD_FIRST,7.75,25.25,0.16137428,0.52576783,33,3,0,4796.75,33,79.75906055,76.41912766,0.09716764,0.31657845,1221610,390,0
2473,2022-07-26,4784,4786.25,4744.5,4754.25,09:31:00,15:09:00,HOD_FIRST,2.25,39.5,0.04703177,0.8256689,41.75,1,0,4801.25,56.75,76.41912766,75.01418997,0.02944289,0.5168863,1268170,390,0
2474,2022-07-27,4788.75,4874,4785.75,4855.25,15:31:00,09:33:00,LOD_FIRST,85.25,3,1.78021404,0.06264683,88.25,1,0,4754.25,119.75,75.01418997,78.20960497,1.13645165,0.03999243,1413782,390,0
2475,2022-07-28,4863,4912.5,4825.75,4904.5,15:07:00,10:23:00,LOD_FIRST,49.5,37.25,1.01789019,0.76598807,86.75,1,0,4855.25,86.75,78.20960497,78.81963319,0.63291459,0.47628421,1596317,390,0
2476,2022-07-29,4920.25,4975.25,4912.25,4965,15:51:00,09:38:00,LOD_FIRST,55,8,1.11782938,0.16259336,63,1,0,4904.5,70.75,78.81963319,78.24323082,0.69779569,0.10149755,1510079,390,0
2477,2022-08-01,4936.25,4978.5,4928.25,4951,10:55:00,09:33:00,LOD_FIRST,42.25,8,0.85591289,0.16206635,50.25,3,0,4965,50.25,78.24323082,76.24371433,0.53998281,0.10224527,1454952,390,0
2478,2022-08-02,4935,4974.25,4911.75,4925.25,12:55:00,10:11:00,LOD_FIRST,39.25,23.25,0.79533941,0.47112462,62.5,1,0,4951,62.5,76.24371433,75.26202045,0.51479654,0.30494317,1550831,390,0
2479,2022-08-03,4947,5001.25,4943.75,4988.25,15:45:00,09:32:00,LOD_FIRST,54.25,3.25,1.09662422,0.06569638,57.5,1,0,4925.25,76,75.26202045,75.31473327,0.72081509,0.04318247,1386416,390,0
2480,2022-08-04,4987,4994.25,4967.25,4984.5,10:07:00,10:41:00,HOD_FIRST,7.25,19.75,0.14537798,0.39602968,27,1,0,4988.25,27,75.31473327,71.8636809,0.09626271,0.26223289,979068,390,0
2481,2022-08-05,4939.25,4984.5,4938.5,4977.25,10:17:00,09:31:00,LOD_FIRST,45.25,0.75,0.91613099,0.01518449,46,1,0,4984.5,46,71.8636809,70.01627512,0.62966438,0.01043643,1355620,390,0
2482,2022-08-08,4995.5,5019.25,4960.5,4972.75,10:04:00,14:55:00,HOD_FIRST,23.75,35,0.47542789,0.70063057,58.75,3,0,4977.25,58.75,70.01627512,69.21154118,0.33920685,0.49988378,1248839,390,0
2483,2022-08-09,4964.75,4970,4944.25,4956.25,09:31:00,14:33:00,HOD_FIRST,5.25,20.5,0.10574551,0.41291102,25.75,1,0,4972.75,28.5,69.21154118,66.30357395,0.0758544,0.29619338,1045439,390,0
2484,2022-08-10,5030.25,5044.25,5009.75,5041.75,15:45:00,10:22:00,LOD_FIRST,14,20.5,0.27831619,0.40753442,34.5,1,0,4956.25,88,66.30357395,67.85331867,0.21115001,0.30918394,1160452,390,0
2485,2022-08-11,5071.75,5091.75,5034,5042.75,10:20:00,15:14:00,HOD_FIRST,20,37.75,0.3943412,0.74431902,57.75,1,0,5041.75,57.75,67.85331867,67.13165305,0.29475345,0.55634714,1253575,390,0
2486,2022-08-12,5062.25,5114,5052.25,5112.25,16:00:00,10:01:00,LOD_FIRST,51.75,10,1.0222727,0.19754062,61.75,1,0,5042.75,71.25,67.13165305,67.42582069,0.77087332,0.14896103,977636,390,0
2487,2022-08-15,5089.5,5136,5089,5130.25,15:51:00,09:31:00,LOD_FIRST,46.5,0.5,0.91364574,0.00982415,47,3,0,5112.25,47,67.42582069,65.9668335,0.68964678,0.00741556,1051770,390,0
2488,2022-08-16,5119,5158.75,5110,5138.25,14:11:00,10:35:00,LOD_FIRST,39.75,9,0.77651885,0.17581559,48.75,1,0,5130.25,48.75,65.9668335,64.73705968,0.60257554,0.1364322,1112594,390,0
2489,2022-08-17,5100.5,5136.5,5086.25,5107.75,14:40:00,11:49:00,LOD_FIRST,36,14.25,0.70581316,0.27938437,50.25,1,0,5138.25,52,64.73705968,63.8272697,0.55609569,0.22012121,1319459,390,0
2490,2022-08-18,5108.75,5126.75,5095.25,5119.75,15:38:00,10:02:00,LOD_FIRST,18,13.5,0.35233668,0.26425251,31.5,1,0,5107.75,31.5,63.8272697,61.51817901,0.28201112,0.21150834,1102620,390,0
2491,2022-08-19,5090.25,5093,5052,5061.25,09:31:00,15:10:00,HOD_FIRST,2.75,38.25,0.05402485,0.75143657,41,1,0,5119.75,67.75,61.51817901,61.96330908,0.04470223,0.62176743,1343276,390,0
2492,2022-08-22,5010,5011.75,4962.75,4974,09:33:00,15:45:00,HOD_FIRST,1.75,47.25,0.03493014,0.94311377,49,3,0,5061.25,98.5,61.96330908,64.57307272,0.02824252,0.76254804,1376059,390,0
2493,2022-08-23,4968.25,4993,4956.25,4962.25,10:12:00,12:25:00,HOD_FIRST,24.75,12,0.49816334,0.24153374,36.75,1,0,4974,36.75,64.57307272,62.58571038,0.3832867,0.18583598,1273920,390,0
2494,2022-08-24,4959.75,4989.75,4952.5,4975,11:56:00,09:36:00,LOD_FIRST,30,7.25,0.6048692,0.14617672,37.25,1,0,4962.25,37.25,62.58571038,60.77601678,0.47934265,0.11584114,1052720,390,0
2495,2022-08-25,4990,5034,4978.75,5033.5,16:00:00,09:36:00,LOD_FIRST,44,11.25,0.88176353,0.2254509,55.25,1,0,4975,59,60.77601678,60.64915844,0.72396979,0.18510591,1301982,390,0
2496,2022-08-26,5032,5037.5,4889.5,4890.25,10:11:00,16:00:00,HOD_FIRST,5.5,142.5,0.10930048,2.83187599,148,1,0,5033.5,148,60.64915844,66.88850426,0.09068551,2.34957918,1795044,390,0
2497,2022-08-29,4859.25,4895.25,4848.25,4863.25,13:46:00,10:57:00,LOD_FIRST,36,11,0.74085507,0.22637238,47,3,0,4890.25,47,66.88850426,65.46789682,0.53820907,0.16445277,1517497,390,0
2498,2022-08-30,4874.75,4877.75,4795.75,4817.5,09:31:00,13:46:00,HOD_FIRST,3,79,0.06154162,1.62059593,82,1,0,4863.25,82,65.46789682,66.64876133,0.04582399,1.2066983,2168783,390,0
2499,2022-08-31,4835.25,4848.25,4786,4787,09:49:00,16:00:00,HOD_FIRST,13,49.25,0.2688589,1.0185616,62.25,1,0,4817.5,62.25,66.64876133,66.33456409,0.19505239,0.73894847,1870679,390,0
2500,2022-09-01,4763.25,4802.5,4734.75,4798.75,16:00:00,11:05:00,LOD_FIRST,39.25,28.5,0.82401722,0.59833097,67.75,1,0,4787,67.75,66.33456409,66.43566666,0.59169756,0.42964027,1744066,390,0
2501,2022-09-02,4837.5,4850.5,4737.25,4756.75,10:43:00,15:45:00,HOD_FIRST,13,100.25,0.26873385,2.07235142,113.25,1,0,4798.75,113.25,66.43566666,69.77954761,0.19567802,1.50897861,1995719,390,0
2502,2022-09-06,4765.25,4775.75,4718,4742.25,09:32:00,10:14:00,HOD_FIRST,10.5,47.25,0.22034521,0.99155343,57.75,4,0,4756.75,57.75,69.77954761,68.92029421,0.15047389,0.67713251,1747949,390,0
2503,2022-09-07,4738,4820,4735.75,4811.75,15:30:00,09:31:00,LOD_FIRST,82,2.25,1.73068805,0.04748839,84.25,1,0,4742.25,84.25,68.92029421,70.01527319,1.18978018,0.03264641,1509853,390,0
2504,2022-09-08,4786.5,4842,4774,4837,11:22:00,09:35:00,LOD_FIRST,55.5,12.5,1.15951113,0.26115115,68,1,0,4811.75,68,70.01527319,69.87132511,0.79268419,0.17853247,1768039,390,0
2505,2022-09-09,4860.5,4908.5,4857.5,4898,15:45:00,09:46:00,LOD_FIRST,48,3,0.98755272,0.06172205,51,1,0,4837,71.5,69.87132511,69.98765903,0.6869771,0.04293607,891023,390,0
2506,2022-09-12,4920.75,4951,4917.25,4942.5,10:27:00,09:38:00,LOD_FIRST,30.25,3.5,0.61474369,0.07112737,33.75,3,0,4898,53,69.98765903,68.77425481,0.43221906,0.05000882,513484,390,0
2507,2022-09-13,4850.5,4863.75,4751,4763.75,09:33:00,15:48:00,HOD_FIRST,13.25,99.5,0.27316771,2.05133491,112.75,1,0,4942.5,191.5,68.77425481,77.54037947,0.1926593,1.44676231,1869620,390,0
2508,2022-09-14,4776.25,4793.75,4741.5,4776.75,11:14:00,15:34:00,HOD_FIRST,17.5,34.75,0.36639623,0.72755823,52.25,1,0,4763.75,52.25,77.54037947,75.73392379,0.22568886,0.4481536,1765158,390,0
2509,2022-09-15,4759.5,4790,4717.5,4731.25,10:02:00,15:29:00,HOD_FIRST,30.5,42,0.64082362,0.88244564,72.5,1,0,4776.75,72.5,75.73392379,75.50292924,0.40272573,0.55457314,1962804,390,0
2510,2022-09-16,4686.25,4707.5,4665.5,4701.25,15:59:00,12:28:00,LOD_FIRST,21.25,20.75,0.45345425,0.44278474,42,1,0,4731.25,65.75,75.50292924,74.80629143,0.28144603,0.27482377,2109652,390,0
2511,2022-09-19,4666.5,4731.25,4665.75,4731.25,16:00:00,09:31:00,LOD_FIRST,64.75,0.75,1.38754956,0.016072,65.5,3,0,4701.25,65.5,74.80629143,74.14155633,0.86556891,0.01002589,1735436,390,0
2512,2022-09-20,4695.25,4705.75,4655.75,4686.5,12:06:00,14:00:00,HOD_FIRST,10.5,39.5,0.22363026,0.84127576,50,1,0,4731.25,75.5,74.14155633,74.23858802,0.14162098,0.53276465,1937511,390,0
2513,2022-09-21,4705.5,4737.75,4616.5,4616.5,14:47:00,16:00:00,HOD_FIRST,32.25,89,0.68536819,1.89140368,121.25,1,0,4686.5,121.25,74.23858802,77.59654602,0.4344102,1.19883746,1983739,390,0
2514,2022-09-22,4608.25,4619.25,4576,4583.75,09:32:00,11:24:00,HOD_FIRST,11,32.25,0.23870233,0.69983182,43.25,1,0,4616.5,43.25,77.59654602,75.1432213,0.14175889,0.41561128,2001396,390,0
2515,2022-09-23,4547.25,4547.75,4472.75,4520,09:31:00,14:59:00,HOD_FIRST,0.5,74.5,0.01099566,1.63835285,75,1,0,4583.75,111,75.1432213,77.70441978,0.00665396,0.99144006,2276220,390,0
2516,2022-09-26,4504.5,4543,4470,4483.5,10:25:00,13:26:00,HOD_FIRST,38.5,34.5,0.85470085,0.76590077,73,3,0,4520,73,77.70441978,77.3683898,0.49546731,0.44399019,2270918,390,0
2517,2022-09-27,4521,4545.5,4447.75,4473.5,09:41:00,13:57:00,HOD_FIRST,24.5,73.25,0.54191551,1.62021677,97.75,1,0,4483.5,97.75,77.3683898,78.8242191,0.31666679,0.94676909,2415982,390,0
2518,2022-09-28,4482.75,4563.75,4464.75,4545,15:50:00,09:35:00,LOD_FIRST,81,18,1.80692655,0.40153923,99,1,0,4473.5,99,78.8242191,80.26534631,1.02760295,0.22835621,1871549,390,0
2519,2022-09-29,4506.75,4510,4434.5,4467,09:31:00,14:21:00,HOD_FIRST,3.25,72.25,0.07211405,1.60315083,75.5,1,0,4545,110.5,80.26534631,82.42496443,0.0404907,0.90013939,2233419,390,0
2520,2022-09-30,4456.5,4497,4409,4409.75,11:13:00,16:00:00,HOD_FIRST,40.5,47.5,0.90878492,1.06585886,88,1,0,4467,88,82.42496443,82.82318125,0.49135599,0.57628172,2183033,390,0
2521,2022-10-03,4448.25,4524.25,4429.5,4503.75,14:59:00,09:41:00,LOD_FIRST,76,18.75,1.70853707,0.42151408,94.75,3,0,4409.75,114.5,82.82318125,85.08581116,0.91761749,0.22638589,1708106,390,0
2522,2022-10-04,4561.75,4618.25,4561,4617.25,16:00:00,09:31:00,LOD_FIRST,56.5,0.75,1.23855976,0.01644106,57.25,1,0,4503.75,114.5,85.08581116,87.18682465,0.66403551,0.00881463,1808755,390,0
2523,2022-10-05,4571.5,4632.5,4546.5,4609.5,15:20:00,10:34:00,LOD_FIRST,61,25,1.33435415,0.54686646,86,1,0,4617.25,86,87.18682465,87.10205146,0.699647,0.28674057,1621751,390,0
2524,2022-10-06,4593,4624,4563.25,4568.5,09:44:00,14:51:00,HOD_FIRST,31,29.75,0.67494013,0.6477248,60.75,1,0,4609.5,60.75,87.10205146,85.21976207,0.35590436,0.34155338,1710926,390,0
2525,2022-10-07,4526.25,4530,4445,4463.75,09:31:00,15:35:00,HOD_FIRST,3.75,81.25,0.08285004,1.79508423,85,1,0,4568.5,123.5,85.21976207,87.95406478,0.04400388,0.95341735,1640759,390,0
2526,2022-10-10,4475.5,4478,4412.5,4436,09:31:00,13:11:00,HOD_FIRST,2.5,63,0.05585968,1.40766395,65.5,3,0,4463.75,65.5,87.95406478,86.35020301,0.02842393,0.71628298,1607993,390,0
2527,2022-10-11,4417.25,4465.75,4391.5,4412.25,12:47:00,15:16:00,HOD_FIRST,48.5,25.75,1.09796819,0.58294188,74.25,1,0,4436,74.25,86.35020301,85.4859028,0.56166631,0.29820428,1897824,390,0
2528,2022-10-12,4416.5,4433.25,4398,4400,09:46:00,09:34:00,LOD_FIRST,16.75,18.5,0.37925959,0.41888373,35.25,1,0,4412.25,35.25,85.4859028,81.89762403,0.19593874,0.21640995,1433279,390,0
2529,2022-10-13,4325.75,4510.25,4314.5,4494.5,15:10:00,09:34:00,LOD_FIRST,184.5,11.25,4.26515633,0.26007051,195.75,1,0,4400,195.75,81.89762403,90.02993659,2.25281261,0.13736662,2512019,390,0
2530,2022-10-14,4520,4537.75,4403.75,4411.75,09:40:00,16:00:00,HOD_FIRST,17.75,116.25,0.39269912,2.57190265,134,1,0,4494.5,134,90.02993659,93.17065541,0.19715664,1.29123716,2055601,390,0
2531,2022-10-17,4474.75,4515,4474,4502.5,10:22:00,09:31:00,LOD_FIRST,40.25,0.75,0.89949159,0.01676071,41,3,0,4411.75,103.25,93.17065541,93.89060859,0.43200297,0.00804974,1498203,390,0
2532,2022-10-18,4586,4589.75,4509.75,4546.25,09:33:00,11:39:00,HOD_FIRST,3.75,76.25,0.08177061,1.66266899,80,1,0,4502.5,87.25,93.89060859,93.41627941,0.0399401,0.8121153,2072243,390,0
2533,2022-10-19,4524.5,4553.25,4489.25,4519.5,10:31:00,13:06:00,HOD_FIRST,28.75,35.25,0.63542933,0.77909161,64,1,0,4546.25,64,93.41627941,91.31511659,0.3077622,0.37734322,1800627,390,0
2534,2022-10-20,4512.75,4560.5,4478.75,4487,10:21:00,15:36:00,HOD_FIRST,47.75,34,1.05811312,0.75342086,81.75,1,0,4519.5,81.75,91.31511659,90.63189398,0.52291452,0.37233704,1836016,390,0
2535,2022-10-21,4484,4582,4468,4576.25,15:44:00,09:32:00,LOD_FIRST,98,16,2.18554862,0.35682426,114,1,0,4487,114,90.63189398,92.30104441,1.08129705,0.17653829,2008205,390,0
2536,2022-10-24,4592,4634.5,4564.25,4622,15:17:00,10:25:00,LOD_FIRST,42.5,27.75,0.92552265,0.60431185,70.25,3,0,4576.25,70.25,92.30104441,90.72596981,0.46044983,0.30064665,1525885,390,0
2537,2022-10-25,4621.25,4686.75,4619.5,4682.5,15:34:00,09:31:00,LOD_FIRST,65.5,1.75,1.41736543,0.03786854,67.25,1,0,4622,67.25,90.72596981,89.04911482,0.72195426,0.01928885,1357077,390,0
2538,2022-10-26,4649.75,4710,4646.75,4654.5,11:44:00,09:32:00,LOD_FIRST,60.25,3,1.29576859,0.0645196,63.25,1,0,4682.5,63.25,89.04911482,87.20632091,0.67659291,0.03368927,1607145,390,0
2539,2022-10-27,4663.25,4683.25,4626,4632.5,10:32:00,15:57:00,HOD_FIRST,20,37.25,0.42888543,0.79879912,57.25,1,0,4654.5,57.25,87.20632091,85.0665837,0.22934117,0.42714794,1549322,390,0
2540,2022-10-28,4631,4729,4629,4723.25,15:55:00,09:31:00,LOD_FIRST,98,2,2.11617361,0.04318722,100,1,0,4632.5,100,85.0665837,86.13325629,1.15203874,0.02351099,1485548,390,0
2541,2022-10-31,4696.75,4717,4684.75,4695.25,11:56:00,10:09:00,LOD_FIRST,20.25,12,0.4311492,0.25549582,32.25,3,0,4723.25,38.5,86.13325629,82.73088084,0.23510083,0.13931901,1558824,390,0
2542,2022-11-01,4734.25,4736.75,4665,4677.5,09:31:00,11:40:00,HOD_FIRST,2.5,69.25,0.05280667,1.46274489,71.75,1,0,4695.25,71.75,82.73088084,81.94653221,0.03021846,0.8370514,1494419,390,0
2543,2022-11-02,4671,4719.5,4579.25,4579.5,14:36:00,16:00:00,HOD_FIRST,48.5,91.75,1.03832156,1.96424748,140.25,1,0,4677.5,140.25,81.94653221,86.11106562,0.59184933,1.11963249,1818213,390,0
2544,2022-11-03,4544.5,4571,4516.75,4538.75,12:54:00,10:02:00,LOD_FIRST,26.5,27.75,0.58312246,0.61062823,54.25,1,0,4579.5,62.75,86.11106562,84.44241808,0.3077421,0.32225823,1417105,390,0
2545,2022-11-04,4598.75,4618,4527.75,4592.75,10:42:00,14:07:00,HOD_FIRST,19.25,71,0.41859201,1.5438978,90.25,1,0,4538.75,90.25,84.44241808,84.85724536,0.227966,0.84080965,1912624,390,0
2546,2022-11-07,4605.5,4634.25,4583.75,4628.5,15:33:00,10:00:00,LOD_FIRST,28.75,21.75,0.62425361,0.47226143,50.5,3,0,4592.75,50.5,84.85724536,82.40315641,0.3388043,0.25631282,1085499,390,0
2547,2022-11-08,4639.25,4679.5,4605.25,4647.75,11:41:00,14:33:00,HOD_FIRST,40.25,34,0.86759713,0.73287708,74.25,1,0,4628.5,74.25,82.40315641,81.82078809,0.48845216,0.41260555,1517824,390,0
2548,2022-11-09,4625.75,4638.25,4562.5,4568,10:17:00,15:50:00,HOD_FIRST,12.5,63.25,0.27022645,1.36734584,75.75,1,0,4647.75,85.25,81.82078809,82.0657318,0.15277291,0.77303093,1458458,390,0
2549,2022-11-10,4706.75,4778,4683.25,4773.5,15:56:00,09:43:00,LOD_FIRST,71.25,23.5,1.5137834,0.49928294,94.75,1,0,4568,210,82.0657318,91.20389381,0.86820648,0.28635582,1696553,390,0
2550,2022-11-11,4783.75,4822.25,4763.5,4813.25,15:51:00,09:44:00,LOD_FIRST,38.5,20.25,0.80480794,0.42330807,58.75,1,0,4773.5,58.75,91.20389381,88.88575854,0.4221311,0.22202999,1422330,390,0
2551,2022-11-14,4794.25,4830,4776.5,4780,13:54:00,16:00:00,HOD_FIRST,35.75,17.75,0.74568494,0.37023518,53.5,3,0,4813.25,53.5,88.88575854,86.35820436,0.40220166,0.19969453,1223081,390,0
2552,2022-11-15,4839.25,4851.25,4772.5,4813.5,09:33:00,13:41:00,HOD_FIRST,12,66.75,0.24797231,1.37934597,78.75,1,0,4780,78.75,86.35820436,85.81476119,0.13895611,0.77294335,1774294,390,0
2553,2022-11-16,4795.5,4805.25,4774.5,4782,09:35:00,15:19:00,HOD_FIRST,9.75,21,0.20331561,0.43791054,30.75,1,0,4813.5,39,85.81476119,82.47084968,0.11361682,0.24471314,1090419,390,0
2554,2022-11-17,4729.5,4775,4726.25,4768.5,13:22:00,10:01:00,LOD_FIRST,45.5,3.25,0.96204673,0.06871762,48.75,1,0,4782,55.75,82.47084968,80.56221756,0.55171009,0.03940786,1138573,390,0
2555,2022-11-18,4803,4804.25,4755,4785.75,09:31:00,12:26:00,HOD_FIRST,1.25,48,0.0260254,0.99937539,49.25,1,0,4768.5,49.25,80.56221756,78.32563059,0.01551596,0.59581279,1148735,390,0
2556,2022-11-21,4771,4783,4750,4770.5,09:53:00,11:58:00,HOD_FIRST,12,21,0.2515196,0.4401593,33,3,0,4785.75,35.75,78.32563059,75.28451412,0.15320655,0.26811147,903437,390,0
2557,2022-11-22,4790,4825,4775.25,4822.5,15:51:00,09:42:00,LOD_FIRST,35,14.75,0.73068894,0.30793319,49.75,1,0,4770.5,54.5,75.28451412,73.79990597,0.46490305,0.19592343,850017,390,0
2558,2022-11-23,4818.25,4852,4815.75,4847,15:20:00,12:59:00,LOD_FIRST,33.75,2.5,0.70046179,0.05188606,36.25,1,0,4822.5,36.25,73.79990597,71.11776983,0.45731766,0.03387538,979674,390,0
2559,2022-11-28,4813,4830.25,4772.75,4781,09:36:00,15:31:00,HOD_FIRST,17.25,40.25,0.35840432,0.83627675,57.5,5,0,4847,74.25,71.11776983,71.34150055,0.24255541,0.56596263,1113227,390,0
2560,2022-11-29,4781.5,4794.25,4753.75,4773.75,10:31:00,11:21:00,HOD_FIRST,12.75,27.75,0.26665272,0.58036181,40.5,1,0,4781,40.5,71.34150055,69.13853623,0.17871786,0.38897416,1165845,390,0
2561,2022-11-30,4775.25,4896,4755.25,4894.75,16:00:00,12:22:00,LOD_FIRST,120.75,20,2.52866342,0.41882624,140.75,1,0,4773.75,140.75,69.13853623,74.25364078,1.74649344,0.28927428,1928775,390,0
2562,2022-12-01,4907.75,4922.5,4867,4893.5,10:01:00,10:33:00,HOD_FIRST,14.75,40.75,0.30054506,0.83031939,55.5,1,0,4894.75,55.5,74.25364078,72.91409501,0.19864346,0.54879464,1347219,390,0
2563,2022-12-02,4841,4898,4840,4887.75,15:19:00,09:31:00,LOD_FIRST,57,1,1.17744268,0.02065689,58,1,0,4893.5,58,72.91409501,71.84880251,0.78174186,0.01371477,1321776,390,0
2564,2022-12-05,4858.25,4868,4799.75,4814.5,09:38:00,14:49:00,HOD_FIRST,9.75,58.5,0.20068955,1.20413729,68.25,3,0,4887.75,88,71.84880251,73.00245948,0.13570164,0.81420981,1172921,390,0
2565,2022-12-06,4812.5,4818,4734,4756.25,09:34:00,14:36:00,HOD_FIRST,5.5,78.5,0.11428571,1.63116883,84,1,0,4814.5,84,73.00245948,73.78799808,0.07533993,1.07530624,1480058,390,0
2566,2022-12-07,4746.25,4774,4736.75,4748.75,11:06:00,10:02:00,LOD_FIRST,27.75,9.5,0.58467211,0.20015802,37.25,1,0,4756.25,37.25,73.78799808,71.17814108,0.37607742,0.12874723,1312283,390,0
2567,2022-12-08,4767.5,4789.75,4750.25,4778.25,10:38:00,09:46:00,LOD_FIRST,22.25,17.25,0.46670163,0.36182486,39.5,1,0,4748.75,41,71.17814108,69.02255957,0.31259597,0.24234968,1204184,390,0
2568,2022-12-09,4764.75,4792,4747.25,4748.75,11:46:00,15:59:00,HOD_FIRST,27.25,17.5,0.57190828,0.36728055,44.75,1,0,4778.25,44.75,69.02255957,67.28880532,0.39479846,0.25354029,833696,390,0
2569,2022-12-12,4757,4805.25,4749.5,4805,16:00:00,09:40:00,LOD_FIRST,48.25,7.5,1.01429472,0.15766239,55.75,3,0,4748.75,56.5,67.28880532,66.51817637,0.71705835,0.11145985,403681,390,0
2570,2022-12-13,4919.5,4920.5,4805.75,4835.75,09:31:00,12:51:00,HOD_FIRST,1,113.75,0.02032727,2.31222685,114.75,1,0,4805,115.5,66.51817637,70.01687805,0.01503348,1.71005891,1600039,390,0
2571,2022-12-14,4831.25,4870.25,4776.5,4808.75,13:59:00,14:35:00,HOD_FIRST,39,54.75,0.8072445,1.13324709,93.75,1,0,4835.75,93.75,70.01687805,71.71210105,0.55700855,0.78195432,1344726,390,0
2572,2022-12-15,4755.5,4764.75,4687.5,4706.5,09:32:00,13:08:00,HOD_FIRST,9.25,68,0.19451162,1.42992325,77.25,1,0,4808.75,121.25,71.71210105,75.2505224,0.12898799,0.94823606,1526072,390,0
2573,2022-12-16,4678,4692,4634.75,4657.25,09:51:00,12:58:00,HOD_FIRST,14,43.25,0.29927319,0.9245404,57.25,1,0,4706.5,71.75,75.2505224,75.00048509,0.18604522,0.57474684,1376062,390,0
2574,2022-12-19,4659.5,4663,4606.75,4623.75,09:31:00,15:03:00,HOD_FIRST,3.5,52.75,0.07511536,1.13209572,56.25,3,0,4657.25,56.25,75.00048509,73.66116473,0.04666636,0.70332878,1098113,390,0
2575,2022-12-20,4616.25,4646,4601.75,4628.75,13:39:00,09:51:00,LOD_FIRST,29.75,14.5,0.6444625,0.31410777,44.25,1,0,4623.75,44.25,73.66116473,71.56036725,0.40387632,0.19684728,1129580,390,0
2576,2022-12-21,4656.25,4698.25,4650,4686,14:13:00,09:36:00,LOD_FIRST,42,6.25,0.90201342,0.13422819,48.25,1,0,4628.75,69.5,71.56036725,71.41319816,0.58691706,0.08733885,1189984,390,0
2577,2022-12-22,4652,4655,4568,4629.5,09:31:00,13:34:00,HOD_FIRST,3,84,0.06448839,1.80567498,87,1,0,4686,118,71.41319816,74.74082686,0.04200904,1.17625316,1479979,390,0
2578,2022-12-23,4617.5,4652,4600.75,4650.75,15:03:00,09:56:00,LOD_FIRST,34.5,16.75,0.74715755,0.36275041,51.25,1,0,4629.5,51.25,74.74082686,73.06291066,0.46159511,0.22410777,1030813,390,0
2579,2022-12-27,4649.25,4652.5,4616.75,4635.25,10:47:00,10:03:00,LOD_FIRST,3.25,32.5,0.06990375,0.69903748,35.75,4,0,4650.75,35.75,73.06291066,70.39770275,0.04448221,0.44482214,788960,390,0
2580,2022-12-28,4633.5,4654.5,4584,4586.25,09:37:00,15:46:00,HOD_FIRST,21,49.5,0.45322111,1.0683069,70.5,1,0,4635.25,70.5,70.39770275,70.4050097,0.29830519,0.70314794,1028797,390,0
2581,2022-12-29,4614.25,4662.25,4608.5,4651.75,14:07:00,09:34:00,LOD_FIRST,48,5.75,1.04025573,0.12461397,53.75,1,0,4586.25,76,70.4050097,70.80465186,0.68176967,0.08167032,887875,390,0
2582,2022-12-30,4623.5,4641.75,4601,4640.75,16:00:00,13:27:00,LOD_FIRST,18.25,22.5,0.39472261,0.48664432,40.75,1,0,4651.75,50.75,70.80465186,69.37217673,0.25775143,0.31777573,1068410,390,0
2583,2023-01-03,4660.5,4681,4594,4624.25,09:43:00,12:48:00,HOD_FIRST,20.5,66.5,0.43986697,1.42688553,87,4,0,4640.75,87,69.37217673,70.63130696,0.29550752,0.95859757,1256031,390,0
2584,2023-01-04,4648.5,4675.75,4616,4653.25,11:58:00,10:12:00,LOD_FIRST,27.25,32.5,0.58621061,0.69915026,59.75,1,0,4624.25,59.75,70.63130696,69.85407075,0.38580625,0.4601359,1551880,390,0
2585,2023-01-05,4632.25,4633,4602,4608.5,10:09:00,11:25:00,HOD_FIRST,0.75,30.25,0.01619084,0.65303038,31,1,0,4653.25,51.25,69.85407075,68.52520855,0.01073667,0.43304563,1303478,390,0
2586,2023-01-06,4640.75,4708.25,4608.5,4695.75,15:16:00,09:47:00,LOD_FIRST,67.5,32.25,1.45450628,0.69493078,99.75,1,0,4608.5,99.75,68.52520855,70.7555508,0.98503896,0.47062972,1498682,390,0
2587,2023-01-09,4719,4752.75,4691.25,4693.25,11:17:00,15:49:00,HOD_FIRST,33.75,27.75,0.7151939,0.58804832,61.5,3,0,4695.75,61.5,70.7555508,70.09444003,0.47699438,0.39219538,1369562,390,0
2588,2023-01-10,4687,4721.5,4676.75,4721.25,15:56:00,10:46:00,LOD_FIRST,34.5,10.25,0.73607852,0.21868999,44.75,1,0,4693.25,44.75,70.09444003,68.28412288,0.4921931,0.14623128,1173353,390,0
2589,2023-01-11,4737,4770.25,4728.25,4769.25,16:00:00,10:57:00,LOD_FIRST,33.25,8.75,0.70192105,0.18471607,42,1,0,4721.25,49,68.28412288,66.90668554,0.48693603,0.12814106,1075586,390,0
2590,2023-01-12,4779.25,4798,4736.75,4782.25,14:03:00,09:55:00,LOD_FIRST,18.75,42.5,0.39232097,0.88926087,61.25,1,0,4769.25,61.25,66.90668554,66.50263657,0.28024105,0.63521305,1505328,390,0
2591,2023-01-13,4747.75,4803.75,4745.25,4797.25,15:41:00,09:43:00,LOD_FIRST,56,2.5,1.17950608,0.05265652,58.5,1,0,4782.25,58.5,66.50263657,65.93101967,0.84207188,0.03759249,1066341,390,0
2592,2023-01-17,4797.75,4814.75,4782.25,4789.75,10:24:00,11:26:00,HOD_FIRST,17,15.5,0.35433276,0.3230681,32.5,4,0,4797.25,32.5,65.93101967,63.54308969,0.25784525,0.2350942,996837,390,0
2593,2023-01-18,4801.5,4813,4723.25,4726.25,10:09:00,16:00:00,HOD_FIRST,11.5,78.25,0.23950849,1.62969905,89.75,1,0,4789.75,89.75,63.54308969,65.41501186,0.18097955,1.23144783,1481968,390,0
2594,2023-01-19,4702.5,4719.75,4681.25,4696.25,14:37:00,11:48:00,LOD_FIRST,17.25,21.25,0.36682616,0.45188729,38.5,1,0,4726.25,45,65.41501186,63.95679673,0.26370094,0.32484898,1435153,390,0
2595,2023-01-20,4709.25,4770,4691.75,4767.25,15:57:00,09:39:00,LOD_FIRST,60.75,17.5,1.29001433,0.37160907,78.25,1,0,4696.25,78.25,63.95679673,64.97773982,0.94985995,0.27362221,1236568,390,0
2596,2023-01-23,4776,4836.25,4765.75,4815,13:50:00,09:32:00,LOD_FIRST,60.25,10.25,1.26151591,0.21461474,70.5,3,0,4767.25,70.5,64.97773982,65.37218697,0.92724062,0.15774633,1296317,390,0
2597,2023-01-24,4797.5,4820.5,4784.75,4810,13:48:00,10:07:00,LOD_FIRST,23,12.75,0.47941636,0.26576342,35.75,1,0,4815,35.75,65.37218697,63.25631648,0.35183158,0.19503707,1152702,390,0
2598,2023-01-25,4767,4815.25,4742.75,4812,15:11:00,10:41:00,LOD_FIRST,48.25,24.25,1.01216698,0.50870568,72.5,1,0,4810,72.5,63.25631648,63.91657958,0.76276968,0.38336093,1392861,390,0
2599,2023-01-26,4838.5,4856.5,4806.75,4854.25,16:00:00,10:59:00,LOD_FIRST,18,31.75,0.37201612,0.6561951,49.75,1,0,4812,49.75,63.91657958,62.90468104,0.28161707,0.49674122,1268404,390,0
2600,2023-01-27,4843.25,4888.75,4841.25,4863.5,15:09:00,09:31:00,LOD_FIRST,45.5,2,0.93945181,0.04129459,47.5,1,0,4854.25,47.5,62.90468104,61.80434668,0.7233166,0.03179414,1290615,390,0
2601,2023-01-30,4834,4857.5,4809,4812.75,10:06:00,15:56:00,HOD_FIRST,23.5,25,0.48613984,0.51717005,48.5,3,0,4863.5,54.5,61.80434668,61.28260763,0.38023216,0.40450229,1402018,390,0
2602,2023-01-31,4816.25,4870.75,4812.75,4869.75,16:00:00,10:11:00,LOD_FIRST,54.5,3.5,1.13158578,0.07267065,58,1,0,4812.75,58,61.28260763,61.04813566,0.88932247,0.05711245,1278958,390,0
2603,2023-02-01,4857.25,4942.75,4828,4914,15:42:00,14:35:00,LOD_FIRST,85.5,29.25,1.76025529,0.6021926,114.75,1,0,4869.75,114.75,61.04813566,64.88398311,1.40053417,0.47913011,1634000,390,0
2604,2023-02-02,4953.25,4988,4932.75,4972.25,14:02:00,10:12:00,LOD_FIRST,34.75,20.5,0.70155958,0.41386968,55.25,1,0,4914,74,64.88398311,65.53512718,0.53557131,0.31594854,1729425,390,0
2605,2023-02-03,4920,4973.5,4914.5,4927.25,11:39:00,15:04:00,HOD_FIRST,53.5,5.5,1.08739837,0.11178862,59,1,0,4972.25,59,65.53512718,65.06833238,0.81635609,0.08392446,1743412,390,0
2606,2023-02-06,4900.75,4916,4883.5,4902.25,11:33:00,10:33:00,LOD_FIRST,15.25,17.25,0.31117686,0.35198694,32.5,3,0,4927.25,43.75,65.06833238,63.54559435,0.234369,0.26510592,1197293,390,0
2607,2023-02-07,4890.5,4967.75,4877.75,4954.5,15:55:00,13:36:00,LOD_FIRST,77.25,12.75,1.57959309,0.26070954,90,1,0,4902.25,90,63.54559435,65.43519475,1.21566256,0.20064334,1845403,390,0
2608,2023-02-08,4933.25,4947.5,4900.75,4908.75,10:20:00,15:20:00,HOD_FIRST,14.25,32.5,0.28885623,0.65879491,46.75,1,0,4954.5,53.75,65.43519475,64.60053799,0.21777271,0.49667461,1461876,390,0
2609,2023-02-09,4945,4946.25,4857.75,4871.5,09:31:00,15:36:00,HOD_FIRST,1.25,87.25,0.02527806,1.76440849,88.5,1,0,4908.75,88.5,64.60053799,66.30764242,0.01934968,1.35060795,1494464,390,0
2610,2023-02-10,4858,4883.75,4849.25,4879.5,15:55:00,10:04:00,LOD_FIRST,25.75,8.75,0.53005352,0.18011527,34.5,1,0,4871.5,34.5,66.30764242,64.03566796,0.38834136,0.13196066,1347889,390,0
2611,2023-02-13,4886.5,4929,4881,4927.75,14:02:00,09:37:00,LOD_FIRST,42.5,5.5,0.86974317,0.112555,48,3,0,4879.5,49.5,64.03566796,62.99740596,0.66369262,0.08588963,1076505,390,0
2612,2023-02-14,4911,4949.5,4883.25,4925.75,10:13:00,11:54:00,HOD_FIRST,38.5,27.75,0.78395439,0.56505803,66.25,1,0,4927.75,66.25,62.99740596,63.22973411,0.61113627,0.44049433,1823575,390,0
2613,2023-02-15,4901.5,4938.75,4892.5,4938.25,16:00:00,10:13:00,LOD_FIRST,37.25,9,0.75997144,0.18361726,46.25,1,0,4925.75,46.25,63.22973411,62.01689596,0.58912157,0.1423381,1230618,390,0
2614,2023-02-16,4883.25,4925,4876.75,4879.25,12:46:00,16:00:00,HOD_FIRST,41.75,6.5,0.8549634,0.13310807,48.25,1,0,4938.25,61.5,62.01689596,61.97997482,0.67320364,0.10481015,1586739,390,0
2615,2023-02-17,4855.75,4870,4835.25,4867.75,15:05:00,12:53:00,LOD_FIRST,14.25,20.5,0.29346651,0.42217989,34.75,1,0,4879.25,44,61.97997482,60.6956909,0.22991297,0.33075199,1576098,390,0
2616,2023-02-21,4824.75,4835.75,4781.5,4785.75,09:46:00,14:26:00,HOD_FIRST,11,43.25,0.22799109,0.8964195,54.25,4,0,4867.75,86.25,60.6956909,62.52099869,0.18123198,0.71257118,1380130,390,0
2617,2023-02-22,4788.5,4804.5,4763.25,4779.75,14:07:00,15:51:00,HOD_FIRST,16,25.25,0.33413386,0.527305,41.25,1,0,4785.75,41.25,62.52099869,61.00164164,0.25591402,0.40386431,1521386,390,0
2618,2023-02-23,4808,4813.75,4753.75,4798.25,09:55:00,12:14:00,HOD_FIRST,5.75,54.25,0.11959235,1.12832779,60,1,0,4779.75,60,61.00164164,60.93009581,0.09425976,0.88932033,1566799,390,0
2619,2023-02-24,4744.75,4763.5,4727,4755.25,15:02:00,10:58:00,LOD_FIRST,18.75,17.75,0.39517361,0.37409769,36.5,1,0,4798.25,71.25,60.93009581,61.66723183,0.3077297,0.29131745,1576420,390,0
2620,2023-02-27,4789.75,4804.25,4758,4767.75,10:10:00,15:39:00,HOD_FIRST,14.5,31.75,0.30272979,0.66287385,46.25,3,0,4755.25,49,61.66723183,60.76242955,0.23513298,0.51486015,1287011,390,0
2621,2023-02-28,4762.25,4783,4751.25,4751.5,13:31:00,16:00:00,HOD_FIRST,20.75,11,0.43571841,0.23098325,31.75,1,0,4767.75,31.75,60.76242955,58.69011316,0.34149392,0.18103292,1392299,390,0
2622,2023-03-01,4743.25,4756,4722.5,4737.25,09:51:00,11:22:00,HOD_FIRST,12.75,20.75,0.26880304,0.43746376,33.5,1,0,4751.5,33.5,58.69011316,56.89081936,0.21724272,0.35355188,1574216,390,0
2623,2023-03-02,4714.5,4774.75,4710.5,4765.75,15:40:00,09:40:00,LOD_FIRST,60.25,4,1.27797221,0.08484463,64.25,1,0,4737.25,64.25,56.89081936,57.41647512,1.05904609,0.07031011,1363747,390,0
2624,2023-03-03,4784.5,4832.5,4777.5,4828.75,15:10:00,10:07:00,LOD_FIRST,48,7,1.00323963,0.14630578,55,1,0,4765.75,66.75,57.41647512,58.08315547,0.83599698,0.12191623,1256554,390,0
2625,2023-03-06,4837.25,4862,4827.5,4831.75,11:19:00,15:31:00,HOD_FIRST,24.75,9.75,0.51165435,0.2015608,34.5,3,0,4828.75,34.5,58.08315547,56.39864436,0.42611321,0.16786278,1171953,390,0
2626,2023-03-07,4830.75,4833.5,4762,4769,09:50:00,14:59:00,HOD_FIRST,2.75,68.75,0.05692698,1.42317446,71.5,1,0,4831.75,71.5,56.39864436,57.47731262,0.04876004,1.21900093,1792862,390,0
2627,2023-03-08,4769.75,4782.75,4751,4775,10:37:00,13:51:00,HOD_FIRST,13,18.75,0.27255097,0.39310236,31.75,1,0,4769,31.75,57.47731262,55.63964744,0.2261762,0.32621567,1416805,390,0
2628,2023-03-09,4782,4799.25,4689,4699.75,09:52:00,15:23:00,HOD_FIRST,17.25,93,0.36072773,1.94479297,110.25,1,0,4775,110.25,55.63964744,59.5403869,0.31003072,1.67146997,1922940,390,0
2629,2023-03-10,4693,4714.25,4625.75,4642,11:35:00,13:53:00,HOD_FIRST,21.25,67.25,0.45280205,1.4329853,88.5,1,0,4699.75,88.5,59.5403869,61.6089307,0.3569006,1.12948544,1876616,390,0
2630,2023-03-13,4600.75,4687.5,4589.5,4636.5,12:01:00,09:39:00,LOD_FIRST,86.75,11.25,1.88556214,0.24452535,98,3,0,4642,98,61.6089307,64.20829279,1.40807508,0.1826034,931233,390,0
2631,2023-03-14,4690.75,4720,4653,4700.25,11:27:00,15:18:00,HOD_FIRST,29.25,37.75,0.62356766,0.80477536,67,1,0,4636.5,83.5,64.20829279,65.58627188,0.45554863,0.58793029,1657513,390,0
2632,2023-03-15,4638.25,4676.25,4617,4676.25,16:00:00,12:58:00,LOD_FIRST,38,21.25,0.81927451,0.45814693,59.25,1,0,4700.25,83.25,65.58627188,66.84796674,0.57938954,0.32400073,1967749,390,0
2633,2023-03-16,4648.5,4746.5,4642.5,4742.25,15:44:00,09:33:00,LOD_FIRST,98,6,2.10820695,0.12907389,104,1,0,4676.25,104,66.84796674,69.5016834,1.46601318,0.08975591,1744048,390,0
2634,2023-03-17,4729,4740,4680,4695.5,10:05:00,14:52:00,HOD_FIRST,11,49,0.23260732,1.03615986,60,1,0,4742.25,62.25,69.5016834,68.98370602,0.15826955,0.70501889,1618958,390,0
2635,2023-03-20,4702,4737,4694.25,4732,11:30:00,09:49:00,LOD_FIRST,35,7.75,0.7443641,0.16482348,42.75,3,0,4695.5,42.75,68.98370602,67.10986987,0.50736619,0.11234537,1195620,390,0
2636,2023-03-21,4767.5,4790.75,4751,4786,15:46:00,11:47:00,LOD_FIRST,23.25,16.5,0.48767698,0.34609334,39.75,1,0,4732,58.75,67.10986987,66.51273631,0.3464468,0.24586547,1147852,390,0
2637,2023-03-22,4783.25,4821.25,4715.25,4716.5,14:49:00,16:00:00,HOD_FIRST,38,68,0.79443893,1.42162755,106,1,0,4786,106,66.51273631,69.33325515,0.57131915,1.02236058,1456884,390,0
2638,2023-03-23,4744,4787,4696,4723.25,11:09:00,15:22:00,HOD_FIRST,43,48,0.90640809,1.01180438,91,1,0,4716.5,91,69.33325515,70.88087978,0.62019301,0.69230847,1803916,390,0
2639,2023-03-24,4710,4751,4685,4750,15:39:00,09:50:00,LOD_FIRST,41,25,0.87048832,0.53078556,66,1,0,4723.25,66,70.88087978,70.53224551,0.57843526,0.35270443,1414714,390,0
2640,2023-03-27,4773.5,4781.75,4747.75,4757.75,09:51:00,11:57:00,HOD_FIRST,8.25,25.75,0.17282916,0.53943647,34,3,0,4750,34,70.53224551,67.9227994,0.11696778,0.36508124,958294,390,0
2641,2023-03-28,4749.75,4757,4728.25,4748.75,10:18:00,13:59:00,HOD_FIRST,7.25,21.5,0.15263961,0.4526554,28.75,1,0,4757.75,29.5,67.9227994,65.17831373,0.10673883,0.31653583,973207,390,0
2642,2023-03-29,4792,4808.75,4779.5,4806.25,15:53:00,10:59:00,LOD_FIRST,16.75,12.5,0.3495409,0.26085142,29.25,1,0,4748.75,60,65.17831373,64.80843418,0.25698732,0.19178158,1037763,390,0
2643,2023-03-30,4832.5,4835.25,4808.75,4828.25,10:01:00,13:47:00,HOD_FIRST,2.75,23.75,0.05690636,0.49146405,26.5,1,0,4806.25,29,64.80843418,62.25068888,0.04243275,0.36646465,964397,390,0
2644,2023-03-31,4837.75,4888.75,4836,4885.5,15:59:00,09:31:00,LOD_FIRST,51,1.75,1.05420908,0.03617384,52.75,1,0,4828.25,60.5,62.25068888,62.12563967,0.81926804,0.02811214,1215368,390,0
2645,2023-04-03,4880,4905.25,4875.25,4901,10:31:00,11:12:00,HOD_FIRST,25.25,4.75,0.51741803,0.09733607,30,3,0,4885.5,30,62.12563967,59.83095113,0.40643445,0.07645797,1046909,390,0
2646,2023-04-04,4907.75,4910.75,4862.75,4877.75,10:02:00,12:21:00,HOD_FIRST,3,45,0.06112781,0.91691712,48,1,0,4901,48,59.83095113,58.98588319,0.05014127,0.75211908,1310669,390,0
2647,2023-04-05,4867.5,4875.25,4846.5,4864.75,10:01:00,12:52:00,HOD_FIRST,7.75,21,0.15921931,0.43143297,28.75,1,0,4877.75,31.25,58.98588319,57.00474867,0.13138737,0.35601739,1187790,390,0
2648,2023-04-06,4855.25,4882.75,4844,4880,14:34:00,09:49:00,LOD_FIRST,27.5,11.25,0.5663972,0.23170795,38.75,1,0,4864.75,38.75,57.00474867,55.70083805,0.48241595,0.19735198,1003472,390,0
2649,2023-04-10,4853.25,4885.25,4846.25,4885,16:00:00,09:37:00,LOD_FIRST,32,7,0.65935198,0.14423325,39,4,0,4880,39,55.70083805,54.50792105,0.57449764,0.12567136,894926,390,0
2650,2023-04-11,4889.75,4899.25,4876.25,4885.25,15:24:00,10:48:00,LOD_FIRST,9.5,13.5,0.19428396,0.27608773,23,1,0,4885,23,54.50792105,52.25735526,0.1742866,0.24767043,956567,390,0
2651,2023-04-12,4905.75,4908.5,4861,4868.25,09:34:00,15:28:00,HOD_FIRST,2.75,44.75,0.05605667,0.91219487,47.5,1,0,4885.25,47.5,52.25735526,51.91754417,0.05262417,0.85633878,1463281,390,0
2652,2023-04-13,4877.75,4924.5,4872,4920.75,15:47:00,09:38:00,LOD_FIRST,46.75,5.75,0.9584337,0.11788222,52.5,1,0,4868.25,56.25,51.91754417,52.2270053,0.90046632,0.11075254,1091153,390,0
2653,2023-04-14,4913.75,4936.5,4885.5,4910.75,09:59:00,13:32:00,HOD_FIRST,22.75,28.25,0.46298652,0.57491732,51,1,0,4920.75,51,52.2270053,52.13936207,0.4355984,0.5409079,1472905,390,0
2654,2023-04-17,4908.5,4925.25,4895.5,4924.75,16:00:00,14:04:00,LOD_FIRST,16.75,13,0.34124478,0.26484669,29.75,3,0,4910.75,29.75,52.13936207,50.54012192,0.32125441,0.24933178,1013433,390,0
2655,2023-04-18,4941,4942.25,4912,4926.75,09:50:00,11:41:00,HOD_FIRST,1.25,29,0.02529852,0.58692572,30.25,1,0,4924.75,30.25,50.54012192,49.0908275,0.02473283,0.57380154,1116366,390,0
2656,2023-04-19,4906,4935,4905.25,4926,14:01:00,09:31:00,LOD_FIRST,29,0.75,0.59111292,0.0152874,29.75,1,0,4926.75,29.75,49.0908275,47.70933982,0.59074172,0.0152778,997015,390,0
2657,2023-04-20,4893.75,4919.25,4884.5,4901,13:55:00,15:29:00,HOD_FIRST,25.5,9.25,0.5210728,0.1890166,34.75,1,0,4926,41.5,47.70933982,47.26581554,0.53448654,0.19388237,1396654,390,0
2658,2023-04-21,4903.25,4908.5,4882.75,4903.5,14:13:00,10:47:00,LOD_FIRST,5.25,20.5,0.10707184,0.41809004,25.75,1,0,4901,25.75,47.26581554,45.72897158,0.11107393,0.43371726,1322222,390,0
2659,2023-04-24,4901,4911.75,4886.5,4908,10:31:00,12:17:00,HOD_FIRST,10.75,14.5,0.21934299,0.29585799,25.25,3,0,4903.5,25.25,45.72897158,44.26618789,0.23508073,0.31708564,1070850,390,0
2660,2023-04-25,4886,4891.75,4839.75,4841,09:42:00,15:51:00,HOD_FIRST,5.75,46.25,0.11768318,0.94658207,52,1,0,4908,68.25,44.26618789,45.97931733,0.12989598,1.04481552,1377558,390,0
2661,2023-04-26,4846.25,4857.25,4816.25,4822.25,12:10:00,15:51:00,HOD_FIRST,11,30,0.22697962,0.61903534,41,1,0,4841,41,45.97931733,45.62365181,0.239238,0.65246728,1378272,390,0
2662,2023-04-27,4847.25,4905,4844.75,4901.75,15:22:00,09:34:00,LOD_FIRST,57.75,2.5,1.19139718,0.05157564,60.25,1,0,4822.25,82.75,45.62365181,48.27553382,1.26579083,0.05479614,1282374,390,0
2663,2023-04-28,4892,4937.5,4891.25,4937,16:00:00,09:31:00,LOD_FIRST,45.5,0.75,0.93008994,0.01533115,46.25,1,0,4901.75,46.25,48.27553382,48.13085283,0.94250641,0.01553582,1330503,390,0
2664,2023-05-01,4931.75,4953.75,4929.75,4932.25,12:40:00,15:41:00,HOD_FIRST,22,2,0.44608912,0.04055356,24,3,0,4937,24,48.13085283,46.40722049,0.45708727,0.04155339,1026060,390,0
2665,2023-05-02,4924.5,4924.75,4853,4884.75,09:31:00,11:34:00,HOD_FIRST,0.25,71.5,0.00507666,1.45192405,71.75,1,0,4932.25,79.25,46.40722049,48.75313331,0.00538709,1.54070852,1698841,390,0
2666,2023-05-03,4889,4914.5,4852.5,4855,14:41:00,15:56:00,HOD_FIRST,25.5,36.5,0.52157906,0.74657394,62,1,0,4884.75,62,48.75313331,49.69933807,0.52304331,0.74866983,1364721,390,0
2667,2023-05-04,4842.75,4845.75,4809.75,4824.75,09:36:00,12:09:00,HOD_FIRST,3,33,0.06194827,0.68143101,36,1,0,4855,45.25,49.69933807,49.38152821,0.06036298,0.66399275,1570582,390,0
2668,2023-05-05,4862,4910.75,4859,4899.25,14:58:00,09:31:00,LOD_FIRST,48.75,3,1.0026738,0.061703,51.75,1,0,4824.75,86,49.38152821,51.99713334,0.98721125,0.06075146,1147028,390,0
2669,2023-05-08,4902.25,4905,4885,4900.75,14:53:00,14:09:00,LOD_FIRST,2.75,17.25,0.05609669,0.35187924,20,3,0,4899.25,20,51.99713334,49.71162381,0.05288753,0.33174906,823478,390,0
2670,2023-05-09,4883,4892.75,4878.5,4882,14:01:00,09:34:00,LOD_FIRST,9.75,4.5,0.19967233,0.09215646,14.25,1,0,4900.75,22.25,49.71162381,47.75007926,0.19613119,0.09052209,787937,390,0
2671,2023-05-10,4910.25,4917,4859.75,4900,09:33:00,13:40:00,HOD_FIRST,6.75,50.5,0.13746754,1.02846087,57.25,1,0,4882,57.25,47.75007926,48.42864502,0.14136102,1.05758987,1433420,390,0
2672,2023-05-11,4889,4894.25,4869,4891.5,14:44:00,10:22:00,LOD_FIRST,5.25,20,0.10738392,0.40908161,25.25,1,0,4900,31,48.42864502,47.18374181,0.10840691,0.41297872,1097782,390,0
2673,2023-05-12,4903.25,4905.75,4859.25,4885.5,09:44:00,14:01:00,HOD_FIRST,2.5,44,0.05098659,0.89736399,46.5,1,0,4891.5,46.5,47.18374181,47.13490311,0.05298435,0.9325246,1160875,390,0
2674,2023-05-15,4890.5,4902.75,4870.5,4899,13:11:00,10:16:00,LOD_FIRST,12.25,20,0.25048564,0.40895614,32.25,3,0,4885.5,32.25,47.13490311,46.07169574,0.25989233,0.42431402,901974,390,0
2675,2023-05-16,4886.5,4896.25,4870,4870.5,09:46:00,16:00:00,HOD_FIRST,9.75,16.5,0.19952932,0.337665,26.25,1,0,4899,29,46.07169574,44.8522889,0.21162668,0.35813746,1028807,390,0
2676,2023-05-17,4891.25,4926.5,4873.25,4919.75,13:53:00,10:01:00,LOD_FIRST,35.25,18,0.72067467,0.36800409,53.25,1,0,4870.5,56,44.8522889,45.64855398,0.78591307,0.40131731,1237261,390,0
2677,2023-05-18,4914.75,4963,4912.25,4958.75,15:52:00,09:32:00,LOD_FIRST,48.25,2.5,0.98173864,0.05086729,50.75,1,0,4919.75,50.75,45.64855398,46.01294298,1.05698857,0.05476625,1345631,390,0
2678,2023-05-19,4967.25,4973.25,4939,4952,09:55:00,11:40:00,HOD_FIRST,6,28.25,0.12079118,0.56872515,34.25,1,0,4958.75,34.25,46.01294298,45.17273277,0.13039809,0.61395769,1283425,390,0
2679,2023-05-22,4952,4969.25,4938.5,4953.25,09:42:00,10:10:00,HOD_FIRST,17.25,13.5,0.3483441,0.27261712,30.75,3,0,4952,30.75,45.17273277,44.14253757,0.38186753,0.29885285,1053342,390,0
2680,2023-05-23,4935.25,4946,4900.5,4905.5,10:01:00,14:26:00,HOD_FIRST,10.75,34.75,0.21782078,0.70411833,45.5,1,0,4953.25,52.75,44.14253757,44.75735632,0.24352927,0.78722253,1335225,390,0
2681,2023-05-24,4887.5,4891.25,4861.5,4874.25,15:33:00,12:23:00,LOD_FIRST,3.75,26,0.07672634,0.53196931,29.75,1,0,4905.5,44,44.75735632,44.70325944,0.08378511,0.58091009,1466373,390,0
2682,2023-05-25,4908.25,4923,4885,4907.5,14:02:00,10:22:00,LOD_FIRST,14.75,23.25,0.30051444,0.47369225,38,1,0,4874.25,48.75,44.70325944,44.99231233,0.32995357,0.5200963,1477703,390,0
2683,2023-05-26,4913.75,4968.75,4913,4961,15:12:00,09:32:00,LOD_FIRST,55,0.75,1.11930806,0.01526329,55.75,1,0,4907.5,61.25,44.99231233,46.15357574,1.22243106,0.01666951,1351443,390,0
2684,2023-05-30,4980.5,4986,4947.5,4962.5,09:35:00,14:09:00,HOD_FIRST,5.5,33,0.11043068,0.66258408,38.5,4,0,4961,38.5,46.15357574,45.60689176,0.11916736,0.71500419,1488115,390,0
2685,2023-05-31,4942.25,4952,4921.5,4938.75,09:46:00,11:31:00,HOD_FIRST,9.75,20.75,0.19727857,0.41984926,30.5,1,0,4962.5,41,45.60689176,45.27782806,0.21378348,0.4549751,1696035,390,0
2686,2023-06-01,4938.75,4987.25,4925.5,4976.25,15:16:00,09:52:00,LOD_FIRST,48.5,13.25,0.98202987,0.26828651,61.75,1,0,4938.75,61.75,45.27782806,46.45441177,1.07116445,0.29263771,1448435,390,0
2687,2023-06-02,5002.25,5045.25,4996.5,5036.75,15:08:00,10:02:00,LOD_FIRST,43,5.75,0.85961317,0.11494827,48.75,1,0,4976.25,69,46.45441177,48.06481093,0.92563867,0.12377726,1542124,390,0
2688,2023-06-05,5039.5,5053.25,5020.5,5028,13:01:00,14:35:00,HOD_FIRST,13.75,19,0.27284453,0.37702153,32.75,3,0,5036.75,32.75,48.06481093,46.97089586,0.28607207,0.39529959,1361260,390,0
2689,2023-06-06,5023,5042.25,5016,5037.25,15:56:00,09:37:00,LOD_FIRST,19.25,7,0.38323711,0.13935895,26.25,1,0,5028,26.25,46.97089586,45.49083187,0.40982825,0.14902845,1240961,390,0
2690,2023-06-07,5040.25,5052.25,5016.75,5022,09:52:00,13:40:00,HOD_FIRST,12,23.5,0.23808343,0.46624671,35.5,1,0,5037.25,35.5,45.49083187,44.77720103,0.26378942,0.51658761,1571063,390,0
2691,2023-06-08,5020,5050,5012,5045.25,15:51:00,09:56:00,LOD_FIRST,30,8,0.59760956,0.15936255,38,1,0,5022,38,44.77720103,44.29311524,0.66998382,0.17866235,1190269,390,0
2692,2023-06-09,5052.75,5073,5041.5,5052.5,10:33:00,12:02:00,HOD_FIRST,20.25,11.25,0.40077186,0.22265103,31.5,1,0,5045.25,31.5,44.29311524,43.37932129,0.45718166,0.25398981,1208186,390,0
2693,2023-06-12,5062,5092.25,5054.5,5091,16:00:00,10:39:00,LOD_FIRST,30.25,7.5,0.59758989,0.14816278,37.75,3,0,5052.5,39.75,43.37932129,43.12008406,0.69733687,0.17289344,375573,390,0
2694,2023-06-13,5105,5125.5,5098.25,5118.5,13:07:00,10:18:00,LOD_FIRST,20.5,6.75,0.40156709,0.13222331,27.25,1,0,5091,34.5,43.12008406,42.50436377,0.47541651,0.15653958,1383050,390,0
2695,2023-06-14,5120.75,5141.75,5085.75,5121.75,11:27:00,14:09:00,HOD_FIRST,21,35,0.41009618,0.68349363,56,1,0,5118.5,56,42.50436377,43.46833778,0.49406692,0.82344486,1468010,390,0
2696,2023-06-15,5110.5,5187.75,5109.5,5175,15:00:00,09:31:00,LOD_FIRST,77.25,1,1.51159378,0.01956756,78.25,1,0,5121.75,78.25,43.46833778,45.95274223,1.7771556,0.02300525,1398619,390,0
2697,2023-06-16,5194.5,5195.75,5153.25,5158,09:31:00,16:00:00,HOD_FIRST,1.25,41.25,0.02406391,0.79410915,42.5,1,0,5175,42.5,45.95274223,45.70611778,0.02720186,0.89766134,1360056,390,0
2698,2023-06-20,5137.25,5147,5112.75,5136.25,13:23:00,10:31:00,LOD_FIRST,9.75,24.5,0.18979026,0.47690885,34.25,4,0,5158,45.25,45.70611778,45.67353794,0.21331936,0.53603327,1103202,390,0
2699,2023-06-21,5124.25,5133,5105.75,5111.75,14:33:00,10:51:00,LOD_FIRST,8.75,18.5,0.1707567,0.36102844,27.25,1,0,5136.25,30.5,45.67353794,44.5897138,0.19157701,0.40504854,1179709,390,0
2700,2023-06-22,5100.25,5126.75,5096,5126,16:00:00,09:41:00,LOD_FIRST,26.5,4.25,0.51958237,0.08332925,30.75,1,0,5111.75,30.75,44.5897138,43.60116282,0.59430747,0.09531346,1041092,390,0
2701,2023-06-23,5088.25,5110.25,5083.75,5092.5,13:41:00,15:02:00,HOD_FIRST,22,4.5,0.43236869,0.08843905,26.5,1,0,5126,42.25,43.60116282,43.50465119,0.5045737,0.10320826,1136923,390,0
2702,2023-06-26,5085.25,5105.25,5070.75,5073.5,10:07:00,15:58:00,HOD_FIRST,20,14.5,0.39329433,0.28513839,34.5,3,0,5092.5,34.5,43.50465119,42.86146182,0.45972096,0.3332977,1281982,390,0
2703,2023-06-27,5081.75,5127,5076.75,5120.25,15:33:00,10:13:00,LOD_FIRST,45.25,5,0.89044128,0.0983913,50.25,1,0,5073.5,53.5,42.86146182,43.6213574,1.05572694,0.11665491,1188481,390,0
2704,2023-06-28,5108.5,5132.5,5101.5,5123,12:19:00,09:47:00,LOD_FIRST,24,7,0.46980523,0.13702652,31,1,0,5120.25,31,43.6213574,42.71983187,0.55018921,0.16047185,1343815,390,0
2705,2023-06-29,5116.25,5140,5112,5138.75,12:49:00,09:33:00,LOD_FIRST,23.75,4.25,0.46420718,0.08306865,28,1,0,5123,28,42.71983187,41.66841531,0.55594788,0.09948541,1250707,390,0
2706,2023-06-30,5170.5,5200.25,5167.25,5188.5,15:55:00,09:31:00,LOD_FIRST,29.75,3.25,0.57537956,0.06285659,33,1,0,5138.75,61.5,41.66841531,43.08495707,0.71397004,0.07799673,1246621,390,0
2707,2023-07-05,5173.5,5193.5,5173.25,5186,11:09:00,09:31:00,LOD_FIRST,20,0.25,0.38658548,0.00483232,20.25,5,0,5188.5,20.25,43.08495707,41.45388871,0.46419914,0.00580249,828438,390,0
2708,2023-07-06,5146,5153.25,5121.75,5148.75,14:58:00,11:21:00,LOD_FIRST,7.25,24.25,0.14088613,0.4712398,31.5,1,0,5186,64.25,41.45388871,43.08218237,0.17489312,0.58498734,1280599,390,0
2709,2023-07-07,5137,5178.25,5134,5137,13:23:00,15:51:00,HOD_FIRST,41.25,3,0.80299786,0.05839984,44.25,1,0,5148.75,44.25,43.08218237,43.16559792,0.95747239,0.06963436,1201838,390,0
2710,2023-07-10,5132.25,5149,5126.25,5147.75,10:10:00,12:11:00,HOD_FIRST,16.75,6,0.32636758,0.11690779,22.75,3,0,5137,22.75,43.16559792,41.70734093,0.3880405,0.13899958,1010266,390,0
2711,2023-07-11,5155.25,5180.75,5144.25,5175.25,15:51:00,10:08:00,LOD_FIRST,25.5,11,0.49464138,0.21337472,36.5,1,0,5147.75,36.5,41.70734093,41.335388,0.61140316,0.26374254,1047509,390,0
2712,2023-07-12,5214.75,5226,5199.25,5211.5,10:41:00,12:04:00,HOD_FIRST,11.25,15.5,0.21573422,0.29723381,26.75,1,0,5175.25,50.75,41.335388,42.00786029,0.27216389,0.37498136,1326357,390,0
2713,2023-07-13,5228.25,5253.75,5223.5,5245,15:45:00,09:31:00,LOD_FIRST,25.5,4.75,0.4877349,0.09085258,30.25,1,0,5211.5,42.25,42.00786029,42.02515598,0.60702925,0.11307408,836399,390,0
2714,2023-07-14,5253.75,5262.75,5233.25,5241.5,10:18:00,15:51:00,HOD_FIRST,9,20.5,0.17130621,0.39019748,29.5,1,0,5245,29.5,42.02515598,41.13050198,0.21415744,0.48780307,1086744,390,0
2715,2023-07-17,5239,5268,5238.5,5256.75,15:20:00,09:31:00,LOD_FIRST,29,0.5,0.55354075,0.00954381,29.5,3,0,5241.5,29.5,41.13050198,40.29975184,0.70507284,0.01215643,815614,390,0
2716,2023-07-18,5252.25,5296.75,5247.5,5290,15:51:00,09:32:00,LOD_FIRST,44.5,4.75,0.84725594,0.09043743,49.25,1,0,5256.75,49.25,40.29975184,40.93905528,1.10422516,0.11786673,1021249,390,0
2717,2023-07-19,5297.5,5311.5,5290.75,5298.25,12:04:00,14:21:00,HOD_FIRST,14,6.75,0.2642756,0.12741859,20.75,1,0,5290,21.5,40.93905528,39.55055133,0.34197174,0.16487923,1202315,390,0
2718,2023-07-20,5286.5,5296.5,5259.5,5267.25,09:48:00,15:27:00,HOD_FIRST,10,27,0.18916107,0.51073489,37,1,0,5298.25,38.75,39.55055133,39.49336909,0.25284098,0.68267064,1193820,390,0
2719,2023-07-21,5284,5286.25,5266,5266,13:42:00,16:00:00,HOD_FIRST,2.25,18,0.04258138,0.34065102,20.25,1,0,5267.25,20.25,39.49336909,38.11884273,0.05697159,0.45577271,1116804,390,0
2720,2023-07-24,5277.5,5294.75,5271,5286.5,14:02:00,09:55:00,LOD_FIRST,17.25,6.5,0.32685931,0.12316438,23.75,3,0,5266,28.75,38.11884273,37.44963968,0.4525321,0.17051934,947529,390,0
2721,2023-07-25,5282.25,5311,5281.75,5297.5,14:37:00,09:31:00,LOD_FIRST,28.75,0.5,0.54427564,0.00946566,29.25,1,0,5286.5,29.25,37.44963968,36.86395113,0.76769764,0.01335126,912451,390,0
2722,2023-07-26,5287.5,5313,5276,5298.5,14:44:00,15:20:00,HOD_FIRST,25.5,11.5,0.4822695,0.21749409,37,1,0,5297.5,37,36.86395113,36.87366891,0.69173269,0.31195788,1055619,390,0
2723,2023-07-27,5331.5,5335.75,5256,5265.75,09:35:00,15:47:00,HOD_FIRST,4.25,75.5,0.0797149,1.41611179,79.75,1,0,5298.5,79.75,36.87366891,39.93626398,0.1152584,2.04753154,1517746,390,0
2724,2023-07-28,5299,5318.75,5291,5309,11:43:00,13:45:00,HOD_FIRST,19.75,8,0.37271183,0.15097188,27.75,1,0,5265.75,53,39.93626398,40.86938799,0.494538,0.20031919,1135135,390,0
2725,2023-07-31,5313.75,5321.5,5300,5318.25,09:46:00,15:50:00,HOD_FIRST,7.75,13.75,0.14584804,0.25876264,21.5,3,0,5309,21.5,40.86938799,39.48586027,0.18962848,0.33643763,925483,390,0
2726,2023-08-01,5301.75,5311.5,5293.25,5303.25,10:01:00,12:32:00,HOD_FIRST,9.75,8.5,0.18390154,0.16032442,18.25,1,0,5318.25,25,39.48586027,38.45115597,0.24692383,0.21526693,877440,390,0
2727,2023-08-02,5270,5272.5,5230,5238.5,09:45:00,15:31:00,HOD_FIRST,2.5,40,0.04743833,0.75901328,42.5,1,0,5303.25,73.25,38.45115597,40.93678768,0.06501755,1.04028082,1370076,390,0
2728,2023-08-03,5215.5,5242.75,5208,5222.5,13:27:00,10:31:00,LOD_FIRST,27.25,7.5,0.52248107,0.14380213,34.75,1,0,5238.5,34.75,40.93678768,40.49487428,0.66566044,0.18320929,1245007,390,0
2729,2023-08-04,5240.75,5263,5196,5201.5,12:46:00,15:51:00,HOD_FIRST,22.25,44.75,0.42455755,0.85388542,67,1,0,5222.5,67,40.49487428,42.38809754,0.54945226,1.10507813,1533422,390,0
2730,2023-08-07,5220.5,5242,5212.75,5240.5,15:57:00,10:03:00,LOD_FIRST,21.5,7.75,0.41183795,0.14845321,29.25,3,0,5201.5,40.5,42.38809754,42.25323343,0.50721786,0.18283434,1079158,390,0
2731,2023-08-08,5213,5224.5,5184.25,5219.5,15:46:00,11:06:00,LOD_FIRST,11.5,28.75,0.22060234,0.55150585,40.25,1,0,5240.5,56.25,42.25323343,43.25300247,0.27216852,0.6804213,1301024,390,0
2732,2023-08-09,5222,5223.75,5180.5,5188.5,09:31:00,11:57:00,HOD_FIRST,1.75,41.5,0.03351206,0.79471467,43.25,1,0,5219.5,43.25,43.25300247,43.25278801,0.04045962,0.95947096,1336754,390,0
2733,2023-08-10,5211.25,5247,5175.75,5188.5,10:03:00,13:58:00,HOD_FIRST,35.75,35.5,0.68601583,0.68121852,71.25,1,0,5188.5,71.25,43.25278801,45.25258887,0.82653631,0.82075634,1804929,390,0
2734,2023-08-11,5167.75,5195.25,5161.25,5184.25,10:25:00,09:33:00,LOD_FIRST,27.5,6.5,0.53214649,0.12578008,34,1,0,5188.5,34,45.25258887,44.44883252,0.60770004,0.14363819,1189886,390,0
2735,2023-08-14,5174.75,5209.25,5171.25,5209,16:00:00,09:49:00,LOD_FIRST,34.5,3.5,0.66669887,0.06763612,38,3,0,5184.25,38,44.44883252,43.98820163,0.77617337,0.07874223,951267,390,0
2736,2023-08-15,5189.5,5193.25,5149.25,5156.25,09:32:00,15:44:00,HOD_FIRST,3.75,40.25,0.0722613,0.77560459,44,1,0,5209,59.75,43.98820163,45.11404437,0.08525013,0.91501808,1081200,390,0
2737,2023-08-16,5150.5,5167.75,5120.75,5122,09:50:00,16:00:00,HOD_FIRST,17.25,29.75,0.33491894,0.57761382,47,1,0,5156.25,47,45.11404437,45.24875548,0.3823643,0.65943988,1181045,390,0
2738,2023-08-17,5135.25,5138,5080.75,5085.75,09:31:00,15:16:00,HOD_FIRST,2.75,54.5,0.05355143,1.06129205,57.25,1,0,5122,57.25,45.24875548,46.10598723,0.06077515,1.20445302,1259851,390,0
2739,2023-08-18,5055.75,5098.25,5052.25,5087,15:47:00,09:31:00,LOD_FIRST,42.5,3.5,0.84062701,0.06922811,46,1,0,5085.75,46,46.10598723,46.09841672,0.92178918,0.07591205,1295975,390,0
2740,2023-08-21,5097.25,5123.25,5074.5,5115,15:44:00,11:55:00,LOD_FIRST,26,22.75,0.51007896,0.44631909,48.75,3,0,5087,48.75,46.09841672,46.28781552,0.56401069,0.49350936,1081461,390,0
2741,2023-08-22,5133.25,5133.5,5096.5,5102,09:31:00,15:46:00,HOD_FIRST,0.25,36.75,0.00487021,0.71592071,37,1,0,5115,37,46.28781552,45.62440013,0.00540099,0.79394544,1090773,390,0
2742,2023-08-23,5112.75,5157.5,5111.25,5150.25,13:55:00,09:31:00,LOD_FIRST,44.75,1.5,0.87526282,0.02933842,46.25,1,0,5102,55.5,45.62440013,46.32980012,0.98083481,0.03287714,926090,390,0
2743,2023-08-24,5165.75,5171,5086.5,5087.25,10:01:00,16:00:00,HOD_FIRST,5.25,79.25,0.10163093,1.53414315,84.5,1,0,5150.25,84.5,46.32980012,49.05624297,0.11331799,1.7105621,1383756,390,0
2744,2023-08-25,5104.5,5131.25,5067.5,5117.25,15:02:00,11:03:00,LOD_FIRST,26.75,37,0.52404741,0.72485062,63.75,1,0,5087.25,63.75,49.05624297,50.10579704,0.54529247,0.75423632,1558539,390,0
2745,2023-08-28,5140,5151.75,5125.5,5144,15:48:00,13:58:00,LOD_FIRST,11.75,14.5,0.22859922,0.28210117,26.25,3,0,5117.25,34.5,50.10579704,48.99109725,0.2345038,0.28938767,1030025,390,0
2746,2023-08-29,5143.25,5211.25,5140.75,5208.25,15:47:00,09:32:00,LOD_FIRST,68,2.5,1.32212123,0.0486074,70.5,1,0,5144,70.5,48.99109725,50.52744745,1.38800729,0.05102968,1126095,390,0
2747,2023-08-30,5211.5,5233,5203.25,5226.25,12:47:00,10:28:00,LOD_FIRST,21.5,8.25,0.41254917,0.15830375,29.75,1,0,5208.25,29.75,50.52744745,49.04334406,0.4255113,0.16327759,1060981,390,0
2748,2023-08-31,5230,5242,5215,5216.5,10:36:00,16:00:00,HOD_FIRST,12,15,0.22944551,0.28680688,27,1,0,5226.25,27,49.04334406,47.46881948,0.24468152,0.3058519,1037549,390,0
2749,2023-09-01,5245,5249.75,5209.5,5225,09:35:00,11:51:00,HOD_FIRST,4.75,35.5,0.09056244,0.67683508,40.25,1,0,5216.5,40.25,47.46881948,46.95318952,0.10006569,0.74785934,1053042,390,0
2750,2023-09-05,5219.75,5223,5203.75,5204.5,11:10:00,16:00:00,HOD_FIRST,3.25,16,0.06226352,0.30652809,19.25,4,0,5225,21.25,46.95318952,45.11724741,0.06921787,0.34076492,943055,390,0
2751,2023-09-06,5195.25,5196.5,5149.25,5173.25,09:31:00,13:03:00,HOD_FIRST,1.25,46,0.02406044,0.88542419,47.25,1,0,5204.5,55.25,45.11724741,45.84101545,0.02770559,1.01956575,1297467,390,0
2752,2023-09-07,5140.25,5165.25,5136.5,5157.5,15:51:00,10:34:00,LOD_FIRST,25,3.75,0.48635767,0.07295365,28.75,1,0,5173.25,36.75,45.84101545,45.19165721,0.54536314,0.08180447,1151202,390,0
2753,2023-09-08,5157.5,5179.75,5153.75,5163.75,10:32:00,15:29:00,HOD_FIRST,22.25,3.75,0.43141057,0.07270965,26,1,0,5157.5,26,45.19165721,43.82082455,0.49234751,0.08297992,855819,390,0
2754,2023-09-11,5190.5,5195.75,5172.25,5192.75,09:35:00,11:04:00,HOD_FIRST,5.25,18.25,0.10114633,0.35160389,23.5,3,0,5163.75,32,43.82082455,42.97647994,0.11980605,0.41646866,436016,390,0
2755,2023-09-12,5176.5,5191.75,5160,5166.25,13:25:00,15:25:00,HOD_FIRST,15.25,16.5,0.2946006,0.31874819,31.75,1,0,5192.75,32.75,42.97647994,42.24601709,0.35484526,0.38393093,866864,390,0
2756,2023-09-13,5168,5183,5155.75,5170.75,13:46:00,10:19:00,LOD_FIRST,15,12.25,0.29024768,0.2370356,27.25,1,0,5166.25,27.25,42.24601709,41.17487301,0.35506306,0.28996816,1015025,390,0
2757,2023-09-14,5194.75,5214.75,5180.75,5207.75,15:08:00,10:21:00,LOD_FIRST,20,14,0.38500409,0.26950286,34,1,0,5170.75,44,41.17487301,41.37666779,0.48573313,0.34001319,1089488,390,0
2758,2023-09-15,5189.75,5193.25,5146.75,5150.5,09:31:00,15:51:00,HOD_FIRST,3.5,43,0.06744063,0.82855629,46.5,1,0,5207.75,61,41.37666779,42.77833438,0.08458874,1.03923303,1339983,390,0
2759,2023-09-18,5147.25,5167.25,5142.75,5153.75,12:32:00,09:47:00,LOD_FIRST,20,4.5,0.388557,0.08742532,24.5,3,0,5150.5,24.5,42.77833438,41.47273907,0.46752638,0.10519344,879458,390,0
2760,2023-09-19,5143.25,5149.5,5115,5143.75,14:38:00,12:48:00,LOD_FIRST,6.25,28.25,0.1215185,0.5492636,34.5,1,0,5153.75,38.75,41.47273907,41.27825771,0.1507014,0.68117035,1168994,390,0
2761,2023-09-20,5156,5160.25,5098.75,5100.75,10:03:00,15:59:00,HOD_FIRST,4.25,57.25,0.08242824,1.11035687,61.5,1,0,5143.75,61.5,41.27825771,42.72266787,0.10295977,1.38692869,1182948,390,0
2762,2023-09-21,5068.5,5071.25,5023.5,5025.75,09:31:00,16:00:00,HOD_FIRST,2.75,45,0.05425668,0.88783664,47.75,1,0,5100.75,77.25,42.72266787,45.18890588,0.06436864,1.05330501,1479978,390,0
2763,2023-09-22,5035,5051.75,5010,5014.25,11:40:00,15:53:00,HOD_FIRST,16.75,25,0.3326713,0.49652433,41.75,1,0,5025.75,41.75,45.18890588,44.94326974,0.3706662,0.55323313,1309109,390,0
2764,2023-09-25,5001,5033,4996.25,5032.25,16:00:00,09:34:00,LOD_FIRST,32,4.75,0.63987203,0.094981,36.75,3,0,5014.25,36.75,44.94326974,44.35803619,0.71200872,0.10568879,1166098,390,0
2765,2023-09-26,4999,5006.75,4958.25,4966.75,09:45:00,15:26:00,HOD_FIRST,7.75,40.75,0.15503101,0.81516303,48.5,1,0,5032.25,74,44.35803619,46.47531932,0.17471468,0.91866105,1323653,390,0
2766,2023-09-27,4978.25,4984.5,4929.75,4967.75,09:33:00,13:42:00,HOD_FIRST,6.25,48.5,0.12554613,0.97423794,54.75,1,0,4966.75,54.75,46.47531932,47.06636794,0.13447998,1.04356464,1580585,390,0
2767,2023-09-28,4960,5008.5,4953.75,4991,12:31:00,09:45:00,LOD_FIRST,48.5,6.25,0.97782258,0.12600806,54.75,1,0,4967.75,54.75,47.06636794,47.6151988,1.0304598,0.13279121,1498305,390,0
2768,2023-09-29,5022.5,5024,4963.75,4979,09:31:00,14:34:00,HOD_FIRST,1.5,58.75,0.0298656,1.16973619,60.25,1,0,4991,60.25,47.6151988,48.5176846,0.03150255,1.23384973,1602023,390,0
2769,2023-10-02,4970,4990.5,4948.25,4977.5,11:31:00,12:52:00,HOD_FIRST,20.5,21.75,0.41247485,0.43762575,42.25,3,0,4979,42.25,48.5176846,48.06999284,0.42252635,0.44829015,1515667,390,0
2770,2023-10-03,4953.75,4969.75,4904,4919.25,09:52:00,14:18:00,HOD_FIRST,16,49.75,0.32298764,1.00428968,65.75,1,0,4977.5,73.5,48.06999284,49.88642193,0.33284798,1.03494919,1755481,390,0
2771,2023-10-04,4922.25,4956.75,4907,4949,15:38:00,10:30:00,LOD_FIRST,34.5,15.25,0.70089898,0.30981766,49.75,1,0,4919.25,49.75,49.88642193,49.8766775,0.69157095,0.3056944,1582615,390,0
2772,2023-10-05,4943.5,4953.5,4910.75,4944.25,14:41:00,11:10:00,LOD_FIRST,10,32.75,0.20228583,0.66248609,42.75,1,0,4949,42.75,49.8766775,49.36762911,0.20049451,0.65661952,1288955,390,0
2773,2023-10-06,4918,5011.25,4904.25,4994.75,14:49:00,10:08:00,LOD_FIRST,93.25,13.75,1.89609597,0.2795852,107,1,0,4944.25,107,49.36762911,53.48422703,1.88888958,0.27852259,1615141,390,0
2774,2023-10-09,4974.5,5028.5,4968.75,5022.75,14:57:00,10:53:00,LOD_FIRST,54,5.75,1.08553623,0.11558951,59.75,3,0,4994.75,59.75,53.48422703,53.93178224,1.00964346,0.10750833,1085363,390,0
2775,2023-10-10,5028.75,5071.75,5024,5044.25,12:14:00,09:42:00,LOD_FIRST,43,4.75,0.85508327,0.09445687,47.75,1,0,5022.75,49,53.93178224,53.57951208,0.79730352,0.08807423,1253488,390,0
2776,2023-10-11,5055.25,5064.25,5030,5061.5,16:00:00,13:37:00,LOD_FIRST,9,25.25,0.17803274,0.49948074,34.25,1,0,5044.25,34.25,53.57951208,52.19883265,0.16797465,0.47126222,1076967,390,0
2777,2023-10-12,5066.5,5070.25,5008.25,5033.5,12:22:00,14:17:00,HOD_FIRST,3.75,58.25,0.07401559,1.14970887,62,1,0,5061.5,62,52.19883265,52.89891603,0.07184069,1.11592534,1489446,390,0
2778,2023-10-13,5047.75,5060.5,4993.5,5010.75,09:42:00,13:38:00,HOD_FIRST,12.75,54.25,0.25258779,1.07473627,67,1,0,5033.5,67,52.89891603,53.90613631,0.24102573,1.02554086,1749667,390,0
2779,2023-10-16,5033,5067,5030.5,5055.25,11:01:00,09:31:00,LOD_FIRST,34,2.5,0.67554143,0.04967216,36.5,3,0,5010.75,56.25,53.90613631,54.07355515,0.63072597,0.04637691,1294079,390,0
2780,2023-10-17,5022,5076,5018.5,5055.25,12:31:00,09:58:00,LOD_FIRST,54,3.5,1.07526882,0.06969335,57.5,1,0,5055.25,57.5,54.07355515,54.31830121,0.99863972,0.06472665,1508882,390,0
2781,2023-10-18,5035.5,5045.25,4983.5,4995.75,10:21:00,15:49:00,HOD_FIRST,9.75,52,0.19362526,1.03266806,61.75,1,0,5055.25,71.75,54.31830121,55.56342255,0.17949751,0.95732007,1856298,390,0
2782,2023-10-19,5000.5,5019.25,4947.5,4954.25,12:23:00,15:46:00,HOD_FIRST,18.75,53,0.3749625,1.05989401,71.75,1,0,4995.75,71.75,55.56342255,56.71960666,0.33745221,0.95386493,2251669,390,0
2783,2023-10-20,4949.25,4955,4900,4901.25,09:43:00,16:00:00,HOD_FIRST,5.75,49.25,0.11617922,0.99510027,55,1,0,4954.25,55,56.71960666,56.59677761,0.10137588,0.86830644,1827102,390,0
2784,2023-10-23,4884,4933.5,4866,4893.25,13:01:00,09:44:00,LOD_FIRST,49.5,18,1.01351351,0.36855037,67.5,3,0,4901.25,67.5,56.59677761,57.37557921,0.8746081,0.31803931,1533613,390,0
2785,2023-10-24,4914.5,4936.25,4894.75,4923.75,10:51:00,12:55:00,HOD_FIRST,21.75,19.75,0.44256791,0.40187201,41.5,1,0,4893.25,43,57.37557921,56.34875212,0.37908114,0.3442231,1381924,390,0
2786,2023-10-25,4906.25,4906.25,4856.5,4863,09:31:00,13:51:00,HOD_FIRST,0,49.75,0,1.01401274,49.75,1,0,4923.75,67.25,56.34875212,57.12741268,0,0.88289444,1595711,390,0
2787,2023-10-26,4849,4857.75,4799,4809.5,09:34:00,13:31:00,HOD_FIRST,8.75,50,0.18044958,1.03114044,58.75,1,0,4863,64,57.12741268,57.61831178,0.1531664,0.87523656,1807121,390,0
2788,2023-10-27,4825.5,4829.5,4775,4790.75,11:18:00,15:41:00,HOD_FIRST,4,50.5,0.08289296,1.04652368,54.5,1,0,4809.5,54.5,57.61831178,57.39557522,0.06942237,0.87645747,1742256,390,0
2789,2023-10-30,4818.5,4850.25,4804.75,4838.75,15:25:00,10:46:00,LOD_FIRST,31.75,13.75,0.65891875,0.28535851,45.5,3,0,4790.75,59.5,57.39557522,57.54589128,0.55317853,0.23956551,1527235,390,0
2790,2023-10-31,4844.25,4867.75,4824.5,4865,15:05:00,10:05:00,LOD_FIRST,23.5,19.75,0.48511121,0.40769985,43.25,1,0,4838.75,43.25,57.54589128,56.52475619,0.40836973,0.34320435,1379310,390,0
2791,2023-11-01,4874.25,4917.5,4868.25,4909.25,15:35:00,09:32:00,LOD_FIRST,43.25,6,0.887316,0.12309586,49.25,1,0,4865,52.5,56.52475619,56.2372736,0.76515146,0.10614818,1598040,390,0
2792,2023-11-02,4946.75,4990.5,4946.5,4989,15:54:00,09:31:00,LOD_FIRST,43.75,0.25,0.88441906,0.00505382,44,1,0,4909.25,81.25,56.2372736,58.02389692,0.77795379,0.00444545,1327292,390,0
2793,2023-11-03,5012.25,5044.5,5011,5027.75,15:07:00,09:31:00,LOD_FIRST,32.25,1.25,0.64342361,0.0249389,33.5,1,0,4989,55.5,58.02389692,57.84361857,0.55580548,0.02154285,1316745,390,0
2794,2023-11-06,5035.25,5042.25,5017,5037.25,09:31:00,13:22:00,HOD_FIRST,7,18.25,0.13901991,0.36244476,25.25,3,0,5027.75,25.25,57.84361857,55.51550295,0.12101594,0.31550585,1055534,390,0
2795,2023-11-07,5036.75,5056,5025,5049.25,15:46:00,09:40:00,LOD_FIRST,19.25,11.75,0.3821909,0.23328535,31,1,0,5037.25,31,55.51550295,53.7643956,0.34674999,0.21165259,1060151,390,0
2796,2023-11-08,5055,5060.5,5027.75,5051.25,09:54:00,12:09:00,HOD_FIRST,5.5,27.25,0.10880317,0.53907023,32.75,1,0,5049.25,32.75,53.7643956,52.26336734,0.10229818,0.506841,1106800,390,0
2797,2023-11-09,5061.75,5062.25,5010.5,5015.75,09:31:00,15:58:00,HOD_FIRST,0.5,51.25,0.00987801,1.01249568,51.75,1,0,5051.25,51.75,52.26336734,52.22669825,0.00956693,0.98061037,1662476,390,0
2798,2023-11-10,5036.5,5086.25,5020.5,5083,15:54:00,10:41:00,LOD_FIRST,49.75,16,0.98778914,0.31768093,65.75,1,0,5015.75,70.5,52.22669825,53.53193409,0.95257793,0.30635672,1339034,390,0
2799,2023-11-13,5068.25,5089.5,5060,5078.25,11:48:00,09:57:00,LOD_FIRST,21.25,8.25,0.41927687,0.16277808,29.5,3,0,5083,29.5,53.53193409,51.81536737,0.39695932,0.15411362,967871,390,0
2800,2023-11-14,5139.25,5177,5136.5,5163.5,15:16:00,09:34:00,LOD_FIRST,37.75,2.75,0.73454298,0.05350975,40.5,1,0,5078.25,98.75,51.81536737,55.16784113,0.72854834,0.05307306,1308346,390,0
2801,2023-11-15,5176.5,5189.5,5163.5,5172.25,10:52:00,13:16:00,HOD_FIRST,13,13,0.25113494,0.25113494,26,1,0,5163.5,26,55.16784113,53.0844239,0.23564453,0.23564453,1140358,390,0
2802,2023-11-16,5165.75,5179,5154.5,5175.75,10:02:00,11:39:00,HOD_FIRST,13.25,11.25,0.25649712,0.21778057,24.5,1,0,5172.25,24.5,53.0844239,51.04267934,0.24960241,0.21192657,1105441,390,0
2803,2023-11-17,5175,5187.25,5165.5,5181,15:27:00,11:07:00,LOD_FIRST,12.25,9.5,0.23671498,0.18357488,21.75,1,0,5175.75,21.75,51.04267934,48.9503451,0.23999524,0.18611876,973684,390,0
2804,2023-11-20,5177.25,5223.75,5177.25,5215,15:15:00,09:31:00,LOD_FIRST,46.5,0,0.89816022,0,46.5,3,0,5181,46.5,48.9503451,48.77532045,0.94994223,0,918195,390,0
2805,2023-11-21,5202.75,5207.5,5190.5,5203.75,15:03:00,10:32:00,LOD_FIRST,4.75,12.25,0.09129787,0.2354524,17,1,0,5215,24.5,48.77532045,47.04136899,0.09738532,0.2511516,804327,390,0
2806,2023-11-22,5219.25,5233.25,5207.75,5219.5,09:43:00,10:19:00,HOD_FIRST,14,11.5,0.26823777,0.22033817,25.5,1,0,5203.75,29.5,47.04136899,45.78841406,0.29761039,0.24446567,1107107,390,0
2807,2023-11-27,5214,5222.75,5208.25,5213,13:13:00,09:37:00,LOD_FIRST,8.75,5.75,0.16781741,0.11028002,14.5,5,0,5219.5,14.5,45.78841406,43.55352734,0.19109638,0.12557762,829938,390,0
2808,2023-11-28,5208,5230,5202,5216,11:42:00,09:45:00,LOD_FIRST,22,6,0.42242704,0.11520737,28,1,0,5213,28,43.55352734,42.4425611,0.50512556,0.13776152,1147462,390,0
2809,2023-11-29,5238,5249.75,5208.25,5212.75,09:57:00,15:41:00,HOD_FIRST,11.75,29.75,0.22432226,0.56796487,41.5,1,0,5216,41.5,42.4425611,42.37523531,0.27684474,0.70094733,1221321,390,0
2810,2023-11-30,5219,5232.25,5197.5,5227.5,16:00:00,13:32:00,LOD_FIRST,13.25,21.5,0.25388005,0.41195631,34.75,1,0,5212.75,34.75,42.37523531,41.83057565,0.31268263,0.50737181,1574464,390,0
2811,2023-12-01,5221.5,5260.5,5215.25,5254,12:56:00,09:34:00,LOD_FIRST,39,6.25,0.74691181,0.1196974,45.25,1,0,5227.5,45.25,41.83057565,42.07482024,0.93233238,0.14941224,1505008,390,0
2812,2023-12-04,5218.75,5232.5,5206.25,5229.5,15:51:00,10:54:00,LOD_FIRST,13.75,12.5,0.26347305,0.23952096,26.25,3,0,5254,47.75,42.07482024,42.48019022,0.32679878,0.2970898,1372946,390,0
2813,2023-12-05,5214.75,5238.25,5211,5228.5,11:08:00,09:41:00,LOD_FIRST,23.5,3.75,0.45064481,0.07191141,27.25,1,0,5229.5,27.25,42.48019022,41.39231949,0.55319903,0.08827644,1476938,390,0
2814,2023-12-06,5250,5250.25,5204.75,5208.75,09:31:00,15:55:00,HOD_FIRST,0.25,45.25,0.0047619,0.86190476,45.5,1,0,5228.5,45.5,41.39231949,41.68572524,0.00603977,1.09319798,1378066,390,0
2815,2023-12-07,5229.25,5248.75,5222.5,5241.25,14:23:00,09:51:00,LOD_FIRST,19.5,6.75,0.37290242,0.12908161,26.25,1,0,5208.75,40,41.68572524,41.5653163,0.46778603,0.16192593,1265960,390,0
2816,2023-12-08,5233.75,5266.5,5231,5260.5,15:39:00,09:31:00,LOD_FIRST,32.75,2.75,0.62574636,0.05254359,35.5,1,0,5241.25,35.5,41.5653163,41.13207942,0.78791654,0.06616093,1081843,390,0
2817,2023-12-11,5255,5280,5252.5,5277.75,16:00:00,09:33:00,LOD_FIRST,25,2.5,0.47573739,0.04757374,27.5,3,0,5260.5,27.5,41.13207942,40.15835946,0.60779811,0.06077981,362352,390,0
2818,2023-12-12,5273,5298.75,5262.5,5298.25,16:00:00,09:40:00,LOD_FIRST,25.75,10.5,0.48833681,0.19912763,36.25,1,0,5277.75,36.25,40.15835946,39.87919093,0.64121145,0.26146486,837321,390,0
2819,2023-12-13,5300.5,5364.5,5297,5361.25,15:07:00,13:18:00,LOD_FIRST,64,3.5,1.20743326,0.06603151,67.5,1,0,5298.25,67.5,39.87919093,41.85210586,1.604847,0.08776507,1313891,390,0
2820,2023-12-14,5379.25,5392,5346.5,5375.5,09:48:00,13:54:00,HOD_FIRST,12.75,32.75,0.23702189,0.60882093,45.5,1,0,5361.25,45.5,41.85210586,42.11266973,0.30464417,0.78251737,1497814,390,0
2821,2023-12-15,5368.5,5379.75,5357.5,5367,15:53:00,13:56:00,LOD_FIRST,11.25,11,0.20955574,0.20489895,22.25,1,0,5375.5,22.25,42.11266973,40.69390761,0.26714051,0.26120405,1177604,390,0
2822,2023-12-18,5382.25,5402.5,5380.5,5393,14:25:00,09:31:00,LOD_FIRST,20.25,1.75,0.3762367,0.03251428,22,3,0,5367,35.5,40.69390761,40.32291421,0.49761749,0.04300398,849965,390,0
2823,2023-12-19,5397.75,5421.75,5396.75,5420.5,16:00:00,09:31:00,LOD_FIRST,24,1,0.44462971,0.01852624,25,1,0,5393,28.75,40.32291421,39.49627748,0.59519508,0.02479979,863038,390,0
2824,2023-12-20,5410.75,5431,5348.25,5350,12:59:00,16:00:00,HOD_FIRST,20.25,62.5,0.37425496,1.15510789,82.75,1,0,5420.5,82.75,39.49627748,42.58582909,0.51270655,1.58242761,1338993,390,0
2825,2023-12-21,5381.5,5398.5,5355.75,5395.5,16:00:00,13:21:00,LOD_FIRST,17,25.75,0.31589705,0.47849113,42.75,1,0,5350,48.5,42.58582909,43.00826986,0.39919382,0.60466123,1265323,390,0
2826,2023-12-22,5406.5,5422,5385,5405.5,09:54:00,14:32:00,HOD_FIRST,15.5,21.5,0.28669194,0.39766947,37,1,0,5395.5,37,43.00826986,42.57910773,0.3603958,0.49990386,1015563,390,0
2827,2023-12-26,5409,5434.75,5408.25,5425.25,15:27:00,09:31:00,LOD_FIRST,25.75,0.75,0.47605842,0.01386578,26.5,4,0,5405.5,29.25,42.57910773,41.62702861,0.60475668,0.01761427,491212,390,0
2828,2023-12-27,5422.5,5435.75,5416.75,5435,16:00:00,14:05:00,LOD_FIRST,13.25,5.75,0.24435224,0.10603965,19,1,0,5425.25,19,41.62702861,40.01081228,0.31830281,0.13813141,788083,390,0
2829,2023-12-28,5432.25,5440,5428.25,5433.25,13:38:00,15:57:00,HOD_FIRST,7.75,4,0.14266648,0.07363431,11.75,1,0,5435,11.75,40.01081228,37.99218283,0.19369764,0.09997298,687803,390,0
2830,2023-12-29,5428.75,5435.25,5397,5419,10:07:00,12:24:00,HOD_FIRST,6.5,31.75,0.1197329,0.58484918,38.25,1,0,5433.25,38.25,37.99218283,38.01059834,0.17108783,0.83569823,953813,390,0
2831,2024-01-02,5383.75,5397.75,5365.75,5388.25,12:41:00,15:07:00,HOD_FIRST,14,18,0.26004179,0.33433945,32,4,0,5419,53.25,38.01059834,39.09912703,0.36831833,0.47355214,1213448,390,0
2832,2024-01-03,5364.5,5372,5341.25,5347.25,14:29:00,15:55:00,HOD_FIRST,7.5,23.25,0.139808,0.43340479,30.75,1,0,5388.25,47,39.09912703,39.6634751,0.19182014,0.59464243,1318621,390,0
2833,2024-01-04,5339.75,5366.75,5327.25,5330,11:17:00,15:55:00,HOD_FIRST,27,12.5,0.50564165,0.23409336,39.5,1,0,5347.25,39.5,39.6634751,39.65179831,0.68072704,0.31515141,1019821,390,0
2834,2024-01-05,5330.5,5360.5,5320,5335.75,11:17:00,15:33:00,HOD_FIRST,30,10.5,0.56279899,0.19697965,40.5,1,0,5330,40.5,39.65179831,39.71238414,0.75658611,0.26480514,1269131,390,0
2835,2024-01-08,5339.5,5403.5,5338.25,5401.75,16:00:00,09:31:00,LOD_FIRST,64,1.25,1.1986141,0.02341043,65.25,3,0,5335.75,67.75,39.71238414,41.71507099,1.61158796,0.03147633,1046234,390,0
2836,2024-01-09,5373.25,5404.25,5367.75,5393.25,13:06:00,09:48:00,LOD_FIRST,31,5.5,0.57693202,0.10235891,36.5,1,0,5401.75,36.5,41.71507099,41.34256592,0.7431367,0.13184683,1047255,390,0
2837,2024-01-10,5395.5,5428.75,5392.5,5419.5,15:09:00,10:06:00,LOD_FIRST,33.25,3,0.61625429,0.05560189,36.25,1,0,5393.25,36.25,41.34256592,40.97881121,0.80425584,0.07256444,1081462,390,0
2838,2024-01-11,5427.25,5432.5,5373,5415,09:36:00,11:47:00,HOD_FIRST,5.25,54.25,0.09673407,0.99958543,59.5,1,0,5419.5,59.5,40.97881121,42.30175327,0.12811499,1.3238549,1375734,390,0
2839,2024-01-12,5429.25,5436.75,5402.5,5417,09:48:00,10:54:00,HOD_FIRST,7.5,26.75,0.13814063,0.49270157,34.25,1,0,5415,34.25,42.30175327,41.72662803,0.17729762,0.6323615,1074946,390,0
2840,2024-01-16,5402.25,5416,5379.75,5398.75,11:23:00,14:20:00,HOD_FIRST,13.75,22.5,0.25452358,0.41649313,36.25,4,0,5417,37.25,41.72662803,41.40686889,0.32952579,0.53922402,1366435,390,0
2841,2024-01-17,5366.25,5376,5346.5,5371.25,11:07:00,13:50:00,HOD_FIRST,9.75,19.75,0.18169113,0.368041,29.5,1,0,5398.75,52.25,41.40686889,42.18137825,0.23546818,0.476974,1226492,390,0
2842,2024-01-18,5386.25,5417.25,5370.25,5411.25,15:53:00,13:08:00,LOD_FIRST,31,16,0.57553957,0.29705268,47,1,0,5371.25,47,42.18137825,42.52556552,0.73492146,0.3793143,1322779,390,0
2843,2024-01-19,5422.25,5474.5,5415.25,5471,14:30:00,09:45:00,LOD_FIRST,52.25,7,0.96362211,0.1290977,59.25,1,0,5411.25,63.25,42.52556552,44.00588227,1.22867267,0.16460686,1390655,390,0
2844,2024-01-22,5486,5498.5,5473.75,5482,10:01:00,13:30:00,HOD_FIRST,12.5,12.25,0.22785272,0.22329566,24.75,3,0,5471,27.5,44.00588227,42.82689068,0.28405293,0.27837188,985196,390,0
2845,2024-01-23,5486,5497.25,5474.5,5495,15:57:00,11:35:00,LOD_FIRST,11.25,11.5,0.20506744,0.2096245,22.75,1,0,5482,22.75,42.82689068,41.39282706,0.26268543,0.26852288,826190,390,0
2846,2024-01-24,5523.75,5533.5,5495.5,5499,12:57:00,15:55:00,HOD_FIRST,9.75,28.25,0.17651052,0.51142792,38,1,0,5495,38.5,41.39282706,41.18619656,0.23554806,0.6824854,1235306,390,0
2847,2024-01-25,5519.25,5526.75,5497,5524.25,10:23:00,14:09:00,HOD_FIRST,7.5,22.25,0.13588803,0.40313448,29.75,1,0,5499,29.75,41.18619656,40.36932537,0.18209984,0.54022954,1150815,390,0
2848,2024-01-26,5518.5,5534.5,5507.75,5517.25,11:01:00,13:55:00,HOD_FIRST,16,10.75,0.28993386,0.19479931,26.75,1,0,5524.25,26.75,40.36932537,39.39651642,0.39634053,0.2662913,965110,390,0
2849,2024-01-29,5519.25,5556.25,5513,5555,15:27:00,10:34:00,LOD_FIRST,37,6.25,0.67038094,0.11324002,43.25,3,0,5517.25,43.25,39.39651642,39.67176524,0.93916933,0.15864347,900409,390,0
2850,2024-01-30,5546.5,5557.5,5541.75,5549.5,15:29:00,12:34:00,LOD_FIRST,11,4.75,0.19832327,0.08563959,15.75,1,0,5555,15.75,39.67176524,37.96306773,0.27727528,0.11973251,830448,390,0
2851,2024-01-31,5526.25,5530.75,5468.5,5469,09:35:00,16:00:00,HOD_FIRST,4.5,57.75,0.08142954,1.04501244,62.25,1,0,5549.5,81,37.96306773,41.03713432,0.11853626,1.52121531,1797407,390,0
2852,2024-02-01,5483.5,5530,5474.75,5530,16:00:00,11:13:00,LOD_FIRST,46.5,8.75,0.84799854,0.15956962,55.25,1,0,5469,61,41.03713432,42.4630533,1.13312006,0.21322152,1340534,390,0
2853,2024-02-02,5533.25,5598,5529.25,5579.75,15:12:00,09:33:00,LOD_FIRST,64.75,4,1.17019835,0.07229025,68.75,1,0,5530,68.75,42.4630533,44.34069235,1.52485502,0.09419954,1446754,390,0
2854,2024-02-05,5573.25,5577.75,5538,5561.25,14:48:00,10:46:00,LOD_FIRST,4.5,35.25,0.08074283,0.63248553,39.75,3,0,5579.75,41.75,44.34069235,44.15564289,0.10148691,0.79498082,1137014,390,0
2855,2024-02-06,5570.25,5578.5,5555.25,5575.25,09:47:00,10:26:00,HOD_FIRST,8.25,15,0.14810825,0.26928773,23.25,1,0,5561.25,23.25,44.15564289,42.66238269,0.18683909,0.33970743,1010522,390,0
2856,2024-02-07,5597.75,5620.25,5588.25,5615.75,15:04:00,09:57:00,LOD_FIRST,22.5,9.5,0.40194721,0.16971104,32,1,0,5575.25,45,42.66238269,42.82935535,0.5273967,0.22267861,1032552,390,0
2857,2024-02-08,5613.5,5620.25,5605.25,5617.25,16:00:00,11:31:00,LOD_FIRST,6.75,8.25,0.12024584,0.14696713,15,1,0,5615.75,15,42.82935535,40.84154425,0.15760219,0.19262489,757895,390,0
2858,2024-02-09,5620.25,5648.75,5616.5,5644.25,14:47:00,09:31:00,LOD_FIRST,28.5,3.75,0.50709488,0.06672301,32.25,1,0,5617.25,32.25,40.84154425,40.22786252,0.69781886,0.09181827,849072,390,0
2859,2024-02-12,5643.25,5666.75,5633.5,5641.75,11:34:00,14:21:00,HOD_FIRST,23.5,9.75,0.4164267,0.17277278,33.25,3,0,5644.25,33.25,40.22786252,39.72944377,0.58417223,0.24236933,924466,390,0
2860,2024-02-13,5575.25,5588.5,5536.75,5572,11:41:00,15:23:00,HOD_FIRST,13.25,38.5,0.2376575,0.69055199,51.75,1,0,5641.75,105,39.72944377,44.39162636,0.3335058,0.96905459,1560306,390,0
2861,2024-02-14,5597.5,5620.5,5573,5615.5,16:00:00,12:07:00,LOD_FIRST,23,24.5,0.41089772,0.4376954,47.5,1,0,5572,48.5,44.39162636,44.68508162,0.51811573,0.55190589,1239256,390,0
2862,2024-02-15,5619.25,5648.75,5614,5647,14:57:00,11:10:00,LOD_FIRST,29.5,5.25,0.52498109,0.09342884,34.75,1,0,5615.5,34.75,44.68508162,43.97543293,0.66017559,0.11748888,1022850,390,0
2863,2024-02-16,5643.25,5654.75,5613,5620.75,14:11:00,10:01:00,LOD_FIRST,11.5,30.25,0.20378328,0.53603863,41.75,1,0,5647,41.75,43.97543293,43.81647344,0.26150965,0.68788407,1137132,390,0
2864,2024-02-20,5602,5609.5,5568.5,5592.75,09:33:00,12:40:00,HOD_FIRST,7.5,33.5,0.13388076,0.59800071,41,4,0,5620.75,52.25,43.81647344,44.41886819,0.1711685,0.76455263,1161252,390,0
2865,2024-02-21,5578.25,5598.5,5559.25,5596,16:00:00,15:22:00,LOD_FIRST,20.25,19,0.36301708,0.34060861,39.25,1,0,5592.75,39.25,44.41886819,44.04966332,0.45588735,0.42774615,1110562,390,0
2866,2024-02-22,5662.5,5708,5652.5,5697.75,14:27:00,09:36:00,LOD_FIRST,45.5,10,0.80353201,0.17660044,55.5,1,0,5596,112,44.04966332,48.9032588,1.03292503,0.22701649,1264064,390,0
2867,2024-02-23,5714.5,5723.75,5692.75,5700,09:49:00,11:14:00,HOD_FIRST,9.25,21.75,0.16186893,0.38061073,31,1,0,5697.75,31,48.9032588,47.6244546,0.18914895,0.44475564,1034710,390,0
2868,2024-02-26,5704,5708.25,5679,5680.25,09:36:00,16:00:00,HOD_FIRST,4.25,25,0.07450912,0.43828892,29.25,3,0,5700,29.25,47.6244546,46.31199355,0.08923987,0.52494039,838660,390,0
2869,2024-02-27,5686.75,5692,5667.25,5688.75,15:59:00,13:01:00,LOD_FIRST,5.25,19.5,0.09231987,0.34290236,24.75,1,0,5680.25,24.75,46.31199355,44.77185116,0.11336156,0.42105724,783504,390,0
2870,2024-02-28,5672.5,5688,5668.75,5681.75,11:06:00,09:54:00,LOD_FIRST,15.5,3.75,0.27324813,0.06610842,19.25,1,0,5688.75,20,44.77185116,43.00243322,0.34619967,0.08375798,879766,390,0
2871,2024-02-29,5698.25,5714.75,5670.25,5697,15:58:00,11:41:00,LOD_FIRST,16.5,28,0.28956259,0.49137893,44.5,1,0,5681.75,44.5,43.00243322,43.10940227,0.38369922,0.65112595,1256033,390,0
2872,2024-03-01,5706,5749.5,5701.5,5745.25,14:31:00,09:56:00,LOD_FIRST,43.5,4.5,0.76235542,0.07886435,48,1,0,5697,52.5,43.10940227,43.78015925,1.00906062,0.10438558,1195244,390,0
2873,2024-03-04,5736,5758,5735.5,5738,15:17:00,09:40:00,LOD_FIRST,22,0.5,0.38354254,0.00871688,22.5,3,0,5745.25,22.5,43.78015925,42.26014788,0.50251073,0.0114207,923449,390,0
2874,2024-03-05,5716.75,5721.75,5663.25,5686,10:04:00,15:24:00,HOD_FIRST,5,53.5,0.08746228,0.93584642,58.5,1,0,5738,74.75,42.26014788,44.5808516,0.11831478,1.26596812,1480127,390,0
2875,2024-03-06,5719.5,5734.75,5698,5712.25,12:32:00,10:08:00,LOD_FIRST,15.25,21.5,0.2666317,0.37590698,36.75,1,0,5686,48.75,44.5808516,44.87864792,0.34207512,0.48226984,1568125,390,0
2876,2024-03-07,5743.25,5770.75,5733.5,5760,13:58:00,09:47:00,LOD_FIRST,27.5,9.75,0.47882297,0.16976451,37.25,1,0,5712.25,58.5,44.87864792,45.85160164,0.61276356,0.21725253,1224010,390,0
2877,2024-03-08,5765.25,5793.25,5722,5728.5,10:08:00,13:42:00,HOD_FIRST,28,43.25,0.48566844,0.75018429,71.25,1,0,5760,71.25,45.85160164,47.66577295,0.61066569,0.9432604,1664577,390,0
2878,2024-03-11,5714.5,5729.25,5695,5723,14:51:00,10:14:00,LOD_FIRST,14.75,19.5,0.25811532,0.3412372,34.25,3,0,5728.5,34.25,47.66577295,46.70750345,0.30944636,0.40909858,509029,390,0
2879,2024-03-12,5744,5784.25,5717.5,5779,15:56:00,09:47:00,LOD_FIRST,40.25,26.5,0.7007312,0.46135097,66.75,1,0,5723,66.75,46.70750345,48.13911035,0.86174591,0.56736066,1252168,390,0
2880,2024-03-13,5780.75,5783.5,5755,5770.5,13:31:00,15:30:00,HOD_FIRST,2.75,25.75,0.04757168,0.44544393,28.5,1,0,5779,28.5,48.13911035,46.73631675,0.05712611,0.5349081,1084881,390,0
2881,2024-03-14,5777.5,5779,5725.5,5757.75,09:38:00,15:37:00,HOD_FIRST,1.5,52,0.02596279,0.90004327,53.5,1,0,5770.5,53.5,46.73631675,47.21943698,0.03209496,1.11262512,1639855,390,0
2882,2024-03-15,5723.5,5739.25,5705.25,5720.25,10:50:00,12:56:00,HOD_FIRST,15.75,18.25,0.27518127,0.31886084,34,1,0,5757.75,52.5,47.21943698,47.59662006,0.33354908,0.38649338,1383475,390,0
2883,2024-03-18,5763,5777.75,5747.75,5752.75,10:27:00,15:59:00,HOD_FIRST,14.75,15.25,0.25594309,0.26461912,30,3,0,5720.25,57.5,47.59662006,48.30400434,0.30989595,0.3204009,1061002,390,0
2884,2024-03-19,5743.25,5782.25,5732.75,5780,15:57:00,09:41:00,LOD_FIRST,39,10.5,0.67905802,0.18282331,49.5,1,0,5752.75,49.5,48.30400434,48.3894326,0.80738648,0.21737328,1027910,390,0
2885,2024-03-20,5778.5,5827,5770.5,5825.25,15:33:00,13:42:00,LOD_FIRST,48.5,8,0.83931816,0.13844423,56.5,1,0,5780,56.5,48.3894326,48.96875884,1.00228495,0.16532535,1112805,390,0
2886,2024-03-21,5852.5,5860.25,5837.5,5840.25,12:31:00,16:00:00,HOD_FIRST,7.75,15,0.13242204,0.25630073,22.75,1,0,5825.25,35,48.96875884,47.97099035,0.15826417,0.30631775,992635,390,0
2887,2024-03-22,5838.75,5843.5,5826.5,5829.5,13:57:00,12:37:00,LOD_FIRST,4.75,12.25,0.08135303,0.20980518,17,1,0,5840.25,17,47.97099035,45.75877676,0.09901818,0.25536267,809152,390,0
2888,2024-03-25,5814.25,5826.25,5811.75,5814.5,14:41:00,09:46:00,LOD_FIRST,12,2.5,0.20638947,0.04299781,14.5,3,0,5829.5,17.75,45.75877676,43.75814985,0.26224477,0.05463433,650100,390,0
2889,2024-03-26,5827.5,5832,5800.5,5803.5,10:19:00,15:58:00,HOD_FIRST,4.5,27,0.07722008,0.46332046,31.5,1,0,5814.5,31.5,43.75814985,42.88256771,0.10283799,0.61702792,810058,390,0
2890,2024-03-27,5830.5,5848,5808.25,5847.75,16:00:00,11:31:00,LOD_FIRST,17.5,22.25,0.30014579,0.38161393,39.75,1,0,5803.5,44.5,42.88256771,42.99809859,0.40809123,0.51885886,1119022,390,0
2891,2024-03-28,5847,5858.5,5840.75,5842.75,15:31:00,16:00:00,HOD_FIRST,11.5,6.25,0.19668206,0.10689242,17.75,1,0,5847.75,17.75,42.99809859,41.19466298,0.26745369,0.14535526,876242,390,0
2892,2024-04-01,5849.25,5854.75,5819.75,5831.5,09:46:00,12:01:00,HOD_FIRST,5.5,29.5,0.09402915,0.50433816,35,4,0,5842.75,35,41.19466298,40.75218705,0.13351244,0.71611218,864755,390,0
2893,2024-04-02,5790.75,5799.25,5772.5,5798.5,16:00:00,10:13:00,LOD_FIRST,8.5,18.25,0.14678582,0.31515779,26.75,1,0,5831.5,59,40.75218705,42.05560226,0.20857776,0.44782873,1043422,390,0
2894,2024-04-03,5785.25,5818.25,5784.5,5802.75,11:23:00,09:31:00,LOD_FIRST,33,0.75,0.57041614,0.012964,33.75,1,0,5798.5,33.75,42.05560226,41.46234496,0.78467548,0.01783353,1069876,390,0
2895,2024-04-04,5842.75,5846,5731.75,5735,12:10:00,15:42:00,HOD_FIRST,3.25,111,0.05562449,1.89979034,114.25,1,0,5802.75,114.25,41.46234496,46.66146317,0.07838438,2.67712789,1546707,390,0
2896,2024-04-05,5748.5,5810,5744.25,5788.75,13:00:00,09:31:00,LOD_FIRST,61.5,4.25,1.06984431,0.07393233,65.75,1,0,5735,75,46.66146317,48.68564438,1.3180041,0.09108158,1415683,390,0
2897,2024-04-08,5796,5806.25,5782.75,5791.75,10:51:00,12:24:00,HOD_FIRST,10.25,13.25,0.1768461,0.22860594,23.5,3,0,5788.75,23.5,48.68564438,46.88666978,0.21053434,0.27215415,844792,390,0
2898,2024-04-09,5809.25,5811.75,5745.75,5797.5,09:33:00,10:54:00,HOD_FIRST,2.5,63.5,0.04303482,1.09308431,66,1,0,5791.75,66,46.88666978,48.25190765,0.05332006,1.3543295,1299045,390,0
2899,2024-04-10,5737.25,5764,5722.5,5742.75,10:39:00,13:09:00,HOD_FIRST,26.75,14.75,0.46625125,0.25709181,41.5,1,0,5797.5,75,48.25190765,50.16248568,0.55438223,0.3056874,1764388,390,0
2900,2024-04-11,5756.25,5795,5719.25,5780,14:37:00,10:18:00,LOD_FIRST,38.75,37,0.67318132,0.64277959,75.75,1,0,5742.75,75.75,50.16248568,51.99016527,0.77248963,0.737603,1293791,390,0
2901,2024-04-12,5741.75,5756.25,5687.5,5705.25,09:47:00,15:18:00,HOD_FIRST,14.5,54.25,0.25253625,0.94483389,68.75,1,0,5780,92.5,51.99016527,54.88372489,0.2788989,1.04346658,1526603,390,0
2902,2024-04-15,5748.75,5750.5,5631.5,5640.75,09:31:00,15:20:00,HOD_FIRST,1.75,117.25,0.0304414,2.03957382,119,3,0,5705.25,119,54.88372489,59.46345883,0.03188559,2.13633459,1696024,390,0
2903,2024-04-16,5644.5,5660.75,5616.25,5629.5,14:13:00,13:33:00,LOD_FIRST,16.25,28.25,0.28789087,0.5004872,44.5,1,0,5640.75,44.5,59.46345883,58.39464034,0.27327707,0.47508168,1596537,390,0
2904,2024-04-17,5655,5656.5,5584.5,5598.25,09:48:00,12:47:00,HOD_FIRST,1.5,70.5,0.0265252,1.24668435,72,1,0,5629.5,72,58.39464034,59.36645175,0.02568729,1.20730258,1538335,390,0
2905,2024-04-18,5611.25,5632.75,5576,5585.75,11:23:00,14:35:00,HOD_FIRST,21.5,35.25,0.38315883,0.62820227,56.75,1,0,5598.25,56.75,59.36645175,59.17956234,0.3621574,0.5937697,1345069,390,0
2906,2024-04-19,5584.75,5595.5,5528.75,5540.75,09:47:00,15:47:00,HOD_FIRST,10.75,56,0.19248847,1.00273065,66.75,1,0,5585.75,66.75,59.17956234,59.72030788,0.18165055,0.94627263,1594995,390,0
2907,2024-04-22,5567.75,5614.25,5543.5,5586,14:37:00,11:16:00,LOD_FIRST,46.5,24.25,0.83516681,0.43554398,70.75,3,0,5540.75,73.5,59.72030788,60.70457161,0.77862961,0.40605953,1231152,390,0
2908,2024-04-23,5607,5650.25,5601.25,5645.25,13:57:00,09:35:00,LOD_FIRST,43.25,5.75,0.77135723,0.10255038,49,1,0,5586,64.25,60.70457161,60.95781649,0.71246693,0.09472104,1046119,390,0
2909,2024-04-24,5654.25,5662.25,5619.5,5642.75,09:52:00,12:47:00,HOD_FIRST,8,34.75,0.14148649,0.61458195,42.75,1,0,5645.25,42.75,60.95781649,59.65725817,0.1312383,0.57006635,1137113,390,0
2910,2024-04-25,5577,5628.25,5559.75,5620.25,15:22:00,10:04:00,LOD_FIRST,51.25,17.25,0.91895284,0.30930608,68.5,1,0,5642.75,83,59.65725817,61.32459687,0.85907401,0.28915174,1368262,390,0
2911,2024-04-26,5648.5,5684,5642,5667,13:35:00,09:33:00,LOD_FIRST,35.5,6.5,0.62848544,0.1150748,42,1,0,5620.25,63.75,61.32459687,61.49783995,0.57888681,0.10599336,1058528,390,0
2912,2024-04-29,5684.75,5691.75,5656.25,5684.75,09:34:00,15:08:00,HOD_FIRST,7,28.5,0.12313646,0.50134131,35.5,3,0,5667,35.5,61.49783995,59.64085139,0.11382514,0.46343091,924321,390,0
2913,2024-04-30,5668.5,5678.75,5602.5,5602.5,09:46:00,16:00:00,HOD_FIRST,10.25,66,0.18082385,1.16432919,76.25,1,0,5684.75,82.25,59.64085139,61.25579057,0.17186207,1.10662404,1219834,390,0
2914,2024-05-01,5595.5,5664.25,5579.75,5583.5,15:03:00,12:02:00,LOD_FIRST,68.75,15.75,1.22866589,0.28147619,84.5,1,0,5602.5,84.5,61.25579057,62.91609125,1.12234287,0.25711855,1623879,390,0
2915,2024-05-02,5620.75,5638.25,5573.75,5629.25,15:11:00,10:10:00,LOD_FIRST,17.5,47,0.31134635,0.83618734,64.5,1,0,5583.5,64.5,62.91609125,63.02922758,0.27814824,0.7470267,1214638,390,0
2916,2024-05-03,5690.75,5704.25,5664.25,5691.75,10:01:00,11:11:00,HOD_FIRST,13.5,26.5,0.23722708,0.46566797,40,1,0,5629.25,75,63.02922758,63.88428276,0.21418635,0.42043987,1214822,390,0
2917,2024-05-06,5716,5745,5711.5,5744.5,16:00:00,09:33:00,LOD_FIRST,29,4.5,0.5073478,0.07872638,33.5,3,0,5691.75,53.25,63.88428276,63.12469113,0.45394577,0.07043986,766167,390,0
2918,2024-05-07,5753.75,5764.25,5743,5749.75,13:33:00,14:33:00,HOD_FIRST,10.5,10.75,0.18248968,0.18683467,21.25,1,0,5744.5,21.25,63.12469113,60.13364177,0.16633745,0.17029786,878686,390,0
2919,2024-05-08,5729.75,5754.75,5728.75,5749.25,10:50:00,09:31:00,LOD_FIRST,25,1,0.43631921,0.01745277,26,1,0,5749.75,26,60.13364177,57.6955245,0.41574066,0.01662963,765567,390,0
2920,2024-05-09,5748.75,5777.5,5741.75,5776.75,15:53:00,09:43:00,LOD_FIRST,28.75,7,0.50010872,0.1217656,35.75,1,0,5749.25,35.75,57.6955245,56.12798703,0.49830555,0.12132657,855771,390,0
2921,2024-05-10,5793,5801.5,5770.25,5782.75,09:50:00,11:45:00,HOD_FIRST,8.5,22.75,0.14672881,0.39271535,31.25,1,0,5776.75,31.25,56.12798703,54.35098796,0.1514396,0.40532364,870822,390,0
2922,2024-05-13,5799.5,5800.75,5770.75,5783.25,09:31:00,13:11:00,HOD_FIRST,1.25,28.75,0.02155358,0.49573239,30,3,0,5782.75,30,54.35098796,52.61163168,0.02299866,0.52896923,734045,390,0
2923,2024-05-14,5784.25,5811.75,5778.75,5806,15:56:00,13:16:00,LOD_FIRST,27.5,5.5,0.47542897,0.09508579,33,1,0,5783.25,33,52.61163168,51.21080084,0.5226981,0.10453962,933831,390,0
2924,2024-05-15,5831,5874.75,5824.25,5871,15:59:00,09:52:00,LOD_FIRST,43.75,6.75,0.75030012,0.11576059,50.5,1,0,5806,68.75,51.21080084,52.46360078,0.85431197,0.13180813,1026965,390,0
2925,2024-05-16,5869.75,5886.5,5856.25,5857.5,11:02:00,16:00:00,HOD_FIRST,16.75,13.5,0.28536139,0.22999276,30.25,1,0,5871,30.25,52.46360078,50.87691501,0.31926897,0.25732126,950418,390,0
2926,2024-05-17,5858.25,5866.25,5843.25,5865.25,16:00:00,14:24:00,LOD_FIRST,8,15,0.13655955,0.25604916,23,1,0,5857.5,23,50.87691501,48.8857068,0.15724224,0.2948292,805460,390,0
2927,2024-05-20,5865.5,5885.75,5861.25,5870.75,11:34:00,14:09:00,HOD_FIRST,20.25,4.25,0.34523911,0.07245759,24.5,3,0,5865.25,24.5,48.8857068,47.1438706,0.41423151,0.08693748,815837,390,0
2928,2024-05-21,5862,5885,5860,5883.5,15:36:00,09:32:00,LOD_FIRST,23,2,0.39235756,0.03411805,25,1,0,5870.75,25,47.1438706,45.56216555,0.4878683,0.04242333,769535,390,0
2929,2024-05-22,5875.5,5882.5,5844.25,5866.75,11:08:00,14:43:00,HOD_FIRST,7,31.25,0.1191388,0.53186963,38.25,1,0,5883.5,39.25,45.56216555,45.11129659,0.15363624,0.68587609,968629,390,0
2930,2024-05-23,5895,5895.75,5811,5823.75,09:31:00,15:13:00,HOD_FIRST,0.75,84,0.01272265,1.42493639,84.75,1,0,5866.75,84.75,45.11129659,47.94263254,0.01662555,1.86206131,1670103,390,0
2931,2024-05-24,5842,5866.75,5832.25,5859.25,11:16:00,09:55:00,LOD_FIRST,24.75,9.75,0.42365628,0.1668949,34.5,1,0,5823.75,43,47.94263254,47.58958736,0.51624199,0.20336806,970792,390,0
2932,2024-05-28,5866,5868.75,5834.25,5863,09:33:00,14:40:00,HOD_FIRST,2.75,31.75,0.04688033,0.54125469,34.5,4,0,5859.25,34.5,47.58958736,46.65461684,0.05778575,0.66716275,1025598,390,0
2933,2024-05-29,5819.5,5835.75,5816.25,5825,10:39:00,09:46:00,LOD_FIRST,16.25,3.25,0.27923361,0.05584672,19.5,1,0,5863,46.75,46.65461684,46.66142992,0.34830422,0.06966084,1074193,390,0
2934,2024-05-30,5807.25,5814.5,5775.75,5789,13:43:00,15:50:00,HOD_FIRST,7.25,31.5,0.12484395,0.54242542,38.75,1,0,5825,49.25,46.66142992,46.84632778,0.15537458,0.67507575,1102469,390,0
2935,2024-05-31,5795.25,5837,5743,5834.25,16:00:00,12:24:00,LOD_FIRST,41.75,52.25,0.72041758,0.90160045,94,1,0,5789,94,46.84632778,50.21444723,0.8912118,1.1153489,1823582,390,0
2936,2024-06-03,5849.75,5850.75,5784.25,5837,09:31:00,13:12:00,HOD_FIRST,1,65.5,0.01709475,1.11970597,66.5,3,0,5834.25,66.5,50.21444723,51.377701,0.01991459,1.30440548,1429884,390,0
2937,2024-06-04,5822.75,5849.75,5807,5841.5,14:49:00,12:03:00,LOD_FIRST,27,15.75,0.46369842,0.27049075,42.75,1,0,5837,42.75,51.377701,50.76143664,0.52551982,0.30655323,1333415,390,0
2938,2024-06-05,5865,5904.5,5844,5904,16:00:00,10:01:00,LOD_FIRST,39.5,21,0.67348679,0.35805627,60.5,1,0,5841.5,63,50.76143664,51.63561974,0.77814977,0.41369988,1070627,390,0
2939,2024-06-06,5906.75,5910.75,5882.75,5902.75,09:45:00,14:11:00,HOD_FIRST,4,24,0.06771913,0.40631481,28,1,0,5904,28,51.63561974,49.94736118,0.0774659,0.46479543,976802,390,0
2940,2024-06-07,5890,5923,5878.5,5893.5,13:25:00,09:35:00,LOD_FIRST,33,11.5,0.56027165,0.19524618,44.5,1,0,5902.75,44.5,49.94736118,49.55826396,0.66069556,0.23024239,1172089,390,0
2941,2024-06-10,5884.75,5913.25,5878.5,5910.25,15:16:00,09:47:00,LOD_FIRST,28.5,6.25,0.48430265,0.10620672,34.75,3,0,5893.5,34.75,49.55826396,48.50053082,0.57508068,0.12611418,919738,390,0
2942,2024-06-11,5893,5922.75,5872,5921.5,16:00:00,09:49:00,LOD_FIRST,29.75,21,0.50483625,0.356355,50.75,1,0,5910.25,50.75,48.50053082,48.66120719,0.61339535,0.43298495,1125068,390,0
2943,2024-06-12,5967.5,5992,5953.75,5964.25,15:22:00,15:43:00,HOD_FIRST,24.5,13.75,0.41055718,0.23041475,38.25,1,0,5921.5,70.5,48.66120719,50.22112096,0.50348114,0.28256595,1397953,390,0
2944,2024-06-13,5981.75,5983.25,5946,5974,16:00:00,12:31:00,LOD_FIRST,1.5,35.75,0.02507627,0.59765119,37.25,1,0,5964.25,37.25,50.22112096,49.29461232,0.02986791,0.71185189,1042364,390,0
2945,2024-06-14,5956.5,5976,5946,5974.75,16:00:00,10:39:00,LOD_FIRST,19.5,10.5,0.32737346,0.17627802,30,1,0,5974,30,49.29461232,47.91642573,0.39558076,0.21300502,779548,390,0
2946,2024-06-17,5967.25,6031.5,5962.25,6017.25,14:12:00,09:50:00,LOD_FIRST,64.25,5,1.07671038,0.08379069,69.25,3,0,5974.75,69.25,47.91642573,49.44025246,1.34087631,0.10434835,354628,390,0
2947,2024-06-18,6017.25,6032,6013.25,6031.25,13:51:00,11:14:00,LOD_FIRST,14.75,4,0.24512859,0.06647555,18.75,1,0,6017.25,18.75,49.44025246,47.24809157,0.2983399,0.08090574,785980,390,0
2948,2024-06-20,6040,6046.5,5995.25,6015,09:49:00,13:37:00,HOD_FIRST,6.5,44.75,0.10761589,0.74089404,51.25,2,0,6031.25,51.25,47.24809157,47.53394217,0.13757169,0.9471282,1201838,390,0
2949,2024-06-21,6004,6015.5,5988.75,6000,12:06:00,09:46:00,LOD_FIRST,11.5,15.25,0.19153897,0.25399734,26.75,1,0,6015,26.75,47.53394217,46.04937487,0.24193239,0.32082338,979414,390,0
2950,2024-06-24,6000.75,6028.25,5984.25,5984.25,10:10:00,16:00:00,HOD_FIRST,27.5,16.5,0.45827605,0.27496563,44,3,0,6000,44,46.04937487,45.90299095,0.59718509,0.35831105,1099381,390,0
2951,2024-06-25,5997,6009.5,5981.5,6005,16:00:00,13:05:00,LOD_FIRST,12.5,15.5,0.20843755,0.25846256,28,1,0,5984.25,28,45.90299095,44.62420589,0.27231341,0.33766863,860386,390,0
2952,2024-06-26,5992.75,6018.75,5986,6011.25,15:57:00,11:12:00,LOD_FIRST,26,6.75,0.43385758,0.1126361,32.75,1,0,6005,32.75,44.62420589,43.77604832,0.58264342,0.1512632,847041,390,0
2953,2024-06-27,6008.5,6024.75,5999.75,6017.75,10:16:00,14:20:00,HOD_FIRST,16.25,8.75,0.2704502,0.14562703,25,1,0,6011.25,25,43.77604832,42.43490201,0.37120756,0.19988099,955933,390,0
2954,2024-06-28,6022.5,6054.75,5980.5,5993,10:13:00,15:35:00,HOD_FIRST,32.25,42,0.53549191,0.69738481,74.25,1,0,6017.75,74.25,42.43490201,44.70740901,0.75998762,0.98975131,1398421,390,0
2955,2024-07-01,6006.75,6009.25,5974.25,6003.5,15:57:00,10:56:00,LOD_FIRST,2.5,32.5,0.04161984,0.54105798,35,3,0,5993,35,44.70740901,44.01402265,0.05591914,0.72694886,1110346,390,0
2956,2024-07-02,5985.75,6039.5,5984.75,6039.25,16:00:00,09:31:00,LOD_FIRST,53.75,1,0.897966,0.01670634,54.75,1,0,6003.5,54.75,44.01402265,44.78087818,1.22120172,0.02272003,990207,390,0
2957,2024-07-05,6062,6095.75,6055.25,6091.75,15:56:00,10:12:00,LOD_FIRST,33.75,6.75,0.55674695,0.11134939,40.5,3,0,6039.25,56.5,44.78087818,45.61795831,0.7536699,0.15073398,812952,390,0
2958,2024-07-08,6098.75,6107.25,6085,6097.25,09:52:00,14:47:00,HOD_FIRST,8.5,13.75,0.13937282,0.22545604,22.25,3,0,6091.75,22.25,45.61795831,43.94881843,0.18633013,0.30141638,730512,390,0
2959,2024-07-09,6105.75,6115.5,6098,6101.5,13:04:00,15:23:00,HOD_FIRST,9.75,7.75,0.15968554,0.12692953,17.5,1,0,6097.25,18.25,43.94881843,42.11318854,0.22184897,0.17634149,837743,390,0
2960,2024-07-10,6113,6160.25,6110,6156,16:00:00,11:02:00,LOD_FIRST,47.25,3,0.77294291,0.04907574,50.25,1,0,6101.5,58.75,42.11318854,43.30153222,1.12197631,0.07123659,909441,390,0
2961,2024-07-11,6156.25,6165.5,6099.75,6105.75,10:07:00,13:47:00,HOD_FIRST,9.25,56.5,0.15025381,0.9177665,65.75,1,0,6156,65.75,43.30153222,44.9049942,0.21361831,1.30480371,1575795,390,0
2962,2024-07-12,6115.75,6178,6112.25,6140,13:57:00,09:31:00,LOD_FIRST,62.25,3.5,1.01786371,0.05722929,65.75,1,0,6105.75,72.25,44.9049942,46.8582089,1.38626006,0.07794233,1333702,390,0
2963,2024-07-15,6160.25,6188.5,6135.75,6155.25,11:25:00,15:53:00,HOD_FIRST,28.25,24.5,0.45858528,0.39771113,52.75,3,0,6140,52.75,46.8582089,47.27905112,0.60288263,0.52285396,1415209,390,0
2964,2024-07-16,6168,6191,6160,6187.5,15:56:00,10:10:00,LOD_FIRST,23,8,0.37289235,0.12970169,31,1,0,6155.25,35.75,47.27905112,46.45554747,0.48647338,0.16920813,1212558,390,0
2965,2024-07-17,6125,6142.5,6103,6107,09:55:00,13:17:00,HOD_FIRST,17.5,22,0.28571429,0.35918367,39.5,1,0,6187.5,84.5,46.45554747,49.17300837,0.3767042,0.473571,1606236,390,0
2966,2024-07-18,6121.5,6131.5,6040,6063,10:17:00,15:15:00,HOD_FIRST,10,81.5,0.16335865,1.33137303,91.5,1,0,6107,91.5,49.17300837,52.19636491,0.2033636,1.65741334,2119023,390,0
2967,2024-07-19,6057,6074.5,6011.75,6023.5,09:42:00,13:24:00,HOD_FIRST,17.5,45.25,0.28892191,0.74706951,62.75,1,0,6063,62.75,52.19636491,52.95019599,0.33527239,0.86691861,1656461,390,0
2968,2024-07-22,6063.25,6085.75,6042.5,6079.25,14:39:00,11:42:00,LOD_FIRST,22.5,20.75,0.37108811,0.3422257,43.25,3,0,6023.5,62.25,52.95019599,53.6144677,0.42492761,0.39187768,1333584,390,0
2969,2024-07-23,6077.25,6099.5,6064.25,6068.5,11:20:00,15:57:00,HOD_FIRST,22.25,13,0.36611954,0.21391254,35.25,1,0,6079.25,35.25,53.6144677,52.30272001,0.41499992,0.24247187,1080091,390,0
2970,2024-07-24,6018.25,6021.5,5931.75,5941.5,09:32:00,15:56:00,HOD_FIRST,3.25,86.5,0.05400241,1.43729489,89.75,1,0,6068.5,136.75,52.30272001,58.33466858,0.06213826,1.65383368,1685198,390,0
2971,2024-07-25,5941.5,6003,5902.25,5911,13:11:00,10:14:00,LOD_FIRST,61.5,39.25,1.03509215,0.66060759,100.75,1,0,5941.5,100.75,58.33466858,61.36433511,1.05426158,0.67284174,2230643,390,0
2972,2024-07-26,5948.25,5998,5939.75,5969,13:30:00,09:31:00,LOD_FIRST,49.75,8.5,0.83638045,0.14289917,58.25,1,0,5911,87,61.36433511,63.19545403,0.81073151,0.13851694,1614289,390,0
2973,2024-07-29,5984,5995,5950.75,5972.75,13:14:00,11:35:00,LOD_FIRST,11,33.25,0.18382353,0.5556484,44.25,3,0,5969,44.25,63.19545403,61.84220732,0.17406315,0.52614544,1405062,390,0
2974,2024-07-30,5986,5997.25,5907.75,5942.5,09:43:00,13:03:00,HOD_FIRST,11.25,78.25,0.18793852,1.30721684,89.5,1,0,5972.75,89.5,61.84220732,63.81776394,0.18191459,1.26531706,1698706,390,0
2975,2024-07-31,6013,6058.25,5998.5,6026.25,14:52:00,09:45:00,LOD_FIRST,45.25,14.5,0.75253617,0.24114419,59.75,1,0,5942.5,115.75,63.81776394,67.52720937,0.70905023,0.22720946,1614852,390,0
2976,2024-08-01,6047.75,6070.5,5914.5,5950.5,09:46:00,14:50:00,HOD_FIRST,22.75,133.25,0.37617296,2.20329875,156,1,0,6026.25,156,67.52720937,73.84669441,0.33690123,1.97327864,2242151,390,0
2977,2024-08-02,5874.25,5887,5801.5,5846,09:42:00,11:23:00,HOD_FIRST,12.75,72.75,0.21704898,1.23845597,85.5,1,0,5950.5,149,73.84669441,79.21478767,0.17265499,0.98514904,2471907,390,0
2978,2024-08-05,5629.25,5749.25,5615.75,5688.5,12:30:00,09:31:00,LOD_FIRST,120,13.5,2.1317227,0.2398188,133.5,3,0,5846,230.25,79.21478767,90.00301712,1.51486867,0.17042273,2186946,390,0
2979,2024-08-06,5705,5811.75,5691.5,5734.5,14:50:00,09:47:00,LOD_FIRST,106.75,13.5,1.87116564,0.23663453,120.25,1,0,5688.5,123.25,90.00301712,92.37780161,1.18607135,0.14999497,1557527,390,0
2980,2024-08-07,5797.5,5829,5692,5698.5,10:02:00,15:57:00,HOD_FIRST,31.5,105.5,0.54333765,1.81974989,137,1,0,5734.5,137,92.37780161,95.5651015,0.34099101,1.14204926,1684000,390,0
2981,2024-08-08,5750.5,5825.25,5729.5,5818,14:21:00,09:52:00,LOD_FIRST,74.75,21,1.29988697,0.36518564,95.75,1,0,5698.5,126.75,95.5651015,97.79259425,0.7821893,0.21974549,1357622,390,0
2982,2024-08-09,5807.25,5855,5794.5,5838.25,13:31:00,09:52:00,LOD_FIRST,47.75,12.75,0.82224805,0.21955314,60.5,1,0,5818,60.5,97.79259425,95.12883752,0.48827828,0.13037797,1060343,390,0
2983,2024-08-12,5850.75,5866.5,5817.5,5841.5,11:05:00,09:59:00,LOD_FIRST,15.75,33.25,0.26919626,0.56830321,49,3,0,5838.25,49,95.12883752,91.83392055,0.16556494,0.34952598,988223,390,0
2984,2024-08-13,5873.25,5931,5871.25,5928.5,16:00:00,09:31:00,LOD_FIRST,57.75,2,0.98327161,0.0340527,59.75,1,0,5841.5,89.5,91.83392055,91.66721194,0.6288526,0.02177845,927315,390,0
2985,2024-08-14,5936,5957.5,5908.5,5945,12:08:00,10:36:00,LOD_FIRST,21.5,27.5,0.36219677,0.46327493,49,1,0,5928.5,49,91.66721194,88.61955394,0.23454406,0.29999822,987261,390,0
2986,2024-08-15,6002.25,6041.5,5996,6038.25,15:36:00,10:11:00,LOD_FIRST,39.25,6.25,0.65392145,0.10412762,45.5,1,0,5945,96.5,88.61955394,89.18244295,0.44290451,0.0705262,1008912,390,0
2987,2024-08-16,6019.25,6056,6017.25,6048,12:59:00,09:32:00,LOD_FIRST,36.75,2,0.61054118,0.03322673,38.75,1,0,6038.25,38.75,89.18244295,85.5801256,0.41207662,0.02242594,769558,390,0
2988,2024-08-19,6052,6101,6043.25,6100.75,16:00:00,10:20:00,LOD_FIRST,49,8.75,0.8096497,0.1445803,57.75,3,0,6048,57.75,85.5801256,83.59225948,0.57256284,0.10224336,723019,390,0
2989,2024-08-20,6095.75,6113.5,6077.5,6090.75,09:58:00,13:01:00,HOD_FIRST,17.75,18.25,0.29118648,0.29938892,36,1,0,6100.75,36,83.59225948,80.19281238,0.21234023,0.21832165,814626,390,0
2990,2024-08-21,6101,6125,6083.25,6110,10:45:00,12:04:00,HOD_FIRST,24,17.75,0.39337813,0.29093591,41.75,1,0,6090.75,41.75,80.19281238,77.44689721,0.29927869,0.22134153,876371,390,0
2991,2024-08-22,6128.5,6135,6052.5,6065,09:46:00,15:58:00,HOD_FIRST,6.5,76,0.10606184,1.24010769,82.5,1,0,6110,82.5,77.44689721,77.80783312,0.08392848,0.98131756,1167160,390,0
2992,2024-08-23,6095.75,6132,6072.75,6121,10:14:00,12:47:00,HOD_FIRST,36.25,23,0.59467662,0.37731206,59.25,1,0,6065,67,77.80783312,77.03584504,0.4658914,0.29560006,1185764,390,0
2993,2024-08-26,6130.75,6138.75,6089.5,6107,09:34:00,14:10:00,HOD_FIRST,8,41.25,0.13048974,0.67283774,49.25,3,0,6121,49.25,77.03584504,75.05114182,0.10384776,0.53546502,897968,390,0
2994,2024-08-27,6093,6119.25,6081.25,6113.5,11:09:00,09:41:00,LOD_FIRST,26.25,11.75,0.43082226,0.19284425,38,1,0,6107,38,75.05114182,72.40463169,0.3497615,0.15655991,789695,390,0
2995,2024-08-28,6109.75,6114.25,6047.25,6081.25,09:31:00,14:01:00,HOD_FIRST,4.5,62.5,0.07365277,1.02295511,67,1,0,6113.5,67,72.40463169,72.01858657,0.06215072,0.86320445,1058102,390,0
2996,2024-08-29,6100.25,6133.5,6067.75,6080,12:49:00,14:49:00,HOD_FIRST,33.25,32.5,0.54505963,0.53276505,65.75,1,0,6081.25,65.75,72.01858657,71.57083039,0.46168637,0.45127239,1237818,390,0
2997,2024-08-30,6101,6134.75,6064,6128,16:00:00,12:38:00,LOD_FIRST,33.75,37,0.553188,0.60645796,70.75,1,0,6080,70.75,71.57083039,71.51219965,0.47156083,0.51697039,1221262,390,0
2998,2024-09-03,6096,6099.75,5986.5,6013,09:32:00,15:48:00,HOD_FIRST,3.75,109.5,0.06151575,1.79625984,113.25,4,0,6128,141.5,71.51219965,76.51132824,0.05243861,1.53120727,1424497,390,0
2999,2024-09-04,5992.5,6034.75,5984.75,5997.75,11:07:00,15:11:00,HOD_FIRST,42.25,7.75,0.70504798,0.12932833,50,1,0,6013,50,76.51132824,74.61766194,0.55220581,0.10129219,1330443,390,0
3000,2024-09-05,5998,6027,5959.75,5984.75,10:28:00,12:17:00,HOD_FIRST,29,38.25,0.4834945,0.63771257,67.25,1,0,5997.75,67.25,74.61766194,74.09140037,0.38864793,0.51261322,1361344,390,0
3001,2024-09-06,5985.25,6002.25,5880,5890.25,09:36:00,14:27:00,HOD_FIRST,17,105.25,0.28403158,1.75848962,122.25,1,0,5984.75,122.25,74.09140037,77.53130035,0.22944633,1.42054273,1774209,390,0
3002,2024-09-09,5931.75,5962.75,5912.25,5949.25,13:09:00,11:16:00,LOD_FIRST,31,19.5,0.52261137,0.32873941,50.5,3,0,5890.25,72.5,77.53130035,77.17192175,0.39983852,0.25151132,1205943,390,0
3003,2024-09-10,5968,5975.75,5918,5971.75,16:00:00,12:04:00,LOD_FIRST,7.75,50,0.12985925,0.83780161,57.75,1,0,5949.25,57.75,77.17192175,75.78464162,0.10042513,0.64790404,1189802,390,0
3004,2024-09-11,5970.25,6037.25,5881.75,6026.5,16:00:00,10:48:00,LOD_FIRST,67,88.5,1.12223106,1.48234999,155.5,1,0,5971.75,155.5,75.78464162,81.47859579,0.88408414,1.16778279,1778463,390,0
3005,2024-09-12,6032.5,6076.75,6010,6073.25,14:38:00,09:51:00,LOD_FIRST,44.25,22.5,0.73352673,0.37297969,66.75,1,0,6026.5,66.75,81.47859579,80.42655324,0.54308742,0.27614614,1233410,390,0
3006,2024-09-13,6077.5,6111.25,6074.75,6099.75,13:40:00,09:31:00,LOD_FIRST,33.75,2.75,0.55532703,0.04524887,36.5,1,0,6073.25,38,80.42655324,77.39608515,0.41963753,0.03419269,865156,390,0
3007,2024-09-16,6097.5,6111.25,6079,6108.75,15:58:00,10:35:00,LOD_FIRST,13.75,18.5,0.22550226,0.30340303,32.25,3,0,6099.75,32.25,77.39608515,74.17136478,0.17765756,0.23903018,365541,390,0
3008,2024-09-17,6130.75,6145.75,6086.5,6110.75,10:48:00,13:46:00,HOD_FIRST,15,44.25,0.24466827,0.7217714,59.25,1,0,6108.75,59.25,74.17136478,73.10555301,0.20223438,0.59659142,956897,390,0
3009,2024-09-18,6116,6164.5,6084,6089.5,14:02:00,15:49:00,HOD_FIRST,48.5,32,0.79300196,0.52321779,80.5,1,0,6110.75,80.5,73.10555301,73.6337278,0.6634243,0.43772325,1279597,390,0
3010,2024-09-19,6187,6206.25,6157,6186.75,13:47:00,09:53:00,LOD_FIRST,19.25,30,0.31113625,0.48488767,49.25,1,0,6089.5,116.75,73.6337278,76.71346153,0.26142911,0.40742199,1138625,390,0
3011,2024-09-20,6169.25,6183.75,6142.25,6171.75,15:39:00,11:17:00,LOD_FIRST,14.5,27,0.23503667,0.4376545,41.5,1,0,6186.75,44.5,76.71346153,74.41249999,0.18901507,0.35195909,1148724,390,0
3012,2024-09-23,6183.25,6193.25,6169.75,6185,10:24:00,13:02:00,HOD_FIRST,10,13.5,0.16172725,0.21833178,23.5,3,0,6171.75,23.5,74.41249999,70.77589285,0.13438602,0.18142113,816231,390,0
3013,2024-09-24,6193,6203,6163.5,6201.75,16:00:00,10:41:00,LOD_FIRST,10,29.5,0.16147263,0.47634426,39.5,1,0,6185,39.5,70.77589285,68.5419005,0.14129105,0.41680859,902303,390,0
3014,2024-09-25,6199.25,6207.5,6176.75,6188.25,10:08:00,13:36:00,HOD_FIRST,8.25,22.5,0.13308061,0.36294713,30.75,1,0,6201.75,30.75,68.5419005,65.84247904,0.12036433,0.32826636,797702,390,0
3015,2024-09-26,6232.5,6236,6187,6211.75,09:31:00,13:20:00,HOD_FIRST,3.5,45.5,0.05615724,0.73004412,49,1,0,6188.25,49,65.84247904,64.63944482,0.05315717,0.69104324,1024696,390,0
3016,2024-09-27,6220.25,6230.25,6190.75,6199.75,10:29:00,14:32:00,HOD_FIRST,10,29.5,0.16076524,0.47425747,39.5,1,0,6211.75,39.5,64.63944482,62.84377019,0.1547043,0.45637768,938792,390,0
3017,2024-09-30,6189,6229,6165,6224.75,15:58:00,14:25:00,LOD_FIRST,40,24,0.64630797,0.38778478,64,3,0,6199.75,64,62.84377019,62.92635803,0.63649905,0.38189943,1083250,390,0
3018,2024-10-01,6217.25,6218.25,6141.75,6169.25,09:31:00,11:18:00,HOD_FIRST,1,75.5,0.01608428,1.21436326,76.5,1,0,6224.75,83,62.92635803,64.3601896,0.01589159,1.19981519,1644937,390,0
3019,2024-10-02,6158.5,6181,6132.75,6169.5,11:46:00,09:46:00,LOD_FIRST,22.5,25.75,0.36534871,0.4181213,48.25,1,0,6169.25,48.25,64.3601896,63.20946177,0.34959499,0.40009205,935352,390,0
3020,2024-10-03,6153.25,6178.75,6134.5,6157.75,10:12:00,13:02:00,HOD_FIRST,25.5,18.75,0.41441515,0.30471702,44.25,1,0,6169.5,44.25,63.20946177,61.8552145,0.40342062,0.29663281,1104283,390,0
3021,2024-10-04,6202.25,6213.5,6158.25,6208.5,15:58:00,10:32:00,LOD_FIRST,11.25,44,0.18138579,0.70941997,55.25,1,0,6157.75,55.75,61.8552145,61.41912775,0.18187634,0.71133857,1067786,390,0
3022,2024-10-07,6190.5,6197.5,6143,6155.75,10:17:00,15:00:00,HOD_FIRST,7,47.5,0.11307649,0.76730474,54.5,3,0,6208.5,65.5,61.41912775,61.71061863,0.11397101,0.77337471,892112,390,0
3023,2024-10-08,6181.25,6215.5,6172.5,6209.5,15:54:00,09:41:00,LOD_FIRST,34.25,8.75,0.55409505,0.14155713,43,1,0,6155.75,59.75,61.71061863,61.57057444,0.55500983,0.14179083,792309,390,0
3024,2024-10-09,6208.25,6255.25,6202.5,6248.5,15:53:00,09:38:00,LOD_FIRST,47,5.75,0.75705714,0.09261869,52.75,1,0,6209.5,52.75,61.57057444,60.94053341,0.76335166,0.09338877,866038,390,0
3025,2024-10-10,6234.25,6252,6220.25,6237.5,12:18:00,14:44:00,HOD_FIRST,17.75,14,0.28471749,0.22456591,31.75,1,0,6248.5,31.75,60.94053341,58.85549531,0.29126755,0.22973215,795923,390,0
3026,2024-10-11,6233,6277,6232,6268.25,15:16:00,09:31:00,LOD_FIRST,44,1,0.7059201,0.01604364,45,1,0,6237.5,45,58.85549531,57.86581707,0.74759374,0.01699077,781514,390,0
3027,2024-10-14,6285.25,6327.25,6281.75,6318,15:50:00,09:31:00,LOD_FIRST,42,3.5,0.66823118,0.05568593,45.5,3,0,6268.25,59,57.86581707,57.94683014,0.72581711,0.06048476,680193,390,0
3028,2024-10-15,6319.75,6322.75,6258.75,6271.75,09:31:00,15:37:00,HOD_FIRST,3,61,0.04747023,0.96522805,64,1,0,6318,64,57.94683014,58.37919941,0.0517716,1.05268916,1091588,390,0
3029,2024-10-16,6270.5,6301.5,6262,6294.75,14:32:00,09:47:00,LOD_FIRST,31,8.5,0.49437844,0.13555538,39.5,1,0,6271.75,39.5,58.37919941,57.03068517,0.53101105,0.1455998,705721,390,0
3030,2024-10-17,6331.75,6333.75,6293.5,6295,09:31:00,15:53:00,HOD_FIRST,2,38.25,0.03158684,0.60409839,40.25,1,0,6294.75,40.25,57.03068517,55.8320648,0.03506884,0.67069157,912480,390,0
3031,2024-10-18,6310.25,6324.25,6295.25,6315,14:27:00,09:35:00,LOD_FIRST,14,15,0.22186126,0.23770849,29,1,0,6295,29.25,55.8320648,53.93334589,0.25075197,0.26866282,674257,390,0
3032,2024-10-21,6307.25,6317.25,6273.75,6305.75,10:18:00,11:31:00,HOD_FIRST,10,33.5,0.1585477,0.53113481,43.5,3,0,6315,43.5,53.93334589,53.18810689,0.18541405,0.62113706,832653,390,0
3033,2024-10-22,6278,6313,6271,6301.25,14:04:00,09:32:00,LOD_FIRST,35,7,0.55750239,0.11150048,42,1,0,6305.75,42,53.18810689,52.3889564,0.65804185,0.13160837,753380,390,0
3034,2024-10-23,6279,6283.5,6209.75,6246,09:31:00,14:20:00,HOD_FIRST,4.5,69.25,0.07166746,1.10288262,73.75,1,0,6301.25,91.5,52.3889564,55.18260237,0.08589597,1.32184347,1187603,390,0
3035,2024-10-24,6265.75,6266.5,6231.25,6257.75,09:31:00,12:14:00,HOD_FIRST,0.75,34.5,0.01196984,0.55061246,35.25,1,0,6246,35.25,55.18260237,53.75884506,0.01359124,0.62519705,916411,390,0
3036,2024-10-25,6278.75,6309.5,6243.75,6254.25,10:24:00,14:11:00,HOD_FIRST,30.75,35,0.48974716,0.5574358,65.75,1,0,6257.75,65.75,53.75884506,54.61535613,0.5719989,0.65105565,1102996,390,0
3037,2024-10-28,6288.5,6289.5,6268.25,6271.5,09:31:00,15:56:00,HOD_FIRST,1,20.25,0.01590204,0.32201638,21.25,3,0,6254.25,35.25,54.61535613,53.2321164,0.01830987,0.37077484,724186,390,0
3038,2024-10-29,6260.75,6292,6246.25,6280.5,15:30:00,09:40:00,LOD_FIRST,31.25,14.5,0.49914148,0.23160165,45.75,1,0,6271.5,45.75,53.2321164,52.69767952,0.58705162,0.27239195,870547,390,0
3039,2024-10-30,6275,6295.5,6254.25,6261.75,11:52:00,09:44:00,LOD_FIRST,20.5,20.75,0.32669323,0.33067729,41.25,1,0,6280.5,41.25,52.69767952,51.87998812,0.38901144,0.39375548,967803,390,0
3040,2024-10-31,6216,6216,6143.25,6144.25,09:31:00,16:00:00,HOD_FIRST,0,72.75,0,1.1703668,72.75,1,0,6261.75,118.5,51.87998812,56.6385604,0,1.4022748,1443857,390,0
3041,2024-11-01,6169.5,6212.5,6161.25,6165.5,10:31:00,15:55:00,HOD_FIRST,43,8.25,0.69697706,0.13372234,51.25,1,0,6144.25,68.25,56.6385604,57.46794894,0.75920009,0.14566048,1208435,390,0
3042,2024-11-04,6166.5,6180.25,6133,6153,10:25:00,12:10:00,HOD_FIRST,13.75,33.5,0.222979,0.54325793,47.25,3,0,6165.5,47.25,57.46794894,56.73809545,0.2392638,0.58293363,1020335,390,0
3043,2024-11-05,6161.75,6222.25,6159.25,6221.75,16:00:00,09:31:00,LOD_FIRST,60.5,2.5,0.98186392,0.04057289,63,1,0,6153,69.25,56.73809545,57.63180292,1.06630298,0.04406211,929772,390,0
3044,2024-11-06,6347.75,6375.75,6309.5,6366.25,15:50:00,09:59:00,LOD_FIRST,28,38.25,0.44110118,0.60257572,66.25,1,0,6221.75,154,57.63180292,64.51524556,0.48584286,0.66369605,1214594,390,0
3045,2024-11-07,6385.75,6421.75,6384.75,6411.25,15:22:00,09:35:00,LOD_FIRST,36,1,0.56375524,0.01565987,37,1,0,6366.25,55.5,64.51524556,63.87129945,0.55800764,0.01550021,933710,390,0
3046,2024-11-08,6413.5,6449.25,6413.5,6435.75,14:41:00,09:31:00,LOD_FIRST,35.75,0,0.55741795,0,35.75,1,0,6411.25,38,63.87129945,62.02334949,0.55971932,0,834966,390,0
3047,2024-11-11,6450.75,6454,6422.25,6441,09:41:00,13:23:00,HOD_FIRST,3.25,28.5,0.05038174,0.44180909,31.75,3,0,6435.75,31.75,62.02334949,59.86096739,0.05239962,0.45950437,785400,390,0
3048,2024-11-12,6439.25,6445.25,6395.5,6421.25,09:39:00,13:02:00,HOD_FIRST,6,43.75,0.09317855,0.67942695,49.75,1,0,6441,49.75,59.86096739,59.13875543,0.10023226,0.73086022,1060339,390,0
3049,2024-11-13,6424.75,6444,6400.5,6424.5,13:04:00,10:08:00,LOD_FIRST,19.25,24.25,0.29962255,0.37744659,43.5,1,0,6421.25,43.5,59.13875543,58.02170147,0.32550567,0.41005259,1067883,390,0
3050,2024-11-14,6424,6429.25,6377.5,6385.5,09:31:00,15:50:00,HOD_FIRST,5.25,46.5,0.08172478,0.72384807,51.75,1,0,6424.5,51.75,58.02170147,57.57372279,0.09048339,0.80142427,1212869,390,0
3051,2024-11-15,6345.5,6350.5,6285.5,6305.75,09:32:00,13:59:00,HOD_FIRST,5,60,0.078796,0.94555197,65,1,0,6385.5,100,57.57372279,60.60417117,0.08684517,1.04214209,1471519,390,0
3052,2024-11-18,6309,6341.75,6300,6329,11:45:00,09:34:00,LOD_FIRST,32.75,9,0.5190997,0.14265335,41.75,3,0,6305.75,41.75,60.60417117,59.25744465,0.54039185,0.14850463,987273,390,0
3053,2024-11-19,6292.5,6356.25,6285,6347.75,13:58:00,09:52:00,LOD_FIRST,63.75,7.5,1.01311085,0.11918951,71.25,1,0,6329,71.25,59.25744465,60.11405575,1.07581419,0.12656638,1110000,390,0
3054,2024-11-20,6347.5,6351.5,6288.75,6348,15:51:00,10:21:00,LOD_FIRST,4,58.75,0.06301694,0.92556124,62.75,1,0,6347.75,62.75,60.11405575,60.30233748,0.06654018,0.97730887,1225832,390,0
3055,2024-11-21,6376.5,6393.75,6316,6378.75,15:13:00,10:31:00,LOD_FIRST,17.25,60.5,0.27052458,0.94879636,77.75,1,0,6348,77.75,60.30233748,61.54859909,0.28605856,1.00327786,1395730,390,0
3056,2024-11-22,6377,6402.25,6371.5,6394.75,13:12:00,10:29:00,LOD_FIRST,25.25,5.5,0.39595421,0.08624745,30.75,1,0,6378.75,30.75,61.54859909,59.34869916,0.41024492,0.08936028,1189330,390,0
3057,2024-11-25,6435.5,6448.75,6391.25,6414.25,09:43:00,12:47:00,HOD_FIRST,13.25,44.25,0.20588921,0.68759226,57.5,3,0,6394.75,57.5,59.34869916,59.21664922,0.22325679,0.74559343,1247497,390,0
3058,2024-11-26,6427.25,6452.75,6420,6445.75,15:51:00,10:20:00,LOD_FIRST,25.5,7.25,0.39674822,0.11280096,32.75,1,0,6414.25,38.5,59.21664922,57.73688856,0.43062214,0.12243178,909045,390,0
3059,2024-11-27,6441.75,6445.75,6409,6424.5,09:34:00,12:09:00,HOD_FIRST,4,32.75,0.06209493,0.50840222,36.75,1,0,6445.75,36.75,57.73688856,56.23782509,0.0692798,0.56722835,885917,390,0
3060,2024-12-02,6464,6477.25,6458.5,6470.75,15:30:00,09:59:00,LOD_FIRST,13.25,5.5,0.20498144,0.08508663,18.75,5,0,6424.5,52.75,56.23782509,55.98869473,0.23560655,0.09779895,718615,390,0
3061,2024-12-03,6467.25,6474.75,6456.25,6471.5,14:56:00,10:54:00,LOD_FIRST,7.5,11,0.11596892,0.17008775,18.5,1,0,6470.75,18.5,55.98869473,53.31093082,0.13395561,0.19646823,719341,390,0
3062,2024-12-04,6488.75,6511,6481.25,6507.75,15:51:00,10:17:00,LOD_FIRST,22.25,7.5,0.34290118,0.11558467,29.75,1,0,6471.5,39.5,53.31093082,52.32443576,0.41736281,0.14068409,826138,390,0
3063,2024-12-05,6507.5,6516,6494.25,6497.5,12:54:00,15:58:00,HOD_FIRST,8.5,13.25,0.13061852,0.20361122,21.75,1,0,6507.75,21.75,52.32443576,50.14054749,0.162448,0.25322777,875908,390,0
3064,2024-12-06,6503.25,6519.75,6498.75,6507.25,10:00:00,14:31:00,HOD_FIRST,16.5,4.5,0.25371929,0.06919617,21,1,0,6497.5,22.25,50.14054749,48.14836553,0.32907499,0.08974772,868536,390,0
3065,2024-12-09,6504.75,6506.5,6468.75,6474.5,09:34:00,15:56:00,HOD_FIRST,1.75,36,0.02690342,0.55344172,37.75,3,0,6507.25,38.5,48.14836553,47.45919656,0.03634599,0.74768893,1070993,390,0
3066,2024-12-10,6480.5,6484,6448.5,6456.25,10:46:00,15:33:00,HOD_FIRST,3.5,32,0.05400818,0.49378906,35.5,1,0,6474.5,35.5,47.45919656,46.60496823,0.07374756,0.67426342,1048920,390,0
3067,2024-12-11,6484.25,6511.25,6481.25,6501,13:03:00,09:31:00,LOD_FIRST,27,3,0.41639357,0.04626595,30,1,0,6456.25,55,46.60496823,47.20461336,0.57933738,0.06437082,927306,390,0
3068,2024-12-12,6491,6496.5,6468.25,6468.5,11:12:00,16:00:00,HOD_FIRST,5.5,22.75,0.08473271,0.35048529,28.25,1,0,6501,32.75,47.20461336,46.17214098,0.11651404,0.48194442,1072177,390,0
3069,2024-12-13,6486,6493.5,6450,6464.5,09:48:00,13:01:00,HOD_FIRST,7.5,36,0.11563367,0.55504163,43.5,1,0,6468.5,43.5,46.17214098,45.98127376,0.16243561,0.77969094,978249,390,0
3070,2024-12-16,6481.25,6499.25,6473.5,6488.75,13:31:00,10:23:00,LOD_FIRST,18,7.75,0.2777242,0.1195757,25.75,3,0,6464.5,34.75,45.98127376,45.17903992,0.39146371,0.16854687,356575,390,0
3071,2024-12-17,6463,6473.75,6449.75,6463.25,11:51:00,15:25:00,HOD_FIRST,10.75,13.25,0.16633143,0.20501315,24,1,0,6488.75,39,45.17903992,44.73767993,0.2379422,0.29327759,940209,390,0
3072,2024-12-18,6459.5,6483.5,6270.25,6274.75,10:50:00,16:00:00,HOD_FIRST,24,189.25,0.37154579,2.92979333,213.25,1,0,6463.25,213.25,44.73767993,56.77427422,0.53646054,4.23021489,1783646,390,0
3073,2024-12-19,6324.25,6340.75,6267.25,6269.75,09:36:00,16:00:00,HOD_FIRST,16.5,57,0.2609005,0.90129264,73.5,1,0,6274.75,73.5,56.77427422,57.96896892,0.29062459,1.00397585,1621661,390,0
3074,2024-12-20,6242.75,6386.25,6233.75,6337.75,12:29:00,09:51:00,LOD_FIRST,143.5,9,2.29866645,0.14416723,152.5,1,0,6269.75,152.5,57.96896892,64.72118542,2.47546235,0.15525548,1602326,390,0
3075,2024-12-23,6334.25,6378.5,6300.5,6372.25,15:56:00,10:12:00,LOD_FIRST,44.25,33.75,0.6985831,0.53281762,78,3,0,6337.75,78,64.72118542,65.66967218,0.68370194,0.52146758,1045358,390,0
3076,2024-12-26,6414.75,6443,6398.75,6430.25,12:19:00,09:55:00,LOD_FIRST,28.25,16,0.44039129,0.24942515,44.25,3,0,6372.25,70.75,65.66967218,66.03255274,0.43018336,0.24364367,690116,390,0
3077,2024-12-27,6388,6391,6318.25,6364,09:31:00,12:39:00,HOD_FIRST,3,69.75,0.04696306,1.09189105,72.75,1,0,6430.25,112,66.03255274,69.31594183,0.04543214,1.05629719,1348172,390,0
3078,2024-12-30,6290.75,6328.75,6253.75,6293.5,13:17:00,10:25:00,LOD_FIRST,38,37,0.60406152,0.58816516,75,3,0,6364,110.25,69.31594183,72.23980313,0.54821444,0.53378774,1212897,390,0
3079,2024-12-31,6308,6315.75,6252.75,6270.5,10:03:00,14:44:00,HOD_FIRST,7.75,55.25,0.12285986,0.87587191,63,1,0,6293.5,63,72.23980313,71.57981719,0.10728158,0.76481382,1087512,390,0
3080,2025-01-02,6303.25,6320.5,6210.25,6252.75,10:07:00,13:55:00,HOD_FIRST,17.25,93,0.27366835,1.47542934,110.25,2,0,6270.5,110.25,71.57981719,74.3419731,0.24098972,1.29924892,1454079,390,0
3081,2025-01-03,6280.5,6332.25,6269.5,6323.5,14:40:00,10:22:00,LOD_FIRST,51.75,11,0.82397898,0.17514529,62.75,1,0,6252.75,79.5,74.3419731,74.7104036,0.69610743,0.14796486,965464,390,0
3082,2025-01-06,6368.25,6403.75,6339.5,6358,11:33:00,15:51:00,HOD_FIRST,35.5,28.75,0.55745299,0.45145841,64.25,3,0,6323.5,80.25,74.7104036,75.10608905,0.47516809,0.38481923,1151200,390,0
3083,2025-01-07,6377.5,6381,6270.5,6290.5,09:32:00,15:37:00,HOD_FIRST,3.5,107,0.05488044,1.67777342,110.5,1,0,6358,110.5,75.10608905,77.63422555,0.04660075,1.42465147,1492593,390,0
3084,2025-01-08,6289.5,6307.25,6252.5,6294.5,14:29:00,12:32:00,LOD_FIRST,17.75,37,0.28221639,0.58828206,54.75,1,0,6290.5,54.75,77.63422555,75.99963801,0.22863627,0.47659392,1374747,390,0
3085,2025-01-10,6256.25,6257.25,6180.75,6202,09:31:00,12:10:00,HOD_FIRST,1,75.5,0.01598402,1.20679321,76.5,2,0,6294.5,113.75,75.99963801,78.69609244,0.01315796,0.99342578,1631078,390,0
3086,2025-01-13,6153,6213.75,6148.5,6210.75,15:57:00,09:43:00,LOD_FIRST,60.75,4.5,0.98732326,0.07313506,65.25,3,0,6202,65.25,78.69609244,77.73565726,0.77195701,0.057182,1369780,390,0
3087,2025-01-14,6238.25,6245.25,6178,6217.5,09:43:00,12:36:00,HOD_FIRST,7,60.25,0.11221096,0.96581573,67.25,1,0,6210.75,67.25,77.73565726,76.98668175,0.09004877,0.77506259,1463809,390,0
3088,2025-01-15,6300.25,6336.75,6288,6324,15:27:00,09:39:00,LOD_FIRST,36.5,12.25,0.57934209,0.19443673,48.75,1,0,6217.5,119.25,76.98668175,80.00549019,0.47410798,0.15911843,1206422,390,0
3089,2025-01-16,6337.25,6339.75,6304.5,6311.75,11:10:00,13:49:00,HOD_FIRST,2.5,32.75,0.03944929,0.51678567,35.25,1,0,6324,35.25,80.00549019,76.80866946,0.03124786,0.40934691,1210901,390,0
3090,2025-01-17,6362.25,6387,6348.25,6368.5,13:21:00,09:45:00,LOD_FIRST,24.75,14,0.38901332,0.22004794,38.75,1,0,6311.75,75.25,76.80866946,76.69733593,0.32222925,0.18227109,1033398,390,0
3091,2025-01-21,6399.25,6422.75,6379,6422,15:55:00,10:13:00,LOD_FIRST,23.5,20.25,0.36723053,0.31644333,43.75,4,0,6368.5,54.25,76.69733593,75.09395479,0.30639917,0.26402482,1056027,390,0
3092,2025-01-22,6451.75,6471.25,6446.75,6455.75,12:11:00,09:31:00,LOD_FIRST,19.5,5,0.30224358,0.07749835,24.5,1,0,6422,49.25,75.09395479,73.24795802,0.2596747,0.06658326,938015,390,0
3093,2025-01-23,6449,6489.5,6446.75,6489,16:00:00,09:34:00,LOD_FIRST,40.5,2.25,0.62800434,0.03488913,42.75,1,0,6455.75,42.75,73.24795802,71.06953245,0.55291644,0.03071758,831070,390,0
3094,2025-01-24,6487.5,6497.75,6457.5,6468.25,09:46:00,15:43:00,HOD_FIRST,10.25,30,0.15799615,0.46242775,40.25,1,0,6489,40.25,71.06953245,68.86813727,0.14422495,0.42212181,971501,390,0
3095,2025-01-27,6333.5,6384.25,6332.25,6382.25,16:00:00,09:31:00,LOD_FIRST,50.75,1.25,0.8012947,0.01973632,52,3,0,6468.25,136,68.86813727,73.66327033,0.73691553,0.01815063,1613112,390,0
3096,2025-01-28,6393,6441,6359,6431.5,15:25:00,09:49:00,LOD_FIRST,48,34,0.75082121,0.53183169,82,1,0,6382.25,82,73.66327033,74.25875102,0.65161375,0.46155974,1226766,390,0
3097,2025-01-29,6422.75,6426.75,6377.75,6403.75,10:08:00,14:19:00,HOD_FIRST,4,45,0.06227862,0.70063446,49,1,0,6431.5,53.75,74.25875102,72.79384023,0.05386571,0.60598918,1231245,390,0
3098,2025-01-30,6425,6451.75,6392,6434.75,15:24:00,11:15:00,LOD_FIRST,26.75,33,0.41634241,0.51361868,59.75,1,0,6403.75,59.75,72.79384023,71.86213736,0.36747615,0.45333506,1294706,390,0
3099,2025-01-31,6458,6483.25,6393.25,6400.25,11:12:00,15:44:00,HOD_FIRST,25.25,64.75,0.39098792,1.00263239,90,1,0,6434.75,90,71.86213736,73.15769897,0.35136723,0.90103081,1528199,390,0
3100,2025-02-03,6307.75,6384.75,6285.75,6358.5,14:49:00,10:21:00,LOD_FIRST,77,22,1.22072054,0.3487773,99,3,0,6400.25,114.5,73.15769897,76.11072048,1.0525208,0.30072023,1601118,390,0
3101,2025-02-04,6359,6404.25,6353.5,6398,14:37:00,09:32:00,LOD_FIRST,45.25,5.5,0.71158987,0.08649159,50.75,1,0,6358.5,50.75,76.11072048,74.29924044,0.5945286,0.07226314,941971,390,0
3102,2025-02-05,6386.5,6424,6365,6421.5,16:00:00,10:05:00,LOD_FIRST,37.5,21.5,0.58717607,0.33664762,59,1,0,6398,59,74.29924044,73.20643755,0.50471579,0.28937039,906027,390,0
3103,2025-02-06,6439.25,6444,6405.5,6442.5,15:56:00,14:34:00,LOD_FIRST,4.75,33.75,0.07376635,0.52412936,38.5,1,0,6421.5,38.5,73.20643755,70.7274063,0.064885,0.46102503,892309,390,0
3104,2025-02-07,6446,6458.75,6376.75,6384.75,09:55:00,15:18:00,HOD_FIRST,12.75,69.25,0.19779708,1.07430965,82,1,0,6442.5,82,70.7274063,71.53259156,0.18026958,0.97911126,1411538,390,0
3105,2025-02-10,6416.25,6431.5,6403.25,6423.75,14:24:00,09:42:00,LOD_FIRST,15.25,13,0.23767777,0.20261056,28.25,3,0,6384.75,46.75,71.53259156,69.76240645,0.21318954,0.18173534,768226,390,0
3106,2025-02-11,6400.5,6434.25,6399.5,6428,14:43:00,09:31:00,LOD_FIRST,33.75,1,0.52730255,0.01562378,34.75,1,0,6423.75,34.75,69.76240645,67.26152028,0.48378492,0.01433437,797378,390,0
3107,2025-02-12,6366.25,6420.25,6359.25,6408.25,13:01:00,09:32:00,LOD_FIRST,54,7,0.84822305,0.10995484,61,1,0,6428,68.75,67.26152028,67.36784026,0.80283645,0.10407139,1154453,390,0
3108,2025-02-13,6419,6473.5,6405.75,6470.75,16:00:00,09:39:00,LOD_FIRST,54.5,13.25,0.84904191,0.20641845,67.75,1,0,6408.25,67.75,67.36784026,67.39513738,0.80899135,0.19668138,1181644,390,0
3109,2025-02-14,6470,6480.75,6461.25,6467.25,10:11:00,12:44:00,HOD_FIRST,10.75,8.75,0.16615147,0.13523957,19.5,1,0,6470.75,19.5,67.39513738,63.97405614,0.15950706,0.12983133,756580,390,0
3110,2025-02-18,6478.75,6484,6453.75,6483.5,16:00:00,14:09:00,LOD_FIRST,5.25,25,0.08103415,0.38587691,30.25,4,0,6467.25,30.25,63.97405614,61.56519499,0.08206452,0.39078341,863861,390,0
3111,2025-02-19,6469.75,6502,6464.75,6498.5,14:52:00,10:05:00,LOD_FIRST,32.25,5,0.49847367,0.07728274,37.25,1,0,6483.5,37.25,61.56519499,59.82839535,0.52383494,0.08121472,840354,390,0
3112,2025-02-20,6484,6485.5,6438.25,6472.75,09:33:00,10:02:00,HOD_FIRST,1.5,45.75,0.02313387,0.70558297,47.25,1,0,6498.5,60.25,59.82839535,59.85850996,0.02507171,0.76468706,1164562,390,0
3113,2025-02-21,6468,6468.5,6360,6365.75,09:31:00,14:43:00,HOD_FIRST,0.5,108,0.00773036,1.66975881,108.5,1,0,6472.75,112.75,59.85850996,63.63647354,0.00835303,1.80425473,1626846,390,0
3114,2025-02-24,6385.5,6395.5,6330,6337.75,09:33:00,10:08:00,HOD_FIRST,10,55.5,0.15660481,0.86915668,65.5,3,0,6365.75,65.5,63.63647354,63.76958257,0.15714259,0.87214135,1445385,390,0
3115,2025-02-25,6336,6343.25,6259.5,6306,09:37:00,11:34:00,HOD_FIRST,7.25,76.5,0.11442551,1.20738636,83.75,1,0,6337.75,83.75,63.76958257,65.19675524,0.11369057,1.1996315,1810187,390,0
3116,2025-02-26,6322.75,6359.25,6281,6307.5,11:15:00,14:09:00,HOD_FIRST,36.5,41.75,0.57728046,0.66031395,78.25,1,0,6306,78.25,65.19675524,66.12912987,0.55984381,0.64036929,1542082,390,0
3117,2025-02-27,6331,6342.75,6208.5,6213,09:38:00,16:00:00,HOD_FIRST,11.75,122.5,0.18559469,1.93492339,134.25,1,0,6307.5,134.25,66.12912987,70.99490631,0.17768266,1.85243629,2111415,390,0
3118,2025-02-28,6215.25,6306.5,6183.5,6299.5,16:00:00,13:22:00,LOD_FIRST,91.25,31.75,1.46816299,0.51084027,123,1,0,6213,123,70.99490631,74.70955586,1.28530348,0.44721518,2201314,390,0
3119,2025-03-03,6320.25,6332.5,6157.25,6198.25,09:34:00,15:45:00,HOD_FIRST,12.25,163,0.19382145,2.57901191,175.25,3,0,6299.5,175.25,74.70955586,81.89101615,0.16396832,2.18178248,2153353,390,0
3120,2025-03-04,6154.5,6211.25,6079.5,6126.25,15:25:00,10:23:00,LOD_FIRST,56.75,75,0.92208953,1.21862052,131.75,1,0,6198.25,131.75,81.89101615,85.45237214,0.69299421,0.91585138,2624222,390,0
3121,2025-03-05,6123.5,6205,6086.25,6186.25,15:10:00,11:47:00,LOD_FIRST,81.5,37.25,1.33093819,0.60831224,118.75,1,0,6126.25,118.75,85.45237214,87.83077413,0.95374766,0.43591534,1764285,390,0
3122,2025-03-06,6109.25,6156.75,6055.5,6083.25,11:12:00,14:30:00,HOD_FIRST,47.5,53.75,0.77750951,0.8798134,101.25,1,0,6186.25,130.75,87.83077413,90.89643312,0.54081272,0.61197229,2082361,390,0
3123,2025-03-07,6061.75,6126.5,6008.5,6110.5,15:56:00,11:54:00,LOD_FIRST,64.75,53.25,1.06817338,0.87845919,118,1,0,6083.25,118,90.89643312,92.83240219,0.71234918,0.58583157,1807432,390,0
3124,2025-03-10,6026.75,6046.75,5907,5959,09:45:00,15:12:00,HOD_FIRST,20,119.75,0.33185382,1.98697474,139.75,3,0,6110.5,203.5,92.83240219,100.7372306,0.21544202,1.28995908,1967869,390,0
3125,2025-03-11,5944.5,5979.25,5869.5,5911.25,14:55:00,13:24:00,LOD_FIRST,34.75,75,0.58457398,1.26167045,109.75,1,0,5959,109.75,100.7372306,101.38099984,0.34495687,0.74451124,1984300,390,0
3126,2025-03-12,5971,5980.5,5885.75,5938.25,09:33:00,11:09:00,HOD_FIRST,9.5,85.25,0.15910233,1.42773405,94.75,1,0,5911.25,94.75,101.38099984,100.907357,0.09370592,0.84088735,1459017,390,0
3127,2025-03-13,5933.5,5939.25,5844.75,5863.75,10:26:00,13:50:00,HOD_FIRST,5.75,88.75,0.09690739,1.4957445,94.5,1,0,5938.25,94.5,100.907357,100.44968864,0.05698296,0.87951962,1489125,390,0
3128,2025-03-14,5907.5,5984.25,5899.5,5973,15:57:00,10:01:00,LOD_FIRST,76.75,8,1.29919594,0.13542107,84.75,1,0,5863.75,120.5,100.44968864,101.88185374,0.76406409,0.07964186,1235667,390,0
3129,2025-03-17,5972.75,6043,5968.25,6016,14:54:00,09:31:00,LOD_FIRST,70.25,4.5,1.17617513,0.07534218,74.75,3,0,5973,74.75,101.88185374,99.94386418,0.68952416,0.04416881,526925,390,0
3130,2025-03-18,5992.75,5995.25,5934.75,5956,09:31:00,11:58:00,HOD_FIRST,2.5,58,0.04171707,0.96783614,60.5,1,0,6016,81.25,99.94386418,98.60858817,0.02501404,0.58032577,966927,390,0
3131,2025-03-19,5971.75,6054.5,5959.75,6014.75,15:11:00,09:45:00,LOD_FIRST,82.75,12,1.38569096,0.20094612,94.75,1,0,5956,98.5,98.60858817,98.60083187,0.8391764,0.12169325,1117182,390,0
3132,2025-03-20,5976,6049.25,5968.5,5998.5,10:49:00,09:32:00,LOD_FIRST,73.25,7.5,1.22573628,0.12550201,80.75,1,0,6014.75,80.75,98.60083187,97.32577245,0.74289434,0.07606427,1210549,390,0
3133,2025-03-21,5948,6006.25,5936.25,5998.5,16:00:00,10:12:00,LOD_FIRST,58.25,11.75,0.97932078,0.19754539,70,1,0,5998.5,70,97.32577245,95.37393156,0.5985054,0.12072856,1140297,390,0
3134,2025-03-24,6066.5,6109.5,6060,6097.5,15:56:00,09:32:00,LOD_FIRST,43,6.5,0.70881068,0.1071458,49.5,3,0,5998.5,111,95.37393156,96.49007931,0.45085695,0.06815279,1050737,390,0
3135,2025-03-25,6110,6121.25,6093.5,6110,10:53:00,14:53:00,HOD_FIRST,11.25,16.5,0.18412439,0.2700491,27.75,1,0,6097.5,27.75,96.49007931,91.58007364,0.1165923,0.17100204,804615,390,0
3136,2025-03-26,6108,6118.5,6027,6042.25,09:41:00,14:59:00,HOD_FIRST,10.5,81,0.1719057,1.32612967,91.5,1,0,6110,91.5,91.58007364,91.5743541,0.11465376,0.88447188,1218289,390,0
3137,2025-03-27,6026.75,6063.75,6004,6024.5,11:02:00,09:44:00,LOD_FIRST,37,22.75,0.61392956,0.37748372,59.75,1,0,6042.25,59.75,91.5743541,89.30118595,0.40404325,0.248432,1235640,390,0
3138,2025-03-28,6007.5,6015.25,5901.25,5908.5,09:40:00,15:36:00,HOD_FIRST,7.75,106.25,0.12900541,1.76862256,114,1,0,6024.5,123.25,89.30118595,91.72610124,0.08678496,1.18979383,1509843,390,0
3139,2025-03-31,5847.5,5956.75,5817.75,5940.25,15:44:00,09:47:00,LOD_FIRST,109.25,29.75,1.86831979,0.50876443,139,3,0,5908.5,139,91.72610124,95.10280829,1.19104593,0.32433516,1675766,390,0
3140,2025-04-01,5922.75,5978.75,5884.25,5958.75,12:21:00,10:22:00,LOD_FIRST,56,38.5,0.94550673,0.65003588,94.5,1,0,5940.25,94.5,95.10280829,95.05975056,0.58883645,0.40482506,1454605,390,0
3141,2025-04-02,5897,6023.25,5894.75,5994,13:13:00,09:32:00,LOD_FIRST,126.25,2.25,2.14091911,0.03815499,128.5,1,0,5958.75,128.5,95.05975056,97.4483398,1.32811205,0.02366932,1443763,390,0
3142,2025-04-03,5796,5824.5,5712.5,5720,09:34:00,16:00:00,HOD_FIRST,28.5,83.5,0.49171843,1.44064872,112,1,0,5994,281.5,97.4483398,110.59488696,0.29246265,0.85686426,1719522,390,0
3143,2025-04-04,5576,5598.5,5387,5392.5,09:32:00,15:58:00,HOD_FIRST,22.5,189,0.40351506,3.38952654,211.5,1,0,5720,333,110.59488696,126.48096646,0.20344521,1.70893976,2426689,390,0
3144,2025-04-07,5225.75,5570.5,5151,5382.75,10:18:00,09:45:00,LOD_FIRST,344.75,74.75,6.59713917,1.43041669,419.5,3,0,5392.5,419.5,126.48096646,147.41089743,2.72570656,0.59099801,2334032,390,0
3145,2025-04-08,5556,5589.25,5224.5,5301.5,10:18:00,15:50:00,HOD_FIRST,33.25,331.5,0.59845212,5.96652268,364.75,1,0,5382.75,364.75,147.41089743,162.93511904,0.22555999,2.2488161,1739757,390,0
3146,2025-04-09,5266.75,5804,5264,5773.5,15:53:00,11:00:00,LOD_FIRST,537.25,2.75,10.20078796,0.05221436,540,1,0,5301.5,540,162.93511904,189.86832482,3.29732475,0.01687788,2052935,390,0
3147,2025-04-10,5659.5,5673,5430.75,5583.5,09:35:00,12:28:00,HOD_FIRST,13.5,228.75,0.23853697,4.04187649,242.25,1,0,5773.5,342.75,189.86832482,200.78844448,0.07110191,1.20478232,1773456,390,0
3148,2025-04-11,5565.25,5702.25,5535.5,5674,13:55:00,10:31:00,LOD_FIRST,137,29.75,2.46170433,0.53456718,166.75,1,0,5583.5,166.75,200.78844448,198.35712702,0.68231018,0.1481659,1173780,390,0
3149,2025-04-14,5777.25,5780.5,5675,5726.5,09:31:00,12:13:00,HOD_FIRST,3.25,102.25,0.05625514,1.76987321,105.5,3,0,5674,106.5,198.35712702,191.79590366,0.01638459,0.51548438,942349,390,0
3150,2025-04-15,5733.25,5769,5703.5,5711.75,10:14:00,14:16:00,HOD_FIRST,35.75,29.75,0.62355557,0.51890289,65.5,1,0,5726.5,65.5,191.79590366,182.77476768,0.18639606,0.1551128,881461,390,0
3151,2025-04-16,5651.25,5685,5535,5589.25,11:26:00,15:28:00,HOD_FIRST,33.75,116.25,0.59721301,2.05706702,150,1,0,5711.75,176.75,182.77476768,182.34442713,0.1846535,0.63602871,1139254,390,0
3152,2025-04-17,5606.75,5643.5,5569.5,5594.75,14:26:00,10:40:00,LOD_FIRST,36.75,37.25,0.65545994,0.66437776,74,1,0,5589.25,74,182.34442713,174.60553948,0.20154167,0.20428373,975612,390,0
3153,2025-04-21,5541.25,5546.5,5411.25,5467.5,09:31:00,14:03:00,HOD_FIRST,5.25,130,0.09474397,2.34604106,135.25,4,0,5594.75,183.5,174.60553948,175.24085809,0.03006777,0.74453537,938556,390,0
3154,2025-04-22,5529.5,5623.25,5520,5598.25,12:29:00,09:31:00,LOD_FIRST,93.75,9.5,1.69545167,0.17180577,103.25,1,0,5467.5,155.75,175.24085809,173.84865394,0.53497798,0.0542111,1246858,390,0
3155,2025-04-23,5734,5783.75,5667.75,5682.25,10:01:00,15:37:00,HOD_FIRST,49.75,66.25,0.86763167,1.15538891,116,1,0,5598.25,185.5,173.84865394,174.68089295,0.28616845,0.38107859,1372940,390,0
3156,2025-04-24,5695.75,5804,5682.5,5794.5,15:51:00,09:37:00,LOD_FIRST,108.25,13.25,1.90053988,0.23262959,121.5,1,0,5682.25,121.75,174.68089295,170.90011488,0.61970143,0.0758526,1050363,390,0
3157,2025-04-25,5794.5,5838.5,5764.25,5832.25,13:29:00,10:32:00,LOD_FIRST,44,30.25,0.75934075,0.52204677,74.25,1,0,5794.5,74.25,170.90011488,163.99653524,0.25746033,0.17700398,977470,390,0
3158,2025-04-28,5841,5862.75,5776,5835.5,09:48:00,13:32:00,HOD_FIRST,21.75,65,0.37236775,1.11282315,86.75,3,0,5832.25,86.75,163.99653524,158.47892558,0.13262475,0.39634984,938962,390,0
3159,2025-04-29,5815,5881.25,5811.75,5867.5,14:06:00,09:31:00,LOD_FIRST,66.25,3.25,1.13929493,0.05588994,69.5,1,0,5835.5,69.5,158.47892558,152.12328804,0.41803666,0.02050746,943365,390,0
3160,2025-04-30,5800.25,5890.75,5739.5,5868,15:57:00,10:00:00,LOD_FIRST,90.5,60.75,1.56027757,1.04736865,151.25,1,0,5867.5,151.25,152.12328804,152.06091032,0.5949122,0.39934714,1382351,390,0
3161,2025-05-01,5929,5966.5,5902.75,5909,11:16:00,16:00:00,HOD_FIRST,37.5,26.25,0.6324844,0.44273908,63.75,1,0,5868,98.5,152.06091032,148.23513102,0.2466117,0.17262819,1023519,390,0
3162,2025-05-02,5970.5,6008.75,5947,5990,14:38:00,09:53:00,LOD_FIRST,38.25,23.5,0.64064986,0.39360188,61.75,1,0,5909,99.75,148.23513102,144.77190737,0.258036,0.15853192,1003996,390,0
3163,2025-05-05,5948.25,5990.25,5939.25,5958.5,14:41:00,09:53:00,LOD_FIRST,42,9,0.70609003,0.15130501,51,3,0,5990,51,144.77190737,138.07391399,0.29011153,0.06216676,763447,390,0
3164,2025-05-06,5900.5,5955.75,5891,5909.5,12:15:00,09:55:00,LOD_FIRST,55.25,9.5,0.93636133,0.1610033,64.75,1,0,5958.5,67.5,138.07391399,133.03292013,0.400148,0.06880373,1012584,390,0
3165,2025-05-07,5922.5,5959,5880,5932.75,15:44:00,14:09:00,LOD_FIRST,36.5,42.5,0.61629379,0.71760236,79,1,0,5909.5,79,133.03292013,129.17342584,0.27436818,0.3194698,1089363,390,0
3166,2025-05-08,5972.75,6025,5937,5970.5,12:53:00,10:56:00,LOD_FIRST,52.25,35.75,0.87480641,0.59855176,88,1,0,5932.75,92.25,129.17342584,126.53603828,0.40449496,0.27675971,1076560,390,0
3167,2025-05-09,5983.75,5994,5946.5,5961.75,09:39:00,10:40:00,HOD_FIRST,10.25,37.25,0.17129726,0.62251932,47.5,1,0,5970.5,47.5,126.53603828,120.89060697,0.08100459,0.29438254,777466,390,0
3168,2025-05-12,6134.25,6150.25,6089.75,6148.25,16:00:00,10:32:00,LOD_FIRST,16,44.5,0.26083058,0.72543506,60.5,3,0,5961.75,188.5,120.89060697,125.71984933,0.13235106,0.36810139,1181750,390,0
3169,2025-05-13,6153.75,6211,6147.5,6187.5,13:33:00,09:32:00,LOD_FIRST,57.25,6.25,0.93032704,0.10156409,63.5,1,0,6148.25,63.5,125.71984933,121.27557438,0.45537757,0.04971371,1021319,390,0
3170,2025-05-14,6197.25,6209,6174,6193.5,09:37:00,13:24:00,HOD_FIRST,11.75,23.25,0.18960023,0.3751664,35,1,0,6187.5,35,121.27557438,115.11303335,0.09688678,0.19171214,923816,390,0
3171,2025-05-15,6173,6228.5,6168.5,6222.25,13:22:00,09:48:00,LOD_FIRST,55.5,4.5,0.89907662,0.0728981,60,1,0,6193.5,60,115.11303335,111.17638811,0.48213481,0.03909201,994185,390,0
3172,2025-05-16,6228.5,6261.5,6208.75,6259.25,16:00:00,10:45:00,LOD_FIRST,33,19.75,0.52982259,0.31709079,52.75,1,0,6222.25,52.75,111.17638811,107.00307468,0.29682562,0.17764563,865093,390,0
3173,2025-05-19,6196.25,6271.5,6196.25,6265.25,13:13:00,09:31:00,LOD_FIRST,75.25,0,1.21444422,0,75.25,3,0,6259.25,75.25,107.00307468,104.73499791,0.70325082,0,923217,390,0
3174,2025-05-20,6246,6255,6210.75,6243.25,10:46:00,15:06:00,HOD_FIRST,9,35.25,0.14409222,0.56436119,44.25,1,0,6265.25,54.5,104.73499791,101.14678378,0.08593116,0.33656372,874455,390,0
3175,2025-05-21,6198.5,6240.25,6131.75,6143.25,12:49:00,15:27:00,HOD_FIRST,41.75,66.75,0.67355005,1.07687344,108.5,1,0,6243.25,111.5,101.14678378,101.88629922,0.41276646,0.65993201,1238260,390,0
3176,2025-05-22,6139.5,6179,6126.75,6142.5,15:29:00,09:36:00,LOD_FIRST,39.5,12.75,0.64337487,0.20767163,52.25,1,0,6143.25,52.25,101.88629922,98.34084928,0.38768706,0.12513949,1075735,390,0
3177,2025-05-23,6068,6127.75,6064.5,6101,14:18:00,09:31:00,LOD_FIRST,59.75,3.5,0.9846737,0.05767963,63.25,1,0,6142.5,78,98.34084928,96.88793147,0.60758068,0.0355905,1076592,390,0
3178,2025-05-27,6170.25,6222.75,6152.25,6220,14:02:00,09:37:00,LOD_FIRST,52.5,18,0.85085693,0.29172238,70.5,4,0,6101,121.75,96.88793147,98.66379351,0.54186315,0.18578165,868907,390,0
3179,2025-05-28,6224.25,6236.5,6178.5,6185.5,09:41:00,15:56:00,HOD_FIRST,12.25,45.75,0.19681086,0.73502832,58,1,0,6220,58,98.66379351,95.75923683,0.12415902,0.46369594,922443,390,0
3180,2025-05-29,6239,6240.25,6168,6207.25,09:31:00,12:01:00,HOD_FIRST,1.25,71,0.02003526,1.13800289,72.25,1,0,6185.5,72.25,95.75923683,94.08000563,0.01305357,0.74144283,1008952,390,0
3181,2025-05-30,6194.5,6216.75,6137.25,6198.75,15:38:00,12:35:00,LOD_FIRST,22.25,57.25,0.3591896,0.92420696,79.5,1,0,6207.25,79.5,94.08000563,93.03857665,0.23650084,0.60852462,1262336,390,0
3182,2025-06-02,6181.5,6233,6154.5,6231.25,16:00:00,10:02:00,LOD_FIRST,51.5,27,0.83313112,0.43678719,78.5,3,0,6198.75,78.5,93.03857665,92.00010689,0.55353383,0.2902022,914595,390,0
3183,2025-06-03,6227.5,6275.25,6222.25,6265.5,13:24:00,10:09:00,LOD_FIRST,47.75,5.25,0.76676034,0.08430349,53,1,0,6231.25,53,92.00010689,89.21438497,0.51902114,0.05706515,904320,390,0
3184,2025-06-04,6273.25,6283,6258.25,6262.25,14:07:00,10:09:00,LOD_FIRST,9.75,15,0.15542183,0.23911051,24.75,1,0,6265.5,24.75,89.21438497,84.60978605,0.10928731,0.16813432,853639,390,0
3185,2025-06-05,6279,6293,6212.75,6231.75,11:57:00,15:20:00,HOD_FIRST,14,66.25,0.22296544,1.05510432,80.25,1,0,6262.25,80.25,84.60978605,84.29837276,0.16546549,0.78300635,1285610,390,0
3186,2025-06-06,6286.75,6309,6268.5,6290.5,09:47:00,12:57:00,HOD_FIRST,22.25,18.25,0.35391896,0.29029308,40.5,1,0,6231.75,77.25,84.29837276,83.79491756,0.26394341,0.21649291,982897,390,0
3187,2025-06-09,6296.75,6311.75,6284,6294,14:29:00,09:36:00,LOD_FIRST,15,12.75,0.23821813,0.20248541,27.75,3,0,6290.5,27.75,83.79491756,79.79170916,0.17900847,0.1521572,681419,390,0
3188,2025-06-10,6300.25,6333.5,6289,6329,15:06:00,11:34:00,LOD_FIRST,33.25,11.25,0.52775684,0.17856434,44.5,1,0,6294,44.5,79.79170916,77.27087279,0.41670996,0.14099209,795049,390,0
3189,2025-06-11,6339.5,6348.75,6290.25,6312.5,10:58:00,14:18:00,HOD_FIRST,9.25,49.25,0.14591056,0.77687515,58.5,1,0,6329,58.5,77.27087279,75.93009617,0.11970876,0.63736824,1179628,390,0
3190,2025-06-12,6298,6335,6292.5,6334.5,16:00:00,09:37:00,LOD_FIRST,37,5.5,0.58748809,0.08732931,42.5,1,0,6312.5,42.5,75.93009617,73.54223215,0.48729031,0.07243505,877765,390,0
3191,2025-06-13,6280,6313.75,6249.25,6264,12:19:00,15:47:00,HOD_FIRST,33.75,30.75,0.53742038,0.48964968,64.5,1,0,6334.5,85.25,73.54223215,74.37850129,0.45891998,0.4181271,1017650,390,0
3192,2025-06-16,6298.25,6339.25,6297.5,6322,10:34:00,09:31:00,LOD_FIRST,41,0.75,0.65097448,0.01190807,41.75,3,0,6264,75.25,74.37850129,74.44075119,0.55123455,0.01008356,399849,390,0
3193,2025-06-17,6295.5,6311.75,6260.75,6268.75,11:15:00,14:45:00,HOD_FIRST,16.25,34.75,0.25812088,0.55198157,51,1,0,6322,61.25,74.44075119,73.49855468,0.21829441,0.4668142,915851,390,0
3194,2025-06-18,6275.5,6304.25,6256.75,6266,10:35:00,15:02:00,HOD_FIRST,28.75,18.75,0.45813083,0.29878097,47.5,1,0,6268.75,47.5,73.49855468,71.64151506,0.39116415,0.25510706,926620,390,0
3195,2025-06-20,6291,6301.5,6233.75,6247.25,09:41:00,13:38:00,HOD_FIRST,10.5,57.25,0.1669051,0.9100302,67.75,2,0,6266,67.75,71.64151506,71.3635497,0.14656306,0.79911766,1026661,390,0
3196,2025-06-23,6255.5,6312,6223.75,6307.25,15:59:00,12:38:00,LOD_FIRST,56.5,31.75,0.90320518,0.50755335,88.25,3,0,6247.25,88.25,71.3635497,72.56972472,0.79172071,0.444905,1057948,390,0
3197,2025-06-24,6349,6385.75,6339.5,6374.25,15:33:00,10:09:00,LOD_FIRST,36.75,9.5,0.57883131,0.14962986,46.25,1,0,6307.25,78.5,72.56972472,72.99331581,0.50640953,0.13090859,727240,390,0
3198,2025-06-25,6385.5,6390.75,6361.25,6378,09:44:00,13:41:00,HOD_FIRST,5.25,24.25,0.08221752,0.37976666,29.5,1,0,6374.25,29.5,72.99331581,69.8866504,0.07192439,0.3322222,711697,390,0
3199,2025-06-26,6396,6430.5,6389.75,6426.75,15:58:00,09:52:00,LOD_FIRST,34.5,6.25,0.53939962,0.09771732,40.75,1,0,6378,52.5,69.8866504,68.6447468,0.49365651,0.08943053,791687,390,0
3200,2025-06-27,6434.75,6469.5,6413.75,6453.75,12:32:00,14:53:00,HOD_FIRST,34.75,21,0.54003652,0.32635301,55.75,1,0,6426.75,55.75,68.6447468,67.72369345,0.50622956,0.3059229,1062488,390,0
3201,2025-06-30,6478.75,6496,6454.75,6482,15:55:00,13:58:00,LOD_FIRST,17.25,24,0.26625506,0.37044183,41.25,3,0,6453.75,42.25,67.72369345,65.90414392,0.25471145,0.35438114,1015776,390,0
3202,2025-07-01,6465.75,6492,6458,6479.5,13:54:00,11:15:00,LOD_FIRST,26.25,7.75,0.40598538,0.11986235,34,1,0,6482,34,65.90414392,63.6252765,0.39830576,0.11759503,1065767,390,0
3203,2025-07-02,6475.5,6507,6468.75,6505.75,16:00:00,09:36:00,LOD_FIRST,31.5,6.75,0.48644892,0.10423905,38.25,1,0,6479.5,38.25,63.6252765,61.81275675,0.49508626,0.10608991,770957,390,0
3204,2025-07-07,6532.5,6540.25,6476.75,6506,09:53:00,14:22:00,HOD_FIRST,7.75,55.75,0.11863758,0.85342518,63.5,5,0,6505.75,63.5,61.81275675,61.93327412,0.12537865,0.90191739,1006368,390,0
3205,2025-07-08,6511.5,6519.25,6493,6501,12:28:00,10:56:00,LOD_FIRST,7.75,18.5,0.1190202,0.28411272,26.25,1,0,6506,26.25,61.93327412,59.38446883,0.12513467,0.29870857,878597,390,0
3206,2025-07-09,6525.75,6545.75,6506.5,6537.5,09:51:00,11:17:00,HOD_FIRST,20,19.25,0.30647818,0.29498525,39.25,1,0,6501,44.75,59.38446883,58.33914963,0.3367884,0.32415883,930875,390,0
3207,2025-07-10,6538.25,6566,6526.5,6555,14:23:00,10:02:00,LOD_FIRST,27.75,11.75,0.4244255,0.1797117,39.5,1,0,6537.5,39.5,58.33914963,56.99349608,0.47566686,0.20140849,732053,390,0
3208,2025-07-11,6521,6543.25,6509,6529.5,14:46:00,09:46:00,LOD_FIRST,22.25,12,0.34120534,0.18402086,34.25,1,0,6555,46,56.99349608,56.20824636,0.39039542,0.21055034,791369,390,0
3209,2025-07-14,6524.75,6545.5,6511,6541.25,14:37:00,09:44:00,LOD_FIRST,20.75,13.75,0.31801985,0.21073604,34.5,3,0,6529.5,34.5,56.20824636,54.65765734,0.36916291,0.24462603,714219,390,0
3210,2025-07-15,6568.5,6572.25,6512.5,6512.75,09:31:00,16:00:00,HOD_FIRST,3.75,56,0.05709066,0.85255386,59.75,1,0,6541.25,59.75,54.65765734,55.0213961,0.06860887,1.0245591,959153,390,0
3211,2025-07-16,6529,6539.25,6471.5,6533.25,15:42:00,11:38:00,LOD_FIRST,10.25,57.5,0.15699188,0.88068617,67.75,1,0,6512.75,67.75,55.0213961,55.93058209,0.18629117,1.045048,1216591,390,0
3212,2025-07-17,6535,6576,6532.5,6572.75,15:04:00,09:31:00,LOD_FIRST,41,2.5,0.62739097,0.03825555,43.5,1,0,6533.25,43.5,55.93058209,55.04268337,0.73305155,0.04469827,803559,390,0
3213,2025-07-18,6582.5,6584,6553.75,6565.25,10:01:00,13:03:00,HOD_FIRST,1.5,28.75,0.02278769,0.43676415,30.25,1,0,6572.75,30.25,55.04268337,53.27177742,0.02725158,0.52232192,799625,390,0
3214,2025-07-21,6576,6604.5,6571.5,6575.75,11:36:00,15:58:00,HOD_FIRST,28.5,4.5,0.43339416,0.06843066,33,3,0,6565.25,39.25,53.27177742,52.27022189,0.53499247,0.0844725,747436,390,0
3215,2025-07-22,6578.5,6584.25,6549.25,6576,15:58:00,09:55:00,LOD_FIRST,5.75,29.25,0.08740594,0.44463023,35,1,0,6575.75,35,52.27022189,51.03663461,0.11000527,0.55959204,919712,390,0
3216,2025-07-23,6603.25,6629.75,6584,6629.5,16:00:00,10:01:00,LOD_FIRST,26.5,19.25,0.40131753,0.29152311,45.75,1,0,6576,53.75,51.03663461,51.23044642,0.51923486,0.37718004,927024,390,0
3217,2025-07-24,6632.75,6648.75,6626.75,6632.25,14:12:00,09:41:00,LOD_FIRST,16,6,0.24122724,0.09046022,22,1,0,6629.5,22,51.23044642,49.14255739,0.31231428,0.11711786,837964,390,0
3218,2025-07-25,6635.5,6661.5,6633,6656.25,15:21:00,09:33:00,LOD_FIRST,26,2.5,0.39183181,0.03767614,28.5,1,0,6632.25,29.25,49.14255739,47.72166044,0.52907299,0.0508724,611797,390,0
3219,2025-07-28,6659.5,6664.75,6639.25,6653.5,10:18:00,14:07:00,HOD_FIRST,5.25,20.25,0.07883475,0.30407688,25.5,3,0,6656.25,25.5,47.72166044,46.13439898,0.11001294,0.42433561,727586,390,0
3220,2025-07-29,6667.25,6670.5,6626.75,6636.5,09:31:00,15:40:00,HOD_FIRST,3.25,40.5,0.04874573,0.60744685,43.75,1,0,6653.5,43.75,46.13439898,45.96408476,0.07044635,0.8778699,937402,390,0
3221,2025-07-30,6642.5,6660.25,6597.25,6628,14:37:00,15:07:00,HOD_FIRST,17.75,45.25,0.26721867,0.68121942,63,1,0,6636.5,63,45.96408476,47.18093585,0.38617107,0.98446429,1020034,390,0
3222,2025-07-31,6677.25,6681.5,6588.75,6601.5,09:59:00,15:56:00,HOD_FIRST,4.25,88.5,0.06364896,1.32539593,92.75,1,0,6628,92.75,47.18093585,50.435869,0.09007876,1.87575762,1459574,390,0
3223,2025-08-01,6541.5,6542,6470,6494,09:31:00,14:10:00,HOD_FIRST,0.5,71.5,0.00764351,1.09302148,72,1,0,6601.5,131.5,50.435869,56.22616408,0.00991358,1.41764188,1754425,390,0
3224,2025-08-04,6533.75,6589,6532.5,6587.5,15:58:00,09:31:00,LOD_FIRST,55.25,1.25,0.84560934,0.01913143,56.5,3,0,6494,95,56.22616408,58.99572378,0.98263862,0.02223164,959792,390,0
3225,2025-08-05,6594.25,6602.25,6546,6555.75,09:49:00,10:51:00,HOD_FIRST,8,48.25,0.12131781,0.73169807,56.25,1,0,6587.5,56.25,58.99572378,58.79960066,0.13560305,0.81785589,1144091,390,0
3226,2025-08-06,6565.5,6610,6556.25,6602.25,15:33:00,10:24:00,LOD_FIRST,44.5,9.25,0.67778539,0.14088798,53.75,1,0,6555.75,54.25,58.79960066,58.47462918,0.75680786,0.15731399,979072,390,0
3227,2025-08-07,6637.75,6645,6565,6598,09:41:00,14:24:00,HOD_FIRST,7.25,72.75,0.10922376,1.09600392,80,1,0,6602.25,80,58.47462918,60.01215567,0.1239854,1.24412931,1159442,390,0
3228,2025-08-08,6613.5,6649.5,6610.25,6644.5,14:04:00,09:35:00,LOD_FIRST,36,3.25,0.54434112,0.04914191,39.25,1,0,6598,51.5,60.01215567,59.40414455,0.59987847,0.0541557,964452,390,0
3229,2025-08-11,6646.75,6662,6618,6630.5,12:11:00,15:57:00,HOD_FIRST,15.25,28.75,0.22943544,0.43254222,44,3,0,6644.5,44,59.40414455,58.30384851,0.25671609,0.48397297,872721,390,0
3230,2025-08-12,6654.25,6700.5,6639,6698,16:00:00,10:01:00,LOD_FIRST,46.25,15.25,0.69504452,0.22917684,61.5,1,0,6630.5,70,58.30384851,59.1392879,0.7932581,0.26156078,958617,390,0
3231,2025-08-13,6720,6733,6697.25,6719.5,09:51:00,12:51:00,HOD_FIRST,13,22.75,0.19345238,0.33854167,35.75,1,0,6698,35.75,59.1392879,57.46862448,0.21982003,0.38468505,892552,390,0
3232,2025-08-14,6698,6726.5,6693.25,6719.25,15:56:00,09:35:00,LOD_FIRST,28.5,4.75,0.42550015,0.07091669,33.25,1,0,6719.5,33.25,57.46862448,55.73872273,0.49592278,0.0826538,909581,390,0
3233,2025-08-15,6727.25,6728.5,6692,6702,09:31:00,11:45:00,HOD_FIRST,1.25,35.25,0.01858114,0.52398826,36.5,1,0,6719.25,36.5,55.73872273,54.36452825,0.02242606,0.63241492,856877,390,0
3234,2025-08-18,6695,6705.75,6687.75,6699.25,10:25:00,12:49:00,HOD_FIRST,10.75,7.25,0.16056759,0.10828977,18,3,0,6702,18,54.36452825,51.76706195,0.19773923,0.13335902,686253,390,0
3235,2025-08-19,6696.75,6706.75,6649.75,6663.25,10:05:00,15:02:00,HOD_FIRST,10,47,0.14932617,0.70183298,57,1,0,6699.25,57,51.76706195,52.14084324,0.19317303,0.90791322,1023556,390,0
3236,2025-08-20,6658.5,6661.25,6593.25,6644.25,09:31:00,10:54:00,HOD_FIRST,2.75,65.25,0.04130059,0.97995044,68,1,0,6663.25,70,52.14084324,53.41649729,0.05274176,1.2514182,1336635,390,0
3237,2025-08-21,6625.75,6642.75,6600.75,6618.75,10:30:00,13:27:00,HOD_FIRST,17,25,0.25657473,0.37731578,42,1,0,6644.25,43.5,53.41649729,52.70817606,0.31825374,0.4680202,981858,390,0
3238,2025-08-22,6638.25,6726.75,6633,6713.75,11:35:00,09:32:00,LOD_FIRST,88.5,5.25,1.33318269,0.07908711,93.75,1,0,6618.75,108,52.70817606,56.65759205,1.67905639,0.09960504,1175807,390,0
3239,2025-08-25,6700.5,6713.25,6683.75,6685,12:46:00,16:00:00,HOD_FIRST,12.75,16.75,0.19028431,0.24998134,29.5,3,0,6713.75,30,56.65759205,54.75347833,0.22503604,0.29563558,725044,390,0
3240,2025-08-26,6681.25,6715.5,6675,6711.5,16:00:00,09:50:00,LOD_FIRST,34.25,6.25,0.51262862,0.09354537,40.5,1,0,6685,40.5,54.75347833,53.73537274,0.62553104,0.114148,829411,390,0
3241,2025-08-27,6704.5,6733,6703.25,6724.75,15:57:00,09:32:00,LOD_FIRST,28.5,1.25,0.42508763,0.01864419,29.75,1,0,6711.5,29.75,53.73537274,52.02213183,0.53037689,0.02326214,713888,390,0
3242,2025-08-28,6730.5,6753.5,6711.25,6747.5,15:55:00,09:58:00,LOD_FIRST,23,19.25,0.34172795,0.28601144,42.25,1,0,6724.75,42.25,52.02213183,51.32412241,0.44211952,0.37003482,903854,390,0
3243,2025-08-29,6729.5,6733.25,6686,6705.75,09:31:00,10:53:00,HOD_FIRST,3.75,43.5,0.05572479,0.64640761,47.25,1,0,6747.5,61.5,51.32412241,52.05097081,0.07306506,0.84755468,1073017,390,0
3244,2025-09-02,6628.75,6658.25,6602.25,6656.5,15:58:00,11:58:00,LOD_FIRST,29.5,26.5,0.44503111,0.39977371,56,4,0,6705.75,103.5,52.05097081,55.72590147,0.56675216,0.50911634,1266627,390,0
3245,2025-09-03,6679.25,6694.75,6657,6689,11:07:00,14:40:00,HOD_FIRST,15.5,22.25,0.23206198,0.33312123,37.75,1,0,6656.5,38.25,55.72590147,54.47762279,0.27814714,0.39927573,1130654,390,0
3246,2025-09-04,6696.25,6743.25,6686.75,6741.75,15:59:00,10:18:00,LOD_FIRST,47,9.5,0.70188538,0.14187045,56.5,1,0,6689,56.5,54.47762279,54.62207831,0.86273955,0.17438353,918855,390,0
3247,2025-09-05,6764,6772.25,6682.5,6721.5,09:50:00,11:11:00,HOD_FIRST,8.25,81.5,0.12196925,1.20490834,89.75,1,0,6741.75,89.75,54.62207831,57.13121557,0.15103783,1.49207065,1388893,390,0
3248,2025-09-08,6735,6747,6720.75,6737.5,11:12:00,13:53:00,HOD_FIRST,12,14.25,0.17817372,0.21158129,26.25,3,0,6721.5,26.25,57.13121557,54.92541446,0.21004279,0.24942581,932308,390,0
3249,2025-09-09,6737.75,6756.75,6719.75,6751.5,15:56:00,10:44:00,LOD_FIRST,19,18,0.28199325,0.2671515,37,1,0,6737.5,37,54.92541446,53.64502771,0.34592365,0.32771714,918253,390,0
3250,2025-09-10,6783.75,6792.75,6753,6769.75,10:16:00,15:22:00,HOD_FIRST,9,30.75,0.13266998,0.45328911,39.75,1,0,6751.5,41.25,53.64502771,52.75966859,0.16776951,0.57321249,1053217,390,0
3251,2025-09-11,6788.25,6830.5,6782.5,6822.75,15:51:00,09:46:00,LOD_FIRST,42.25,5.75,0.622399,0.08470519,48,1,0,6769.75,60.75,52.75966859,53.33040655,0.80080109,0.10898476,918940,390,0
3252,2025-09-12,6820.25,6836.5,6813.5,6818.25,14:53:00,15:43:00,HOD_FIRST,16.25,6.75,0.23826106,0.09896998,23,1,0,6822.75,23,53.33040655,51.16394894,0.30470422,0.12656945,780398,390,0
3253,2025-09-15,6839.75,6854,6836,6852.25,11:01:00,14:44:00,HOD_FIRST,14.25,3.75,0.20834095,0.05482657,18,3,0,6818.25,35.75,51.16394894,50.06295258,0.27851642,0.0732938,333028,390,0
3254,2025-09-16,6858,6861.25,6834.25,6841.25,09:31:00,11:44:00,HOD_FIRST,3.25,23.75,0.04738991,0.34631088,27,1,0,6852.25,27,50.06295258,48.41559883,0.06491826,0.4744027,807898,390,0
3255,2025-09-17,6842,6859.5,6784,6833.25,14:04:00,14:55:00,HOD_FIRST,17.5,58,0.25577317,0.84770535,75.5,1,0,6841.25,75.5,48.41559883,50.35019891,0.36145376,1.19796102,1242426,390,0
3256,2025-09-18,6859.75,6891,6843.25,6865.25,10:32:00,09:48:00,LOD_FIRST,31.25,16.5,0.45555596,0.24053355,47.75,1,0,6833.25,57.75,50.35019891,50.87875613,0.62065296,0.32770476,1042340,390,0
3257,2025-09-19,6880,6904.5,6860.25,6894.75,15:56:00,11:31:00,LOD_FIRST,24.5,19.75,0.35610465,0.28706395,44.25,1,0,6865.25,44.25,50.87875613,50.40527355,0.48153693,0.38817773,984648,390,0
3258,2025-09-22,6879,6929.75,6878.75,6924.75,15:16:00,09:31:00,LOD_FIRST,50.75,0.25,0.73775258,0.00363425,51,3,0,6894.75,51,50.40527355,50.44775401,1.00683909,0.0049598,822717,390,0
3259,2025-09-23,6923.25,6929.5,6874.75,6888.75,09:54:00,15:00:00,HOD_FIRST,6.25,48.5,0.09027552,0.70053804,54.75,1,0,6924.75,54.75,50.44775401,50.7550573,0.12389055,0.96139067,1049747,390,0
3260,2025-09-24,6900.25,6901.5,6851,6865,09:31:00,12:13:00,HOD_FIRST,1.25,49.25,0.01811529,0.71374226,50.5,1,0,6888.75,50.5,50.7550573,50.73683892,0.02462809,0.97034665,1021318,390,0
3261,2025-09-25,6833,6848,6797.25,6833.5,11:45:00,14:05:00,HOD_FIRST,15,35.75,0.2195229,0.52319625,50.75,1,0,6865,67.75,50.73683892,51.95206471,0.29564317,0.70461623,1394103,390,0
3262,2025-09-26,6846.5,6876.75,6830.25,6869.25,10:01:00,10:28:00,HOD_FIRST,30.25,16.25,0.44183159,0.23734755,46.5,1,0,6833.5,46.5,51.95206471,51.56263152,0.58226752,0.31278834,1036750,390,0
3263,2025-09-29,6895.25,6904.25,6869.25,6887.25,10:10:00,15:16:00,HOD_FIRST,9,26,0.13052464,0.37707117,35,3,0,6869.25,35,51.56263152,50.37958641,0.17454501,0.50424114,932692,390,0
3264,2025-09-30,6879.75,6916.5,6866,6910.25,15:54:00,11:28:00,LOD_FIRST,36.75,13.75,0.53417639,0.19986191,50.5,1,0,6887.25,50.5,50.37958641,50.38818738,0.72946212,0.272928,1211182,390,0
3265,2025-10-01,6879.75,6942.5,6878.25,6933.5,15:08:00,09:51:00,LOD_FIRST,62.75,1.5,0.9120971,0.02180312,64.25,1,0,6910.25,64.25,50.38818738,51.37831685,1.24533156,0.02976888,966421,390,0
3266,2025-10-02,6952,6953.25,6914.5,6939.75,09:35:00,11:39:00,HOD_FIRST,1.25,37.5,0.01798044,0.53941312,38.75,1,0,6933.5,38.75,51.37831685,50.47629422,0.02432933,0.72987989,951119,390,0
3267,2025-10-03,6945,6973,6927,6938,12:18:00,13:56:00,HOD_FIRST,28,18,0.40316775,0.25917927,46,1,0,6939.75,46,50.47629422,50.15655892,0.55471584,0.35660304,1146691,390,0
3268,2025-10-06,6961.5,6970.75,6939.5,6961.5,14:38:00,10:11:00,LOD_FIRST,9.25,22,0.13287366,0.31602385,31.25,3,0,6938,32.75,50.15655892,48.91323328,0.18442254,0.43862658,817310,390,0
3269,2025-10-07,6970.25,6974.75,6920.25,6935.5,09:35:00,11:52:00,HOD_FIRST,4.5,50,0.06456009,0.71733439,54.5,1,0,6961.5,54.5,48.91323328,49.31228805,0.09199964,1.02221826,1184575,390,0
3270,2025-10-08,6946.25,6976.25,6937.5,6975,15:53:00,09:45:00,LOD_FIRST,30,8.75,0.43188771,0.12596725,38.75,1,0,6935.5,40.75,49.31228805,48.70069604,0.60836763,0.17744056,816702,390,0
3271,2025-10-09,6978.5,6982.5,6933.75,6954.25,09:32:00,13:31:00,HOD_FIRST,4,44.75,0.05731891,0.64125528,48.75,1,0,6975,48.75,48.70069604,48.70421775,0.08213435,0.91887804,1136419,390,0
3272,2025-10-10,6961,6979.5,6764.75,6768,09:48:00,15:57:00,HOD_FIRST,18.5,196.25,0.26576641,2.81927884,214.75,1,0,6954.25,214.75,48.70421775,60.56463077,0.3798439,4.02942515,2171934,390,0
3273,2025-10-13,6843.25,6884.5,6834.75,6867.5,13:04:00,09:37:00,LOD_FIRST,41.25,8.5,0.60278377,0.12420999,49.75,3,0,6768,116.5,60.56463077,64.56001429,0.68109059,0.14034594,1239769,390,0
3274,2025-10-14,6807,6895.5,6766.25,6859,13:51:00,09:46:00,LOD_FIRST,88.5,40.75,1.30013222,0.59864845,129.25,1,0,6867.5,129.25,64.56001429,69.18072755,1.37081754,0.63119565,1633088,390,0
3275,2025-10-15,6905,6939.75,6824.5,6888,10:11:00,13:17:00,HOD_FIRST,34.75,80.5,0.50325851,1.16582187,115.25,1,0,6859,115.25,69.18072755,72.47138987,0.50230752,1.16361887,1668848,390,0
3276,2025-10-16,6904.5,6923.5,6805,6841.5,10:45:00,14:35:00,HOD_FIRST,19,99.5,0.27518285,1.44108914,118.5,1,0,6888,118.5,72.47138987,75.75914774,0.26217242,1.37295559,1907111,390,0
3277,2025-10-17,6827.5,6891,6813.5,6876.75,15:22:00,11:37:00,LOD_FIRST,63.5,14,0.93006225,0.20505309,77.5,1,0,6841.5,77.5,75.75914774,75.88349433,0.83818261,0.18479617,1445575,390,0
3278,2025-10-20,6906.5,6956,6906,6946.25,14:13:00,09:31:00,LOD_FIRST,49.5,0.5,0.71671614,0.00723956,50,3,0,6876.75,79.25,75.88349433,76.12395902,0.65231577,0.00658905,909467,390,0
3279,2025-10-21,6947.25,6962.75,6932.25,6945,12:47:00,10:03:00,LOD_FIRST,15.5,15,0.22310986,0.21591277,30.5,1,0,6946.25,30.5,76.12395902,72.8651048,0.20361526,0.19704703,1047142,390,0
3280,2025-10-22,6952,6952.25,6863.75,6910,09:31:00,13:55:00,HOD_FIRST,0.25,88.25,0.00359609,1.26941887,88.5,1,0,6945,88.5,72.8651048,73.98188303,0.003431,1.21114215,1642873,390,0
3281,2025-10-23,6912.25,6958.75,6909,6947.75,14:54:00,09:32:00,LOD_FIRST,46.5,3.25,0.67271872,0.04701798,49.75,1,0,6910,49.75,73.98188303,72.25103424,0.62853226,0.04392967,1092472,390,0
3282,2025-10-24,6993.75,7014.25,6985.5,7000.25,11:25:00,09:32:00,LOD_FIRST,20.5,8.25,0.29311886,0.11796247,28.75,1,0,6947.75,66.5,72.25103424,71.84024608,0.28373296,0.11418522,958790,390,0
3283,2025-10-27,7056,7084.75,7050,7080.5,15:55:00,09:37:00,LOD_FIRST,28.75,6,0.40745465,0.08503401,34.75,3,0,7000.25,84.5,71.84024608,72.74451422,0.40019351,0.08351864,875514,390,0
3284,2025-10-28,7098.75,7117.75,7076,7098.5,15:29:00,11:36:00,LOD_FIRST,19,22.75,0.26765276,0.32047896,41.75,1,0,7080.5,41.75,72.74451422,70.53062035,0.26118808,0.31273836,951942,390,0
3285,2025-10-29,7115,7125,7055.25,7101,10:02:00,14:42:00,HOD_FIRST,10,59.75,0.14054814,0.83977512,69.75,1,0,7098.5,69.75,70.53062035,70.47486175,0.14178239,0.84714979,1220532,390,0
3286,2025-10-30,7066,7086.75,7025.5,7026.75,10:01:00,16:00:00,HOD_FIRST,20.75,40.5,0.29365978,0.57316728,61.25,1,0,7101,75.5,70.47486175,70.8338002,0.29443123,0.574673,1328647,390,0
3287,2025-10-31,7075,7075.5,7016.5,7045,09:31:00,13:22:00,HOD_FIRST,0.5,58.5,0.00706714,0.82685512,59,1,0,7026.75,59,70.8338002,69.98852875,0.00705878,0.82587691,1411340,390,0
3288,2025-11-03,7081.25,7082.5,7022.5,7058.25,09:31:00,10:33:00,HOD_FIRST,1.25,58.75,0.01765225,0.82965578,60,3,0,7045,60,69.98852875,69.27506242,0.01786007,0.83942327,1077401,390,0
3289,2025-11-04,6983.25,7022.25,6967.75,6976.5,10:42:00,14:44:00,HOD_FIRST,39,15.5,0.55847922,0.22195969,54.5,1,0,7058.25,90.5,69.27506242,70.79112939,0.56297315,0.22374574,1245853,390,0
3290,2025-11-05,6971.5,7030.75,6962.75,6997.25,12:39:00,09:36:00,LOD_FIRST,59.25,8.75,0.84988883,0.12551101,68,1,0,6976.5,68,70.79112939,70.591763,0.83696927,0.12360306,1036438,390,0
3291,2025-11-06,6985.25,6994.5,6906.5,6923,09:35:00,12:27:00,HOD_FIRST,9.25,78.75,0.13242189,1.12737554,88,1,0,6997.25,90.75,70.591763,72.03163707,0.13103512,1.11556925,1526179,390,0
3292,2025-11-07,6896.5,6928.5,6828.5,6926.25,16:00:00,12:08:00,LOD_FIRST,32,68,0.46400348,0.9860074,100,1,0,6923,100,72.03163707,74.02937728,0.44424924,0.94402963,1685753,390,0
3293,2025-11-10,6988.75,7038.75,6965.75,7030,15:55:00,11:41:00,LOD_FIRST,50,23,0.71543552,0.32910034,73,3,0,6926.25,112.5,74.02937728,76.7772789,0.67540755,0.31068747,1239757,390,0
3294,2025-11-11,7015.5,7052.75,7003.5,7045.75,15:54:00,10:57:00,LOD_FIRST,37.25,12,0.53096714,0.17104982,49.25,1,0,7030,49.25,76.7772789,74.8110447,0.48516958,0.15629624,1093543,390,0
3295,2025-11-12,7064.25,7065.75,7025,7049,09:40:00,11:50:00,HOD_FIRST,1.5,39.25,0.02123368,0.55561454,40.75,1,0,7045.75,40.75,74.8110447,72.37811293,0.02005052,0.52465515,1141850,390,0
3296,2025-11-13,7020.25,7023.5,6919,6935,10:17:00,14:56:00,HOD_FIRST,3.25,101.25,0.04629465,1.44225633,104.5,1,0,7049,130,72.37811293,76.49396201,0.04490308,1.39890356,1723101,390,0
3297,2025-11-14,6865,6968.5,6843.5,6931,12:39:00,09:34:00,LOD_FIRST,103.5,21.5,1.50764749,0.31318281,125,1,0,6935,125,76.49396201,79.95867901,1.35304797,0.28106794,1601870,390,0
3298,2025-11-17,6907.25,6947.75,6831.5,6866.75,09:56:00,15:04:00,HOD_FIRST,40.5,75.75,0.58634044,1.09667378,116.25,3,0,6931,116.25,79.95867901,82.55091622,0.50651162,0.94736433,1543795,390,0
3299,2025-11-18,6829.75,6860.5,6767,6810.5,13:42:00,11:04:00,LOD_FIRST,30.75,62.75,0.4502361,0.91877448,93.5,1,0,6866.75,99.75,82.55091622,83.77942221,0.37249738,0.76013693,2047065,390,0
3300,2025-11-19,6815.5,6882,6795,6834.75,10:18:00,12:41:00,HOD_FIRST,66.5,20.5,0.97571712,0.30078498,87,1,0,6810.5,87,83.77942221,84.00946348,0.793751,0.24469016,1619315,390,0
3301,2025-11-20,6938,6964.25,6725.5,6731.75,10:38:00,16:00:00,HOD_FIRST,26.25,212.5,0.37835111,3.06284232,238.75,1,0,6834.75,238.75,84.00946348,95.06235894,0.3124648,2.52947693,2509959,390,0
3302,2025-11-21,6754.5,6850.5,6712,6795.5,14:26:00,10:38:00,LOD_FIRST,96,42.5,1.42127471,0.62921016,138.5,1,0,6731.75,138.5,95.06235894,98.16504759,1.00986343,0.44707496,1968220,390,0
3303,2025-11-24,6830.75,6904.75,6819.75,6891.75,15:56:00,09:51:00,LOD_FIRST,74,11,1.08333638,0.16103649,85,3,0,6795.5,109.25,98.16504759,98.9568299,0.75383247,0.11205618,1268026,390,0
3304,2025-11-25,6889.5,6965.5,6847.5,6953.25,15:54:00,09:51:00,LOD_FIRST,76,42,1.10312795,0.60962334,118,1,0,6891.75,118,98.9568299,100.31705634,0.76801167,0.4244275,1329726,390,0
3305,2025-11-26,6978,7019.75,6968.75,6998.25,12:48:00,10:01:00,LOD_FIRST,41.75,9.25,0.59830897,0.13255947,51,1,0,6953.25,66.5,100.31705634,97.90155232,0.41618047,0.09220765,1159425,390,0
3306,2025-12-01,6986.5,7028.75,6985.75,7002,13:53:00,09:33:00,LOD_FIRST,42.25,0.75,0.60473771,0.01073499,43,5,0,6998.25,43,97.90155232,93.98001286,0.43155598,0.00766076,1132926,390,0
3307,2025-12-02,7017.25,7036.5,6991,7012.25,11:05:00,11:33:00,HOD_FIRST,19.25,26.25,0.27432399,0.37407816,45.5,1,0,7002,45.5,93.98001286,90.5171548,0.20483079,0.27931471,1220753,390,0
3308,2025-12-03,7002.25,7046.25,6993.25,7035.5,15:13:00,09:54:00,LOD_FIRST,44,9,0.62836945,0.12853012,53,1,0,7012.25,53,90.5171548,87.83735803,0.4860957,0.09942867,1007513,390,0
3309,2025-12-04,7049.25,7049.75,7009.25,7040.5,09:31:00,14:24:00,HOD_FIRST,0.5,40,0.00709295,0.56743625,40.5,1,0,7035.5,40.5,87.83735803,84.45611817,0.00569234,0.4553871,1095598,390,0
3310,2025-12-05,7048.25,7078,7039.5,7049.75,10:33:00,12:38:00,HOD_FIRST,29.75,8.75,0.42209059,0.12414429,38.5,1,0,7040.5,38.5,84.45611817,81.1735383,0.35225394,0.1036041,1081564,390,0
3311,2025-12-08,7058.75,7059.25,7008.25,7029.5,09:31:00,13:59:00,HOD_FIRST,0.5,50.5,0.00708341,0.71542412,51,3,0,7049.75,51,81.1735383,79.01828557,0.00615964,0.62212392,965025,390,0
3312,2025-12-09,7023.5,7045.75,7017.5,7022.25,11:36:00,15:59:00,HOD_FIRST,22.25,6,0.31679362,0.08542749,28.25,1,0,7029.5,28.25,79.01828557,75.39197945,0.28158039,0.07593179,757373,390,0
3313,2025-12-10,7016.5,7081,7003.75,7065,15:35:00,09:37:00,LOD_FIRST,64.5,12.75,0.91926174,0.18171453,77.25,1,0,7022.25,77.25,75.39197945,75.52469521,0.85552867,0.16911613,1151867,390,0
3314,2025-12-11,7041,7082.25,7011,7081,14:51:00,10:01:00,LOD_FIRST,41.25,30,0.58585428,0.42607584,71.25,1,0,7065,71.25,75.52469521,75.21935984,0.54617897,0.39722107,1209466,390,0
3315,2025-12-12,7069.25,7076,6978,7004.25,09:40:00,11:39:00,HOD_FIRST,6.75,91.25,0.09548396,1.29080171,98,1,0,7081,103,75.21935984,77.20369128,0.08973754,1.21311854,1587047,390,0
3316,2025-12-15,7044,7044.75,6979.25,6993.75,09:31:00,10:30:00,HOD_FIRST,0.75,64.75,0.01064736,0.91922203,65.5,3,0,7004.25,65.5,77.20369128,76.36771333,0.00971456,0.83869047,480856,390,0
3317,2025-12-16,6977.25,6996.25,6933.25,6971,10:01:00,13:04:00,HOD_FIRST,19,44,0.27231359,0.63062095,63,1,0,6993.75,63,76.36771333,75.41287666,0.24879624,0.57615972,1385966,390,0
3318,2025-12-17,6981.25,6987,6891.25,6892.75,09:32:00,15:59:00,HOD_FIRST,5.75,90,0.08236347,1.28916741,95.75,1,0,6971,95.75,75.41287666,76.86552833,0.07624693,1.19343014,1328533,390,0
3319,2025-12-18,6955.5,6987.75,6927.5,6944.25,11:38:00,12:27:00,HOD_FIRST,32.25,28,0.46366185,0.40255913,60.25,1,0,6892.75,95,76.86552833,78.16084773,0.41956389,0.36427252,1664448,390,0
3320,2025-12-19,6963,7009.5,6961.5,7004.25,13:17:00,09:31:00,LOD_FIRST,46.5,1.5,0.6678156,0.02154244,48,1,0,6944.25,65.25,78.16084773,77.23864432,0.59492702,0.01919119,985481,390,0
3321,2025-12-22,7037.5,7052,7024.25,7045.25,12:58:00,10:38:00,LOD_FIRST,14.5,13.25,0.20603908,0.18827709,27.75,3,0,7004.25,47.75,77.23864432,75.13231259,0.18772986,0.17154625,777562,390,0
3322,2025-12-23,7035,7079.5,7034.5,7076,15:59:00,09:31:00,LOD_FIRST,44.5,0.5,0.63255153,0.00710732,45,1,0,7045.25,45,75.13231259,72.98000454,0.59228844,0.00665493,667028,390,0
3323,2025-12-26,7099.25,7109.75,7084.75,7095.75,09:47:00,13:24:00,HOD_FIRST,10.5,14.5,0.14790295,0.20424693,25,3,0,7076,33.75,72.98000454,70.17786136,0.14387503,0.19868456,504380,390,0
3324,2025-12-29,7067,7083.5,7051.75,7070.75,09:38:00,12:29:00,HOD_FIRST,16.5,15.25,0.23347955,0.21579171,31.75,3,0,7095.75,44,70.17786136,68.30801412,0.23511688,0.217305,674239,390,0
3325,2025-12-30,7065.5,7077.25,7056.5,7061,11:23:00,10:43:00,LOD_FIRST,11.75,9,0.16630104,0.12737952,20.75,1,0,7070.75,20.75,68.30801412,64.91101311,0.17201496,0.13175614,602118,390,0
3326,2025-12-31,7061,7063.25,7006,7007.5,09:31:00,16:00:00,HOD_FIRST,2.25,55,0.03186517,0.7789265,57.25,1,0,7061,57.25,64.91101311,64.36379789,0.03466284,0.84731384,759424,390,0
3327,2026-01-02,7043.5,7055.5,6982.5,7016,10:02:00,13:51:00,HOD_FIRST,12,61,0.17036984,0.86604671,73,2,0,7007.5,73,64.36379789,64.98066947,0.18644021,0.94773773,1311291,390,0
3328,2026-01-05,7050,7079.25,7048.5,7061.75,11:52:00,09:31:00,LOD_FIRST,29.25,1.5,0.41489362,0.0212766,30.75,3,0,7016,63.25,64.98066947,64.85705022,0.45013387,0.02308379,989306,390,0
3329,2026-01-06,7062.5,7107.25,7061.25,7102,15:51:00,09:43:00,LOD_FIRST,44.75,1.25,0.63362832,0.01769912,46,1,0,7061.75,46,64.85705022,63.51011806,0.68997896,0.01927316,941656,390,0
3330,2026-01-07,7104.75,7122.5,7075,7078.75,12:09:00,15:41:00,HOD_FIRST,17.75,29.75,0.24983286,0.41873395,47.5,1,0,7102,47.5,63.51011806,62.3665382,0.27948303,0.4684293,1016255,390,0
3331,2026-01-08,7069.5,7088.25,7055.75,7076.5,12:53:00,09:46:00,LOD_FIRST,18.75,13.75,0.26522385,0.19449749,32.5,1,0,7078.75,32.5,62.3665382,60.23321405,0.30064199,0.22047079,1044036,390,0
3332,2026-01-09,7086,7133.25,7071.5,7120.5,15:23:00,10:09:00,LOD_FIRST,47.25,14.5,0.66680779,0.20462885,61.75,1,0,7076.5,61.75,60.23321405,60.3415559,0.78445092,0.24073097,1065467,390,0
3333,2026-01-12,7085.25,7141,7084.5,7131.75,15:03:00,09:31:00,LOD_FIRST,55.75,0.75,0.78684591,0.01058537,56.5,3,0,7120.5,56.5,60.3415559,60.06715905,0.92390723,0.01242925,723609,390,0
3334,2026-01-13,7134.25,7140,7092.5,7116.5,09:41:00,15:35:00,HOD_FIRST,5.75,41.75,0.08059712,0.58520517,47.5,1,0,7131.75,47.5,60.06715905,59.16950483,0.09572619,0.69505535,1090021,390,0
3335,2026-01-14,7088,7095.5,7039,7083.75,09:35:00,11:56:00,HOD_FIRST,7.5,49,0.10581264,0.69130926,56.5,1,0,7116.5,77.5,59.16950483,60.47882591,0.12675448,0.82812929,1435544,390,0
3336,2026-01-15,7124.75,7133,7090.5,7100.5,12:06:00,15:22:00,HOD_FIRST,8.25,34.25,0.11579354,0.48071862,42.5,1,0,7083.75,49.25,60.47882591,59.67676692,0.13641138,0.5663139,994119,390,0
3337,2026-01-16,7112.25,7118,7076.25,7092.25,09:32:00,10:43:00,HOD_FIRST,5.75,36,0.08084643,0.50616893,41.75,1,0,7100.5,41.75,59.67676692,58.39628357,0.0963524,0.60324984,1001715,390,0
3338,2026-01-20,6987.5,7020.5,6938,6949.5,10:43:00,16:00:00,HOD_FIRST,33,49.5,0.47227191,0.70840787,82.5,4,0,7092.25,154.25,58.39628357,65.2429776,0.56510445,0.84765668,1594678,390,0
3339,2026-01-21,6968.5,7061,6953,7026.75,15:01:00,12:16:00,LOD_FIRST,92.5,15.5,1.32740188,0.2224295,108,1,0,6949.5,111.5,65.2429776,68.54705063,1.41777711,0.23757346,1738158,390,0
3340,2026-01-22,7071.75,7084.75,7041.25,7061.75,13:04:00,10:08:00,LOD_FIRST,13,30.5,0.18383003,0.43129353,43.5,1,0,7026.75,58,68.54705063,67.79368987,0.18965076,0.44494985,1016196,390,0
3341,2026-01-23,7050.75,7079.75,7040.75,7061.25,11:04:00,09:41:00,LOD_FIRST,29,10,0.41130376,0.14182888,39,1,0,7061.75,39,67.79368987,65.73699774,0.42776843,0.14750635,935620,390,0
3342,2026-01-26,7073.5,7111.25,7067.75,7096.5,13:33:00,09:31:00,LOD_FIRST,37.75,5.75,0.53368205,0.08128932,43.5,3,0,7061.25,50,65.73699774,64.61292647,0.57425805,0.08746977,772587,390,0
3343,2026-01-27,7110,7134.25,7104,7124.5,11:41:00,09:40:00,LOD_FIRST,24.25,6,0.34106892,0.08438819,30.25,1,0,7096.5,37.75,64.61292647,62.69414601,0.3753119,0.09286068,740540,390,0
3344,2026-01-28,7138.5,7146.75,7107,7122.25,09:46:00,14:31:00,HOD_FIRST,8.25,31.5,0.1155705,0.44126917,39.75,1,0,7124.5,39.75,62.69414601,61.05527844,0.13159123,0.50243925,880256,390,0
3345,2026-01-29,7130.75,7137.25,7014,7105.5,09:31:00,11:08:00,HOD_FIRST,6.5,116.75,0.09115451,1.63727518,123.25,1,0,7122.25,123.25,61.05527844,65.49775855,0.1064609,1.91220158,1622826,390,0
3346,2026-01-30,7082,7107,7034.5,7083.75,10:48:00,13:23:00,HOD_FIRST,25,47.5,0.35300762,0.67071449,72.5,1,0,7105.5,72.5,65.49775855,65.99791865,0.38169245,0.72521566,1597009,390,0
3347,2026-02-02,7059.25,7133,7057.5,7118.75,12:57:00,09:31:00,LOD_FIRST,73.75,1.75,1.04472855,0.02479017,75.5,3,0,7083.75,75.5,65.99791865,66.67663875,1.11745948,0.02651599,1006688,390,0
3348,2026-02-03,7125.25,7132.75,7002,7056.25,09:32:00,14:09:00,HOD_FIRST,7.5,123.25,0.10525946,1.72976387,130.75,1,0,7118.75,130.75,66.67663875,71.25330741,0.11248317,1.8484735,1656746,390,0
3349,2026-02-04,7065,7076.5,6978.25,7022,09:50:00,12:51:00,HOD_FIRST,11.5,86.75,0.16277424,1.22788393,98.25,1,0,7056.25,98.25,71.25330741,73.18164259,0.16139602,1.21748734,1783765,390,0
3350,2026-02-05,6969.25,6997,6917.25,6933.5,09:51:00,11:15:00,HOD_FIRST,27.75,52,0.39817771,0.74613481,79.75,1,0,7022,104.75,73.18164259,75.43652527,0.37919346,0.71056071,1586794,390,0
3351,2026-02-06,6972,7081.25,6966,7064.5,15:52:00,09:31:00,LOD_FIRST,109.25,6,1.56698221,0.08605852,115.25,1,0,6933.5,147.75,75.43652527,80.60177346,1.44823744,0.07953707,1297203,390,0
3352,2026-02-09,7051.25,7116.25,7040,7096,14:29:00,09:32:00,LOD_FIRST,65,11.25,0.92182237,0.15954618,76.25,3,0,7064.5,76.25,80.60177346,80.2909325,0.80643387,0.13957509,878619,390,0
3353,2026-02-10,7105.5,7122.25,7072.75,7077,10:32:00,15:57:00,HOD_FIRST,16.75,32.75,0.23573288,0.46091056,49.5,1,0,7096,49.5,80.2909325,78.09158018,0.20861633,0.40789164,936045,390,0
3354,2026-02-11,7119.5,7127.25,7046.75,7074.5,09:32:00,10:27:00,HOD_FIRST,7.75,72.75,0.10885596,1.02184142,80.5,1,0,7077,80.5,78.09158018,78.26361016,0.09924245,0.93159851,1217732,390,0
3355,2026-02-12,7097.25,7108.5,6957.75,6966.25,09:42:00,15:52:00,HOD_FIRST,11.25,139.5,0.1585121,1.96555004,150.75,1,0,7074.5,150.75,78.26361016,83.44120944,0.14374497,1.78243758,1777865,390,0
3356,2026-02-13,6967.25,7013.5,6924.5,6965.75,12:43:00,09:43:00,LOD_FIRST,46.25,42.75,0.66382002,0.61358499,89,1,0,6966.25,89,83.44120944,83.83826591,0.55428247,0.51233677,1325529,390,0
3357,2026-02-17,6950.75,6999.5,6906.75,6978.25,14:42:00,10:41:00,LOD_FIRST,48.75,44,0.70136316,0.63302521,92.75,4,0,6965.75,92.75,83.83826591,84.47481834,0.58147672,0.52482002,1299254,390,0
3358,2026-02-18,6989.5,7041.5,6977.25,7011.25,13:03:00,09:31:00,LOD_FIRST,52,12.25,0.7439731,0.17526289,64.25,1,0,6978.25,64.25,84.47481834,83.03018846,0.61556806,0.14501363,1056888,390,0
3359,2026-02-19,6986.5,7010.25,6963.5,6994,10:04:00,13:21:00,HOD_FIRST,23.75,23,0.33994132,0.32920633,46.75,1,0,7011.25,47.75,83.03018846,80.510175,0.28604054,0.27700768,992456,390,0
3360,2026-02-20,6968.5,7047.25,6963,7040.5,13:48:00,09:31:00,LOD_FIRST,78.75,5.5,1.13008538,0.0789266,84.25,1,0,6994,84.25,80.510175,80.77730536,0.97813724,0.06831435,1475598,390,0
3361,2026-02-23,7023.75,7046,6948.5,6969.75,09:39:00,11:17:00,HOD_FIRST,22.25,75.25,0.31678235,1.07136501,97.5,3,0,7040.5,97.5,80.77730536,81.97178355,0.27544865,0.93157354,1143307,390,0
3362,2026-02-24,6963.25,7028.5,6944.25,7019,15:51:00,09:37:00,LOD_FIRST,65.25,19,0.93706243,0.27286109,84.25,1,0,6969.75,84.25,81.97178355,82.13451329,0.79600562,0.23178708,1049859,390,0
3363,2026-02-25,7046.25,7081.5,7045.5,7075.25,15:51:00,09:31:00,LOD_FIRST,35.25,0.75,0.5002661,0.01064396,36,1,0,7019,62.5,82.13451329,80.73204806,0.42917403,0.00913136,776539,390,0
3364,2026-02-26,7076.75,7077,6986.5,7037.25,09:31:00,10:35:00,HOD_FIRST,0.25,90.25,0.0035327,1.27530293,90.5,1,0,7075.25,90.5,80.73204806,81.42975891,0.00309666,1.11789558,1293209,390,0
3365,2026-02-27,6971.5,7009.75,6957.25,7004,16:00:00,09:44:00,LOD_FIRST,38.25,14.25,0.54866241,0.20440364,52.5,1,0,7037.25,80,81.42975891,81.32763327,0.46972999,0.17499745,1246648,390,0
3366,2026-03-02,6926.75,7027,6920.25,7003,14:38:00,09:31:00,LOD_FIRST,100.25,6.5,1.44728769,0.0938391,106.75,3,0,7004,106.75,81.32763327,83.14351661,1.23266836,0.07992363,1259614,390,0
3367,2026-03-03,6888.5,6965.5,6834.5,6941.5,14:47:00,10:28:00,LOD_FIRST,77,54,1.11780504,0.78391522,131,1,0,7003,168.5,83.14351661,89.24040828,0.92610949,0.64947938,1625859,390,0
3368,2026-03-04,6954.5,7009.75,6933.5,6988.75,14:51:00,09:46:00,LOD_FIRST,55.25,21,0.79444964,0.30196276,76.25,1,0,6941.5,76.25,89.24040828,88.31252198,0.61911416,0.23531941,1011018,390,0
3369,2026-03-05,6958,6993.25,6892.75,6950.75,10:01:00,14:33:00,HOD_FIRST,35.25,65.25,0.5066111,0.93776947,100.5,1,0,6988.75,100.5,88.31252198,89.18305612,0.39915064,0.73885332,1441637,390,0
3370,2026-03-06,6868,6896.25,6831.5,6858.25,13:14:00,10:00:00,LOD_FIRST,28.25,36.5,0.4113279,0.5314502,64.75,1,0,6950.75,119.25,89.18305612,91.33069497,0.31676421,0.40927057,1355884,390,0
3371,2026-03-09,6797.25,6934.25,6756.75,6917.5,15:39:00,10:12:00,LOD_FIRST,137,40.5,2.01552098,0.5958292,177.5,3,0,6858.25,177.5,91.33069497,97.48564533,1.50004333,0.44344347,1469054,390,0
3372,2026-03-10,6910.75,6967.75,6880.75,6903.75,13:29:00,10:10:00,LOD_FIRST,57,30,0.82480194,0.43410628,87,1,0,6917.5,87,97.48564533,96.73667066,0.58470147,0.30773762,1393126,390,0
3373,2026-03-11,6908.25,6933.75,6865.5,6895.5,10:02:00,13:39:00,HOD_FIRST,25.5,42.75,0.36912387,0.61882532,68.25,1,0,6903.75,68.25,96.73667066,94.70190847,0.26360221,0.44192135,1175949,390,0
3374,2026-03-12,6842.5,6847.75,6791,6792,09:40:00,16:00:00,HOD_FIRST,5.25,51.5,0.07672634,0.75264889,56.75,1,0,6895.5,104.5,94.70190847,95.40177215,0.05543711,0.54381164,1434749,390,0
3375,2026-03-13,6822.25,6853.25,6742.75,6752.75,09:47:00,15:44:00,HOD_FIRST,31,79.5,0.45439554,1.1653047,110.5,1,0,6792,110.5,95.40177215,96.480217,0.32494155,0.83331785,1371898,390,0
3376,2026-03-16,6813,6850,6800.25,6818.75,15:11:00,12:26:00,LOD_FIRST,37,12.75,0.54307941,0.18714223,49.75,3,0,6752.75,97.25,96.480217,96.5352015,0.38349831,0.13215144,562398,390,0
3377,2026-03-17,6853,6873.75,6829.5,6837,09:47:00,12:08:00,HOD_FIRST,20.75,23.5,0.3027871,0.34291551,44.25,1,0,6818.75,55,96.5352015,93.56840139,0.2149475,0.24343452,848084,390,0
3378,2026-03-18,6811.75,6825,6739,6742.5,09:47:00,16:00:00,HOD_FIRST,13.25,72.75,0.19451683,1.06800749,86,1,0,6837,98,93.56840139,93.88494415,0.14160763,0.77750607,1068690,390,0
3379,2026-03-19,6694.5,6757.25,6677,6724,15:08:00,09:31:00,LOD_FIRST,62.75,17.5,0.93733662,0.26140862,80.25,1,0,6742.5,80.25,93.88494415,92.91101957,0.66837128,0.18639836,1365235,390,0
3380,2026-03-20,6708,6708.25,6589,6628,09:46:00,15:39:00,HOD_FIRST,0.25,119,0.00372689,1.77400119,119.25,1,0,6724,135,92.91101957,95.91737531,0.00269075,1.28079533,1429214,390,0
3381,2026-03-23,6723.25,6770,6681.25,6696.75,11:04:00,12:30:00,HOD_FIRST,46.75,42,0.69534823,0.62469788,88.75,3,0,6628,142,95.91737531,99.20899136,0.48739866,0.43787687,1322355,390,0
3382,2026-03-24,6654.5,6711.25,6638.75,6672.25,11:52:00,09:42:00,LOD_FIRST,56.75,15.75,0.85280637,0.23668194,72.5,1,0,6696.75,72.5,99.20899136,97.30120626,0.57202477,0.15875577,1393136,390,0
3383,2026-03-25,6727,6750,6681.75,6707.25,09:38:00,11:18:00,HOD_FIRST,23,45.25,0.34190575,0.67266241,68.25,1,0,6672.25,77.75,97.30120626,95.90469153,0.23637939,0.46505076,1260913,390,0
3384,2026-03-26,6658.25,6687.25,6585.5,6588.25,10:16:00,16:00:00,HOD_FIRST,29,72.75,0.43554988,1.09262944,101.75,1,0,6707.25,121.75,95.90469153,97.75078499,0.30238354,0.7585656,1204322,390,0
3385,2026-03-27,6560,6561,6463.5,6472.5,09:31:00,15:53:00,HOD_FIRST,1,96.5,0.0152439,1.47103659,97.5,1,0,6588.25,124.75,97.75078499,99.67930035,0.0102301,0.98720435,1408732,390,0
3386,2026-03-30,6533,6536.5,6424.75,6453,09:32:00,15:30:00,HOD_FIRST,3.5,108.25,0.05357416,1.65697229,111.75,3,0,6472.5,111.75,99.67930035,100.54149318,0.03511261,1.08598274,1259420,390,0
3387,2026-03-31,6522.5,6648.5,6512.25,6634.25,15:51:00,10:57:00,LOD_FIRST,126,10.25,1.93177463,0.15714833,136.25,1,0,6453,195.5,100.54149318,107.32424367,1.25321393,0.10194796,1714840,390,0
3388,2026-04-01,6671.5,6719,6663.25,6684.75,13:21:00,09:49:00,LOD_FIRST,47.5,8.25,0.71198381,0.12366035,55.75,1,0,6634.25,84.75,107.32424367,105.71179769,0.44258406,0.07686986,1254080,390,0
3389,2026-04-02,6593,6709.75,6579.5,6688.5,10:38:00,09:41:00,LOD_FIRST,116.75,13.5,1.77081753,0.20476263,130.25,1,0,6684.75,130.25,105.71179769,107.46452643,1.10441788,0.12770571,1452057,390,0
3390,2026-04-06,6687,6726.25,6683,6718.25,10:01:00,09:38:00,LOD_FIRST,39.25,4,0.58695977,0.05981756,43.25,4,0,6688.5,43.25,107.46452643,102.87777454,0.3652368,0.03722158,805526,390,0
3391,2026-04-07,6694.75,6724.75,6638,6720.75,16:00:00,11:07:00,LOD_FIRST,30,56.75,0.44811233,0.84767915,86.75,1,0,6718.25,86.75,102.87777454,101.72579065,0.29160817,0.55162546,1472103,390,0
3392,2026-04-08,6894.75,6902,6845.25,6888.75,09:31:00,10:57:00,HOD_FIRST,7.25,49.5,0.10515247,0.71793756,56.75,1,0,6720.75,181.25,101.72579065,107.40609131,0.07127003,0.48660226,1467389,390,0
3393,2026-04-09,6878,6941.25,6867,6927,13:41:00,10:34:00,LOD_FIRST,63.25,11,0.91959872,0.15993021,74.25,1,0,6888.75,74.25,107.40609131,105.03779908,0.58888653,0.10241505,1251520,390,0
3394,2026-04-10,6940.25,6948.25,6911.5,6920.75,11:25:00,13:31:00,HOD_FIRST,8,28.75,0.11526962,0.41425021,36.75,1,0,6927,36.75,105.03779908,100.16009914,0.07616306,0.27371099,1007189,390,0
3395,2026-04-13,6900,6990,6891.75,6986.5,15:57:00,09:38:00,LOD_FIRST,90,8.25,1.30434783,0.11956522,98.25,3,0,6920.75,98.25,100.16009914,100.02366349,0.89856141,0.08236813,1150229,390,0
3396,2026-04-14,7003,7073.25,7002.75,7071.25,15:33:00,09:31:00,LOD_FIRST,70.25,0.25,1.00314151,0.0035699,70.5,1,0,6986.5,86.75,100.02366349,99.07554467,0.7023338,0.00249941,1011599,390,0
3397,2026-04-15,7079.5,7129.75,7069.25,7125.25,15:56:00,09:45:00,LOD_FIRST,50.25,10.25,0.70979589,0.14478424,60.5,1,0,7071.25,60.5,99.07554467,96.32014862,0.50718873,0.10345641,1042507,390,0
3398,2026-04-16,7136.75,7154.25,7111.75,7142,12:20:00,09:56:00,LOD_FIRST,17.5,25,0.24520965,0.35029951,42.5,1,0,7125.25,42.5,96.32014862,92.47585229,0.18168577,0.25955109,1089736,390,0
3399,2026-04-17,7186.5,7251,7182.25,7226.75,12:46:00,09:49:00,LOD_FIRST,64.5,4.25,0.89751618,0.05913866,68.75,1,0,7142,109,92.47585229,93.65614856,0.69747938,0.04595794,1301063,390,0
3400,2026-04-20,7213.5,7224.75,7186.75,7213.5,09:57:00,11:08:00,HOD_FIRST,11.25,26.75,0.15595758,0.37083247,38,3,0,7226.75,40,93.65614856,89.82356652,0.12012025,0.28561926,984343,390,0
3401,2026-04-21,7227.75,7237.75,7150.25,7165.75,10:16:00,15:45:00,HOD_FIRST,10,77.5,0.13835564,1.07225623,87.5,1,0,7213.5,87.5,89.82356652,89.65759748,0.11132936,0.86280253,1479226,390,0
3402,2026-04-22,7215.5,7238.25,7206,7235.5,16:00:00,09:36:00,LOD_FIRST,22.75,9.5,0.31529347,0.13166101,32.25,1,0,7165.75,72.5,89.65759748,88.4320548,0.25374314,0.10595867,867879,390,0
3403,2026-04-23,7217.5,7246.75,7144.5,7207,11:33:00,13:47:00,HOD_FIRST,29.25,73,0.40526498,1.01143055,102.25,1,0,7235.5,102.25,88.4320548,89.41905089,0.33076241,0.82549252,1447358,390,0
3404,2026-04-24,7227.75,7265.75,7210.25,7260,13:55:00,09:57:00,LOD_FIRST,38,17.5,0.52575144,0.24212238,55.5,1,0,7207,58.75,89.41905089,87.2284044,0.42496537,0.19570774,1064637,390,0
3405,2026-04-27,7251.5,7276.5,7242.25,7272.5,15:51:00,11:23:00,LOD_FIRST,25,9.25,0.34475626,0.12755982,34.25,3,0,7260,34.25,87.2284044,83.44423265,0.28660389,0.10604344,807909,390,0
3406,2026-04-28,7237.25,7248.25,7211.5,7236.75,09:44:00,10:52:00,HOD_FIRST,11,25.75,0.15199143,0.35579813,36.75,1,0,7272.5,61,83.44423265,81.84107318,0.13182457,0.30858933,1012633,390,0
3407,2026-04-29,7228.5,7240.5,7202.25,7235.5,10:38:00,14:46:00,HOD_FIRST,12,26.25,0.16600955,0.36314588,38.25,1,0,7236.75,38.25,81.84107318,78.72742509,0.14662564,0.32074359,1011724,390,0
3408,2026-04-30,7265.25,7317,7222.5,7303.5,16:00:00,10:18:00,LOD_FIRST,51.75,42.75,0.71229483,0.58841747,94.5,1,0,7235.5,94.5,78.72742509,79.85403759,0.65733129,0.54301281,1222625,390,0
3409,2026-05-01,7329.75,7366,7320.75,7322.75,10:23:00,16:00:00,HOD_FIRST,36.25,9,0.49455984,0.12278727,45.25,1,0,7303.5,62.5,79.85403759,78.61446347,0.45395325,0.11270563,1008323,390,0
3410,2026-05-04,7315.75,7336.25,7264.75,7296.25,10:54:00,12:09:00,HOD_FIRST,20.5,51,0.28021734,0.69712606,71.5,3,0,7322.75,71.5,78.61446347,78.10628751,0.26076626,0.64873559,1206201,390,0
3411,2026-05-05,7332.75,7365,7329.5,7352.25,15:26:00,09:32:00,LOD_FIRST,32.25,3.25,0.43980771,0.04432171,35.5,1,0,7296.25,68.75,78.10628751,77.43798126,0.4128989,0.04160997,837245,390,0
3412,2026-05-06,7396.25,7461,7392.5,7452,15:55:00,09:31:00,LOD_FIRST,64.75,3.75,0.87544364,0.05070137,68.5,1,0,7352.25,108.75,77.43798126,79.67455403,0.836153,0.04842585,1065469,390,0
3413,2026-05-07,7464.5,7475.25,7410.75,7429.5,11:01:00,14:46:00,HOD_FIRST,10.75,53.75,0.144015,0.72007502,64.5,1,0,7452,64.5,79.67455403,78.59065731,0.13492388,0.6746194,1376680,390,0
3414,2026-05-08,7461,7493,7457,7486.25,14:01:00,09:41:00,LOD_FIRST,32,4,0.42889693,0.05361212,36,1,0,7429.5,63.5,78.59065731,77.51275322,0.40717308,0.05089664,909148,390,0
3415,2026-05-11,7475.25,7520,7475.25,7504,13:46:00,09:31:00,LOD_FIRST,44.75,0,0.59864219,0,44.75,3,0,7486.25,44.75,77.51275322,75.17255656,0.57732435,0,925225,390,0
3416,2026-05-12,7479.25,7499,7428.5,7493.5,15:54:00,11:27:00,LOD_FIRST,19.75,50.75,0.26406391,0.67854397,70.5,1,0,7504,75.5,75.17255656,75.19594538,0.26272886,0.6751134,1277774,390,0
3417,2026-05-13,7494.5,7549,7464.25,7533.75,14:16:00,09:49:00,LOD_FIRST,54.5,30.25,0.72719995,0.40362933,84.75,1,0,7493.5,84.75,75.19594538,75.87837785,0.72477312,0.40228233,954487,390,0
3418,2026-05-14,7546.25,7605.25,7545,7591.25,12:07:00,09:31:00,LOD_FIRST,59,1.25,0.78184529,0.01656452,60.25,1,0,7533.75,71.5,75.87837785,75.56563657,0.77756011,0.01647373,1066109,390,0
3419,2026-05-15,7524.75,7541,7485.5,7497.75,14:09:00,09:48:00,LOD_FIRST,16.25,39.25,0.21595402,0.52161201,55.5,1,0,7591.25,105.75,75.56563657,77.72166253,0.21504484,0.51941599,1349274,390,0
3420,2026-05-18,7503.75,7519.5,7438.75,7491.5,09:58:00,14:59:00,HOD_FIRST,15.75,65,0.20989505,0.86623355,80.75,3,0,7497.75,80.75,77.72166253,77.93797235,0.20264621,0.83631767,1463376,390,0
3421,2026-05-19,7452,7480.5,7419.5,7442.75,13:25:00,10:49:00,LOD_FIRST,28.5,32.5,0.38244767,0.43612453,61,1,0,7491.5,72,77.93797235,77.51383147,0.36567541,0.41699827,1422305,390,0
3422,2026-05-20,7460.25,7523.25,7442,7516.75,11:17:00,10:14:00,LOD_FIRST,63,18.25,0.84447572,0.24462987,81.25,1,0,7442.75,81.25,77.51383147,77.78070065,0.81275817,0.23544185,1212428,390,0
3423,2026-05-21,7489,7552,7473.75,7530.5,13:56:00,11:11:00,LOD_FIRST,63,15.25,0.84123381,0.20363199,78.25,1,0,7516.75,78.25,77.78070065,77.81422203,0.80996956,0.19606406,1368161,390,0
3424,2026-05-22,7562,7589.25,7544,7556,13:31:00,10:25:00,LOD_FIRST,27.25,18,0.3603544,0.23803227,45.25,1,0,7530.5,58.75,77.81422203,76.45249189,0.35019305,0.23132018,884430,390,0
3425,2026-05-26,7599.25,7620.5,7582.25,7604.5,10:37:00,11:57:00,HOD_FIRST,21.25,17,0.27963286,0.22370629,38.25,4,0,7556,64.5,76.45249189,75.59874247,0.27795039,0.22236031,884813,390,0
3426,2026-05-27,7607.25,7612.25,7580.25,7605.25,10:21:00,13:10:00,HOD_FIRST,5,27,0.06572677,0.35492458,32,1,0,7604.5,32,75.59874247,72.48454658,0.06613867,0.3571488,968618,390,0
3427,2026-05-28,7600.5,7651.75,7590.5,7647.25,15:40:00,09:41:00,LOD_FIRST,51.25,10,0.67429774,0.13157029,61.25,1,0,7605.25,61.25,72.48454658,71.68207896,0.70704726,0.13796044,891064,390,0
3428,2026-05-29,7656,7676.75,7642.75,7660.25,10:01:00,10:46:00,HOD_FIRST,20.75,13.25,0.27102926,0.17306688,34,1,0,7647.25,34,71.68207896,68.9905019,0.28947263,0.18484397,1204262,390,0
3429,2026-06-01,7648.25,7697.5,7641.5,7679.25,13:44:00,09:32:00,LOD_FIRST,49.25,6.75,0.64393816,0.08825548,56,3,0,7660.25,56,68.9905019,68.0626089,0.71386638,0.09783955,1005500,390,0
3430,2026-06-02,7663.5,7697.25,7660.75,7688.75,11:23:00,09:41:00,LOD_FIRST,33.75,2.75,0.4403993,0.03588439,36.5,1,0,7679.25,36.5,68.0626089,65.80813684,0.49586698,0.04040398,763387,390,0
3431,2026-06-03,7673.75,7680,7627.75,7637.75,09:33:00,12:43:00,HOD_FIRST,6.25,46,0.08144649,0.59944616,52.25,1,0,7688.75,61,65.80813684,65.46469849,0.09497306,0.69900171,1014140,390,0
3432,2026-06-04,7613.5,7676.75,7607,7664.75,15:34:00,09:31:00,LOD_FIRST,63.25,6.5,0.83076115,0.08537466,69.75,1,0,7637.75,69.75,65.46469849,65.77079146,0.96616958,0.09929015,854913,390,0
3433,2026-06-05,7613,7618.25,7445,7465.5,09:34:00,15:19:00,HOD_FIRST,5.25,168,0.06896099,2.20675161,173.25,1,0,7664.75,219.75,65.77079146,76.76930635,0.07982267,2.55432535,1833649,390,0
3434,2026-06-08,7522.5,7542,7469,7481.25,11:07:00,15:27:00,HOD_FIRST,19.5,53.5,0.25922233,0.71119973,73,3,0,7465.5,76.5,76.76930635,76.75007019,0.25400777,0.6968931,1238181,390,0
3435,2026-06-09,7523.75,7556.25,7312.5,7457.25,09:50:00,12:41:00,HOD_FIRST,32.5,211.25,0.43196544,2.80777538,243.75,1,0,7481.25,243.75,76.75007019,88.6786366,0.42345238,2.75244048,2072085,390,0
3436,2026-06-10,7420.25,7470,7340.5,7341.25,10:25:00,16:00:00,HOD_FIRST,49.75,79.75,0.67046259,1.07476163,129.5,1,0,7457.25,129.5,88.6786366,91.59444827,0.56101449,0.89931468,1254391,390,0
3437,2026-06-11,7373.25,7485.25,7328.25,7459.5,15:37:00,11:02:00,LOD_FIRST,112,45,1.51900451,0.61031431,157,1,0,7341.25,157,91.59444827,96.2662734,1.22278153,0.49129615,1430388,390,0
3438,2026-06-12,7488.75,7527,7431.75,7498.75,11:26:00,09:50:00,LOD_FIRST,38.25,57,0.51076615,0.76114171,95.25,1,0,7459.5,95.25,96.2662734,96.19368244,0.39733542,0.59210768,898207,390,0
3439,2026-06-15,7600.25,7649.75,7599.5,7629.75,12:03:00,09:31:00,LOD_FIRST,49.5,0.75,0.65129437,0.0098681,50.25,3,0,7498.75,151,96.19368244,100.10841941,0.51458681,0.00779677,427761,390,0
3440,2026-06-16,7627.75,7636.75,7583,7588,09:34:00,16:00:00,HOD_FIRST,9,44.75,0.11799023,0.58667366,53.75,1,0,7629.75,53.75,100.10841941,96.79710374,0.08990253,0.44701535,889183,390,0
3441,2026-06-17,7595.75,7604.25,7472.25,7492.25,10:25:00,15:40:00,HOD_FIRST,8.5,123.5,0.11190468,1.62590923,132,1,0,7588,132,96.79710374,99.31159633,0.08781254,1.27586462,1260831,390,0
3442,2026-06-18,7577.25,7581.5,7535.5,7564.25,09:31:00,09:48:00,HOD_FIRST,4.25,41.75,0.05608895,0.55099145,46,1,0,7492.25,89.25,99.31159633,98.59291087,0.0427946,0.42039401,1084452,390,0
3443,2026-06-22,7573.25,7599.25,7527.25,7540.25,10:11:00,10:56:00,HOD_FIRST,26,46,0.34331364,0.60740105,72,4,0,7564.25,72,98.59291087,96.69341724,0.26371064,0.46656499,1080786,390,0
3444,2026-06-23,7429.5,7491,7415.25,7434.75,10:21:00,09:32:00,LOD_FIRST,61.5,14.25,0.82778114,0.19180295,75.75,1,0,7540.25,125,96.69341724,98.71531601,0.63603089,0.14737301,1312741,390,0
3445,2026-06-24,7447.25,7496.5,7404.25,7428.25,11:02:00,15:11:00,HOD_FIRST,49.25,43,0.66131794,0.57739434,92.25,1,0,7434.75,92.25,98.71531601,98.25350772,0.49890941,0.43559603,1424381,390,0
3446,2026-06-25,7485.75,7490.5,7390.5,7428.5,09:31:00,10:00:00,HOD_FIRST,4.75,95.25,0.0634539,1.27241759,100,1,0,7428.25,100,98.25350772,98.37825717,0.04834433,0.96943104,1304006,390,0
3447,2026-06-26,7380.75,7459.5,7360,7380.25,11:44:00,09:35:00,LOD_FIRST,78.75,20.75,1.06696474,0.28113674,99.5,1,0,7428.5,99.5,98.37825717,98.45838166,0.80048176,0.21092059,1019291,390,0
3448,2026-06-29,7457.25,7505,7409,7497,16:00:00,10:16:00,LOD_FIRST,47.75,48.25,0.64031647,0.64702136,96,3,0,7380.25,124.75,98.45838166,100.3363544,0.48497649,0.49005477,1142766,390,0
3449,2026-06-30,7500,7567.75,7495.75,7544.75,15:19:00,09:33:00,LOD_FIRST,67.75,4.25,0.90333333,0.05666667,72,1,0,7497,72,100.3363544,98.31232908,0.67522884,0.04235753,952265,390,0
3450,2026-07-01,7532.25,7579,7505.75,7542,12:25:00,09:36:00,LOD_FIRST,46.75,26.5,0.62066448,0.35182051,73.25,1,0,7544.75,73.25,98.31232908,96.52216272,0.4755253,0.2695491,965596,390,0
3451,2026-07-02,7555.25,7593.75,7479.5,7526.25,09:53:00,14:00:00,HOD_FIRST,38.5,75.75,0.50957943,1.00261408,114.25,1,0,7542,114.25,96.52216272,97.78843681,0.39887212,0.78479385,1386059,390,0
3452,2026-07-06,7564.75,7602.5,7552.5,7593.5,15:22:00,09:39:00,LOD_FIRST,37.75,12.25,0.49902508,0.16193529,50,4,0,7526.25,76.25,97.78843681,96.24997704,0.38603746,0.12527043,781610,390,0
3453,2026-07-07,7580.75,7587.5,7529.5,7553,09:31:00,10:43:00,HOD_FIRST,6.75,51.25,0.08904132,0.67605448,58,1,0,7593.5,64,96.24997704,93.94640725,0.07012989,0.53246766,971542,390,0
3454,2026-07-08,7507,7536.5,7469.5,7526.75,13:32:00,11:31:00,LOD_FIRST,29.5,37.5,0.39296656,0.49953377,67,1,0,7553,83.5,93.94640725,93.2002353,0.31400881,0.39916375,1042820,390,0
3455,2026-07-09,7546.75,7595,7529.5,7590.75,13:48:00,10:22:00,LOD_FIRST,48.25,17.25,0.63934806,0.22857521,65.5,1,0,7526.75,68.25,93.2002353,91.41807564,0.51770256,0.18508537,791588,390,0
3456,2026-07-10,7592.25,7627.25,7552.75,7620.75,15:51:00,10:34:00,LOD_FIRST,35,39.5,0.46099641,0.52026738,74.5,1,0,7590.75,74.5,91.41807564,90.20964167,0.38285645,0.43208085,783969,390,0
3457,2026-07-13,7595.5,7610.5,7551,7563.25,10:01:00,15:39:00,HOD_FIRST,15,44.5,0.19748535,0.58587321,59.5,3,0,7620.75,69.75,90.20964167,88.74823869,0.16627934,0.49329539,943857,390,0
3458,2026-07-14,7579.5,7603.75,7556.5,7590,10:35:00,10:17:00,LOD_FIRST,24.25,23,0.31994195,0.3034501,47.25,1,0,7563.25,47.25,88.74823869,85.78407878,0.27324486,0.25916007,767083,390,0
3459,2026-07-15,7612.5,7626.25,7571.75,7617,09:38:00,12:42:00,HOD_FIRST,13.75,40.75,0.18062397,0.53530378,54.5,1,0,7590,54.5,85.78407878,83.54950173,0.16028615,0.47502987,1027531,390,0
3460,2026-07-16,7597,7615,7548.25,7577,10:46:00,15:50:00,HOD_FIRST,18,48.75,0.23693563,0.64170067,66.75,1,0,7617,68.75,83.54950173,82.49239446,0.21544114,0.58348642,996690,390,0
3461,2026-07-17,7485.25,7539,7473,7497,10:18:00,09:36:00,LOD_FIRST,53.75,12.25,0.71807889,0.16365519,66,1,0,7577,104,82.49239446,84.028652,0.65157522,0.14849854,1236784,390,0
3462,2026-07-20,7534.5,7552,7478,7486,09:46:00,15:16:00,HOD_FIRST,17.5,56.5,0.23226491,0.74988387,74,3,0,7497,74,84.028652,83.31231971,0.2082623,0.6723897,1010968,390,0
3463,2026-07-21,7526,7554,7504.5,7545.75,12:56:00,09:48:00,LOD_FIRST,28,21.5,0.37204358,0.28567632,49.5,1,0,7486,68,83.31231971,82.21858259,0.33608475,0.25806507,756899,390,0
3464,2026-07-22,7527.75,7563.5,7525.25,7536.5,12:19:00,09:31:00,LOD_FIRST,35.75,2.5,0.4749095,0.03321045,38.25,1,0,7545.75,38.25,82.21858259,79.07796955,0.43481654,0.03040675,726793,390,0
3465,2026-07-23,7453.5,7486.25,7411.75,7444,09:44:00,11:32:00,HOD_FIRST,32.75,41.75,0.43939089,0.56013953,74.5,1,0,7536.5,124.75,79.07796955,82.34025744,0.41414822,0.52795994,1217878,390,0
3466,2026-07-24,7444,7496.5,7431.5,7447.75,12:11:00,10:01:00,LOD_FIRST,52.5,12.5,0.70526599,0.16792047,65,1,0,7444,65,82.34025744,81.10166762,0.6375982,0.1518091,1140985,390,0
3467,2026-07-27,7507.75,7514,7416.25,7449.25,09:37:00,13:19:00,HOD_FIRST,6.25,91.5,0.08324731,1.21874063,97.75,3,0,7447.75,97.75,81.10166762,82.29083422,0.07706377,1.12821355,1155199,390,0
3468,2026-07-28,7449.75,7485.75,7417,7466,12:57:00,09:48:00,LOD_FIRST,36,32.75,0.48323769,0.43961207,68.75,1,0,7449.25,68.75,82.29083422,81.32363178,0.43747278,0.39797871,1023409,390,0
3469,2026-07-29,7456.25,7482.75,7345.75,7350.25,14:55:00,16:00:00,HOD_FIRST,26.5,110.5,0.35540654,1.48197821,137,1,0,7466,137,81.32363178,85.30051522,0.32585854,1.35876863,1546472,390,0
3470,2026-07-30,7414.5,7478.5,7399,7472.75,15:19:00,11:16:00,LOD_FIRST,64,15.5,0.86317351,0.20904983,79.5,1,0,7350.25,128.25,85.30051522,88.36833556,0.75028855,0.18171051,1220542,390,0
3471,2026-07-31,7499,7541,7427.5,7520,15:55:00,10:17:00,LOD_FIRST,42,71.5,0.56007468,0.95346046,113.5,1,0,7472.75,113.5,88.36833556,90.16345445,0.47528337,0.80911335,1421147,390,0
3472,2026-08-03,7546.25,7637.75,7542.75,7628.5,15:03:00,09:31:00,LOD_FIRST,91.5,3.5,1.21252278,0.04638065,95,3,0,7520,117.75,90.16345445,92.13392199,1.01482358,0.03881839,1080316,390,0
3473,2026-08-04,7657.5,7786,7656,7764,15:47:00,09:31:00,LOD_FIRST,128.5,1.5,1.67809337,0.01958864,130,1,0,7628.5,157.5,92.13392199,96.80292756,1.39470889,0.01628065,1299173,390,0
3474,2026-08-05,7809.75,7820.25,7745.75,7747.75,09:40:00,16:00:00,HOD_FIRST,10.5,64,0.13444733,0.81948846,74.5,1,0,7764,74.5,96.80292756,95.20986131,0.10846779,0.66113703,1145083,390,0
3475,2026-08-06,7752,7768.5,7724.25,7735.25,10:20:00,12:17:00,HOD_FIRST,16.5,27.75,0.2128483,0.35797214,44.25,1,0,7747.75,44.25,95.20986131,91.56987121,0.17330138,0.29146141,997617,390,0
3476,2026-08-07,7757.25,7786.75,7743.5,7778.25,11:27:00,10:13:00,LOD_FIRST,29.5,13.75,0.38028941,0.17725354,43.25,1,0,7735.25,51.5,91.56987121,88.70773756,0.32215837,0.15015856,915525,390,0
3477,2026-08-10,7773,7798,7764.5,7778,10:48:00,12:32:00,HOD_FIRST,25,8.5,0.32162614,0.10935289,33.5,3,0,7778.25,33.5,88.70773756,84.76432773,0.28182434,0.09582028,699486,390,0
3478,2026-08-11,7791.75,7792.5,7738,7749.75,09:31:00,14:30:00,HOD_FIRST,0.75,53.75,0.00962557,0.68983219,54.5,1,0,7778,54.5,84.76432773,82.60259004,0.00884806,0.63411109,765460,390,0
3479,2026-08-12,7791.75,7794,7756.5,7769.5,09:31:00,10:32:00,HOD_FIRST,2.25,35.25,0.0288767,0.45240158,37.5,1,0,7749.75,44.25,82.60259004,79.86311932,0.02723886,0.42674207,703538,390,0
3480,2026-08-13,7793.25,7838.5,7785.5,7823.25,10:36:00,09:31:00,LOD_FIRST,45.25,7.75,0.58063067,0.09944503,53,1,0,7769.5,69,79.86311932,79.08718222,0.56659445,0.09704104,887338,390,0
3481,2026-08-14,7827.75,7830.75,7796.5,7805.5,10:09:00,13:38:00,HOD_FIRST,3,31.25,0.03832519,0.39922072,34.25,1,0,7823.25,34.25,79.08718222,75.88452635,0.03793282,0.39513356,697481,390,0
3482,2026-08-17,7803,7809.5,7766.25,7768.75,09:32:00,15:57:00,HOD_FIRST,6.5,36.75,0.08330129,0.4709727,43.25,3,0,7805.5,43.25,75.88452635,73.55348875,0.08565646,0.48428845,771885,390,0
3483,2026-08-18,7726.25,7735.25,7710.25,7715.25,09:42:00,16:00:00,HOD_FIRST,9,16,0.11648601,0.20708623,25,1,0,7768.75,58.5,73.55348875,72.47823956,0.12235993,0.21752877,963346,390,0
3484,2026-08-19,7743.5,7764.75,7720.75,7731.25,11:02:00,09:52:00,LOD_FIRST,21.25,22.75,0.27442371,0.2937948,44,1,0,7715.25,49.5,72.47823956,70.83693673,0.29319145,0.31388731,1067055,390,0
3485,2026-08-20,7698,7720,7659,7665.25,11:04:00,16:00:00,HOD_FIRST,22,39,0.28578852,0.5066251,61,1,0,7731.25,72.25,70.83693673,70.93786982,0.31057244,0.55056023,1105265,390,0
3486,2026-08-21,7695.75,7714,7676.75,7691.75,11:54:00,09:55:00,LOD_FIRST,18.25,19,0.23714388,0.24688952,37.25,1,0,7665.25,48.75,70.93786982,69.35302198,0.25726738,0.26784001,890249,390,0
3487,2026-08-24,7681.75,7686.5,7655,7669.75,12:23:00,09:46:00,LOD_FIRST,4.75,26.75,0.06183487,0.34822794,31.5,3,0,7691.75,36.75,69.35302198,67.02423469,0.06849017,0.38570778,838509,390,0
3488,2026-08-25,7695,7701.25,7663.25,7691,09:35:00,10:31:00,HOD_FIRST,6.25,31.75,0.08122157,0.41260559,38,1,0,7669.75,38,67.02423469,64.95107507,0.09324985,0.47370925,740077,390,0
3489,2026-08-26,7678.75,7705.5,7671,7692,15:05:00,12:44:00,LOD_FIRST,26.75,7.75,0.34836399,0.10092789,34.5,1,0,7691,34.5,64.95107507,62.77599828,0.41184846,0.11932058,804888,390,0
3490,2026-08-27,7716.25,7755.5,7702.75,7741.25,13:11:00,09:36:00,LOD_FIRST,39.25,13.5,0.50866677,0.17495545,52.75,1,0,7692,63.5,62.77599828,62.82771269,0.62523896,0.21505034,1029444,390,0
3491,2026-08-28,7746.25,7782.5,7711.75,7722.5,11:02:00,13:11:00,HOD_FIRST,36.25,34.5,0.46796837,0.4453768,70.75,1,0,7741.25,70.75,62.82771269,63.39359036,0.57697469,0.54912074,1283646,390,0
3492,2026-08-31,7701.25,7708.25,7674.75,7698,16:00:00,10:26:00,LOD_FIRST,7,26.5,0.09089434,0.34409998,33.5,3,0,7722.5,47.75,63.39359036,62.27619104,0.11042126,0.41802333,924587,390,0
3493,2026-09-01,7647,7673.75,7621.5,7642.25,11:53:00,14:45:00,HOD_FIRST,26.75,25.5,0.34981038,0.3334641,52.25,1,0,7698,76.5,62.27619104,63.29217739,0.42953815,0.40946628,1231406,,
3494,2026-09-02,7650.5,7691.25,7643,7678.25,11:30:00,09:37:00,LOD_FIRST,40.75,7.5,0.53264493,0.09803281,48.25,1,0,7642.25,49,63.29217739,62.27130758,0.64383944,0.11849806,996244,,
3495,2026-09-03,7704.25,7766.5,7700,7754.75,14:16:00,10:56:00,LOD_FIRST,62.25,4.25,0.80799559,0.05516436,66.5,1,0,7678.25,88.25,62.27130758,64.12692847,0.99965783,0.06824973,1143448,390,0
3496,2026-09-04,7742,7751,7711.75,7722,09:36:00,11:31:00,HOD_FIRST,9,30.25,0.11624903,0.39072591,39.25,1,0,7754.75,43,64.12692847,62.61786215,0.14034666,0.47172071,938301,390,0
3497,2026-09-08,7711.25,7717.75,7672.25,7680.5,09:30:00,15:59:00,HOD_FIRST,6.5,39,0.08429243,0.50575458,45.5,4,0,7722,49.75,62.61786215,61.69872914,0.10380425,0.62282548,1042056,390,0
3498,2026-09-09,7660.75,7665,7628.75,7643.75,11:00:00,11:25:00,HOD_FIRST,4.25,32,0.0554776,0.41771367,36.25,1,0,7680.5,51.75,61.69872914,60.98810563,0.0688831,0.51864926,1060766,390,0
3499,2026-09-10,7598.75,7620,7585.5,7598.5,10:24:00,10:09:00,LOD_FIRST,21.25,13.25,0.27965126,0.17437078,34.5,1,0,7643.75,58.25,60.98810563,60.79252665,0.3484286,0.21725548,1178770,390,0
3500,2026-09-11,7732.25,7749.75,7720.75,7727.25,09:59:00,10:47:00,HOD_FIRST,17.5,11.5,0.22632481,0.14872773,29,1,0,7598.5,151.25,60.79252665,67.25377475,0.28786433,0.18916799,90489,390,0
3501,2026-09-14,7673.5,7719.75,7662.25,7692.75,12:52:00,10:55:00,LOD_FIRST,46.25,11.25,0.60272366,0.14660846,57.5,3,0,7727.25,65,67.25377475,67.09279084,0.68769374,0.16727686,675563,390,0
3502,2026-09-15,7684.25,7687,7643.5,7656,09:30:00,10:53:00,HOD_FIRST,2.75,40.75,0.03578749,0.5303055,43.5,1,0,7692.75,49.25,67.09279084,65.81830578,0.04098801,0.60736779,828833,390,0
3503,2026-09-16,7676.5,7699,7575,7623,11:47:00,15:27:00,HOD_FIRST,22.5,101.5,0.29310233,1.32221716,124,1,0,7656,124,65.81830578,69.97414108,0.34185018,1.54212417,1192525,390,0
3504,2026-09-17,7713.5,7716.25,7680.5,7707.25,09:30:00,10:08:00,HOD_FIRST,2.75,33,0.03565178,0.42782135,35.75,1,0,7623,93.25,69.97414108,71.63670243,0.03930023,0.47160279,894958,390,0
